-- phpMyAdmin SQL Dump
-- version 4.5.1
-- http://www.phpmyadmin.net
--
-- Host: 127.0.0.1
-- Generation Time: Nov 24, 2015 at 10:35 AM
-- Server version: 10.1.8-MariaDB
-- PHP Version: 5.5.30

SET SQL_MODE = "NO_AUTO_VALUE_ON_ZERO";
SET time_zone = "+00:00";


/*!40101 SET @OLD_CHARACTER_SET_CLIENT=@@CHARACTER_SET_CLIENT */;
/*!40101 SET @OLD_CHARACTER_SET_RESULTS=@@CHARACTER_SET_RESULTS */;
/*!40101 SET @OLD_COLLATION_CONNECTION=@@COLLATION_CONNECTION */;
/*!40101 SET NAMES utf8mb4 */;

--
-- Database: `hospital`
--

-- --------------------------------------------------------

--
-- Table structure for table `appointment`
--

CREATE TABLE `appointment` (
  `appt_id` int(11) NOT NULL,
  `appt_reason` varchar(45) NOT NULL,
  `time` time NOT NULL,
  `date` date NOT NULL,
  `r_id` int(11) DEFAULT NULL,
  `d_id` int(11) NOT NULL,
  `p_id` int(11) NOT NULL
) ENGINE=InnoDB DEFAULT CHARSET=latin1;

--
-- Dumping data for table `appointment`
--

INSERT INTO `appointment` (`appt_id`, `appt_reason`, `time`, `date`, `r_id`, `d_id`, `p_id`) VALUES
(1, 'fever', '09:00:00', '2015-11-23', 1, 4, 1),
(6, 'fever', '08:53:00', '2015-11-18', 6, 1, 6),
(7, 'fever', '02:36:00', '2015-11-23', 7, 2, 7),
(8, 'fever', '01:33:00', '2015-11-24', 6, 2, 8),
(9, 'fever', '04:58:00', '2014-11-30', 7, 4, 9),
(10, 'fever', '07:44:00', '2015-04-15', 7, 5, 10),
(11, 'fever', '10:09:00', '2015-10-19', 6, 6, 11),
(12, 'fever', '11:04:00', '2015-09-08', 7, 7, 12),
(13, 'fever', '02:45:00', '2015-01-12', 6, 8, 13),
(14, 'fever', '12:56:00', '2015-06-05', 7, 9, 14),
(15, 'fever', '11:06:00', '2015-10-15', 7, 10, 15),
(16, 'fever', '05:52:00', '2015-07-13', 6, 1, 16),
(17, 'fever', '07:58:00', '2015-06-17', 7, 2, 17),
(18, 'fever', '07:48:00', '2015-01-19', 6, 3, 18),
(19, 'fever', '10:35:00', '2015-07-06', 7, 4, 19),
(20, 'fever', '04:22:00', '2015-08-12', 7, 5, 20),
(21, 'fever', '01:46:00', '2015-01-17', 6, 6, 21),
(22, 'fever', '05:19:00', '2015-07-28', 7, 7, 22),
(23, 'fever', '04:30:00', '2015-03-10', 6, 8, 23),
(24, 'fever', '06:31:00', '2015-08-11', 7, 9, 24),
(25, 'fever', '04:14:00', '2015-09-12', 7, 10, 25),
(26, 'fever', '06:05:00', '2014-10-29', 6, 1, 26),
(27, 'fever', '07:03:00', '2014-11-12', 7, 2, 27),
(28, 'fever', '12:53:00', '2015-09-12', 6, 3, 28),
(29, 'fever', '03:22:00', '2014-09-29', 7, 4, 29),
(30, 'fever', '03:28:00', '2014-11-19', 7, 5, 30),
(31, 'fever', '07:07:00', '2015-07-07', 6, 6, 31),
(32, 'fever', '01:26:00', '2015-03-27', 7, 7, 32),
(33, 'fever', '07:11:00', '2015-04-22', 6, 8, 33),
(34, 'fever', '08:05:00', '2015-07-13', 7, 9, 34),
(35, 'fever', '11:30:00', '2014-12-14', 7, 10, 35),
(36, 'fever', '06:47:00', '2015-06-25', 6, 1, 36),
(37, 'fever', '10:30:00', '2015-05-04', 7, 2, 37),
(38, 'fever', '04:55:00', '2015-06-20', 6, 3, 38),
(39, 'fever', '04:54:00', '2015-08-27', 7, 4, 39),
(40, 'fever', '01:17:00', '2015-02-01', 7, 5, 40),
(41, 'fever', '09:37:00', '2015-09-08', 6, 6, 41),
(42, 'fever', '02:02:00', '2015-02-15', 7, 7, 42),
(43, 'fever', '07:24:00', '2014-11-10', 6, 8, 43),
(44, 'fever', '06:19:00', '2015-04-30', 7, 9, 44),
(45, 'fever', '10:13:00', '2015-01-29', 7, 10, 45),
(46, 'fever', '11:15:00', '2015-02-13', 6, 1, 46),
(47, 'fever', '02:49:00', '2015-02-11', 7, 2, 47),
(48, 'fever', '09:44:00', '2014-11-27', 6, 3, 48),
(49, 'fever', '04:30:00', '2015-04-29', 7, 4, 49),
(50, 'fever', '04:36:00', '2015-07-11', 7, 5, 50),
(51, 'fever', '01:10:00', '2015-04-29', 6, 6, 51),
(52, 'fever', '05:23:00', '2014-11-24', 7, 7, 52),
(53, 'fever', '06:41:00', '2015-05-02', 6, 8, 53),
(54, 'fever', '08:08:00', '2014-12-02', 7, 9, 54),
(55, 'fever', '01:03:00', '2015-07-20', 7, 10, 55),
(56, 'fever', '09:48:00', '2015-02-23', 6, 1, 56),
(57, 'fever', '06:21:00', '2015-02-16', 7, 2, 57),
(58, 'fever', '03:10:00', '2015-03-27', 6, 3, 58),
(59, 'fever', '10:25:00', '2015-03-13', 7, 4, 59),
(60, 'fever', '09:19:00', '2015-10-01', 7, 5, 66),
(61, 'fever', '09:08:00', '2014-10-25', 6, 6, 61),
(62, 'fever', '01:35:00', '2015-05-24', 7, 7, 62),
(63, 'fever', '11:30:00', '2015-08-12', 6, 8, 63),
(64, 'fever', '06:26:00', '2014-10-16', 7, 9, 64),
(65, 'fever', '03:58:00', '2015-08-24', 7, 10, 65),
(66, 'fever', '03:51:00', '2015-09-30', 6, 1, 66),
(67, 'fever', '03:00:00', '2015-05-20', 7, 2, 67),
(68, 'fever', '03:14:00', '2015-01-06', 6, 3, 68),
(69, 'fever', '05:35:00', '2015-01-29', 7, 4, 69),
(70, 'fever', '12:50:00', '2015-09-01', 7, 5, 70),
(71, 'fever', '02:41:00', '2014-11-05', 6, 6, 71),
(72, 'fever', '12:24:00', '2015-01-30', 7, 7, 72),
(73, 'fever', '04:09:00', '2015-06-14', 6, 8, 73),
(74, 'fever', '05:25:00', '2015-04-13', 7, 9, 74),
(75, 'fever', '05:44:00', '2014-12-07', 7, 10, 75),
(76, 'fever', '11:26:00', '2015-08-05', 6, 1, 76),
(77, 'fever', '02:33:00', '2015-09-04', 7, 2, 77),
(78, 'fever', '05:59:00', '2015-06-27', 6, 3, 78),
(79, 'fever', '07:56:00', '2015-04-08', 7, 4, 79),
(80, 'fever', '09:50:00', '2015-02-15', 7, 5, 80),
(81, 'fever', '09:01:00', '2015-05-03', 6, 6, 81),
(82, 'fever', '05:36:00', '2015-02-16', 7, 7, 82),
(83, 'fever', '10:52:00', '2014-12-17', 6, 8, 83),
(84, 'fever', '05:49:00', '2015-08-15', 7, 9, 84),
(85, 'fever', '04:10:00', '2015-04-07', 7, 10, 85),
(86, 'fever', '11:28:00', '2015-07-27', 6, 1, 86),
(87, 'fever', '12:03:00', '2014-10-20', 7, 2, 87),
(88, 'fever', '12:43:00', '2015-01-01', 6, 3, 88),
(89, 'fever', '06:09:00', '2015-05-06', 7, 4, 89),
(90, 'fever', '01:57:00', '2014-11-21', 7, 5, 90),
(91, 'fever', '10:03:00', '2015-03-16', 6, 6, 91),
(92, 'fever', '01:30:00', '2014-10-18', 7, 7, 92),
(93, 'fever', '08:08:00', '2014-12-12', 6, 8, 93),
(94, 'fever', '07:27:00', '2015-03-18', 7, 9, 94),
(95, 'fever', '04:01:00', '2014-11-27', 7, 10, 95),
(96, 'fever', '06:58:00', '2015-05-21', 6, 1, 96),
(97, 'fever', '10:52:00', '2015-01-14', 7, 2, 97),
(98, 'fever', '05:52:00', '2015-05-20', 6, 3, 98),
(99, 'fever', '07:11:00', '2014-11-15', 7, 4, 99),
(100, 'fever', '08:26:00', '2015-03-06', 7, 5, 100),
(101, 'Eye Pain', '11:00:00', '2015-11-24', 1, 1, 3),
(102, 'Stomach Ache', '10:00:00', '2015-11-24', NULL, 5, 3);

-- --------------------------------------------------------

--
-- Table structure for table `bill`
--

CREATE TABLE `bill` (
  `bill_id` int(11) NOT NULL,
  `operation_fees` float DEFAULT NULL,
  `doctor_fees` float NOT NULL,
  `lab_fees` float DEFAULT NULL,
  `other_fees` float DEFAULT NULL,
  `r_id` int(11) NOT NULL,
  `p_id` int(11) NOT NULL
) ENGINE=InnoDB DEFAULT CHARSET=latin1;

--
-- Dumping data for table `bill`
--

INSERT INTO `bill` (`bill_id`, `operation_fees`, `doctor_fees`, `lab_fees`, `other_fees`, `r_id`, `p_id`) VALUES
(1, NULL, 200, 100, NULL, 3, 1),
(2, NULL, 200, NULL, NULL, 4, 2);

-- --------------------------------------------------------

--
-- Table structure for table `checkup_details`
--

CREATE TABLE `checkup_details` (
  `checkup_id` int(11) NOT NULL,
  `date` date NOT NULL,
  `prescription` varchar(45) NOT NULL,
  `d_id` int(11) NOT NULL,
  `p_id` int(11) NOT NULL
) ENGINE=InnoDB DEFAULT CHARSET=latin1;

--
-- Dumping data for table `checkup_details`
--

INSERT INTO `checkup_details` (`checkup_id`, `date`, `prescription`, `d_id`, `p_id`) VALUES
(1, '2015-09-16', 'fever', 1, 1),
(2, '2015-09-08', 'dengue', 2, 2),
(3, '2015-09-16', 'malaria', 3, 3),
(4, '2015-09-18', 'fever', 4, 4);

-- --------------------------------------------------------

--
-- Table structure for table `department`
--

CREATE TABLE `department` (
  `dept_id` int(11) NOT NULL,
  `dept_name` varchar(45) NOT NULL,
  `no_of_doctors` int(11) NOT NULL,
  `dept_desc` varchar(250) NOT NULL
) ENGINE=InnoDB DEFAULT CHARSET=latin1;

--
-- Dumping data for table `department`
--

INSERT INTO `department` (`dept_id`, `dept_name`, `no_of_doctors`, `dept_desc`) VALUES
(1, 'General', 2, 'All diseases are checked'),
(2, 'Ophthalmologist', 2, 'An ophthalmologist is a specialist in medical and surgical eye problems.'),
(3, 'ENT', 2, 'Specializes in Ear,Nose and Throat'),
(4, 'Dental', 2, 'Tooth Problems'),
(5, 'Gynecologist', 2, 'Deals with female reproductive systems');

-- --------------------------------------------------------

--
-- Table structure for table `doctor`
--

CREATE TABLE `doctor` (
  `d_id` int(11) NOT NULL,
  `d_name` varchar(45) NOT NULL,
  `d_phone` int(10) NOT NULL,
  `dept_id` int(11) NOT NULL,
  `doctor_fees` int(11) NOT NULL,
  `emailid` varchar(200) NOT NULL,
  `password` varchar(200) NOT NULL,
  `salary` varchar(200) NOT NULL,
  `Address` varchar(200) NOT NULL,
  `profilepic` blob NOT NULL
) ENGINE=InnoDB DEFAULT CHARSET=latin1;

--
-- Dumping data for table `doctor`
--

INSERT INTO `doctor` (`d_id`, `d_name`, `d_phone`, `dept_id`, `doctor_fees`, `emailid`, `password`, `salary`, `Address`, `profilepic`) VALUES
(1, 'Meera Harry', 889773200, 1, 200, 'harry@gmail.com', '889773200', '220000', '', ''),
(2, 'James Watson', 889783206, 2, 300, 'watson@gmail.com', '234567', '20000', '', 0xffd8ffe000104a46494600010101004800480000ffdb0043000503040404030504040405050506070c08070707070f0b0b090c110f1212110f111113161c1713141a1511111821181a1d1d1f1f1f13172224221e241c1e1f1effdb0043010505050706070e08080e1e1411141e1e1e1e1e1e1e1e1e1e1e1e1e1e1e1e1e1e1e1e1e1e1e1e1e1e1e1e1e1e1e1e1e1e1e1e1e1e1e1e1e1e1e1e1e1e1e1e1e1effc000110800c800c803011100021101031101ffc4001f0000010501010101010100000000000000000102030405060708090a0bffc400b5100002010303020403050504040000017d01020300041105122131410613516107227114328191a1082342b1c11552d1f02433627282090a161718191a25262728292a3435363738393a434445464748494a535455565758595a636465666768696a737475767778797a838485868788898a92939495969798999aa2a3a4a5a6a7a8a9aab2b3b4b5b6b7b8b9bac2c3c4c5c6c7c8c9cad2d3d4d5d6d7d8d9dae1e2e3e4e5e6e7e8e9eaf1f2f3f4f5f6f7f8f9faffc4001f0100030101010101010101010000000000000102030405060708090a0bffc400b51100020102040403040705040400010277000102031104052131061241510761711322328108144291a1b1c109233352f0156272d10a162434e125f11718191a262728292a35363738393a434445464748494a535455565758595a636465666768696a737475767778797a82838485868788898a92939495969798999aa2a3a4a5a6a7a8a9aab2b3b4b5b6b7b8b9bac2c3c4c5c6c7c8c9cad2d3d4d5d6d7d8d9dae2e3e4e5e6e7e8e9eaf2f3f4f5f6f7f8f9faffda000c03010002110311003f00fb2a800a002800a002800a002800a002800a0028028eb5abe9ba2d91bdd56fa0b3b7040324cfb5726a65251d59518b93b23c4be2d7ed23a2f85f516d23c2fa53f89afe36db33c12e6084e01e4ae49ebdab196212d8e88615cadcc737e1dfda47c4baa911cde16f21c72cd158cb2a81ee37822b91e2e7e475fd469adee77fe14f8d16b25d0b7f145ac3608f8d9750f99b3fe048cb951ee09ad618d4fe24635702e2af0d4f59b1bbb6beb48eeece78e7b79543472c6c19581ee08aed4d357470b4d3b327a620a002800a002800a002800a006118acdab9487d68485001400500140050014005001400500731f127c67a77823c3afaadf234cec7cb82043f34afe9ec3d4d635ebc68c6ecda8d1955972a3e42f8cde35f1578a6659f52b46361732793676111c3c8e7048c750a01c1cf3dce38af1ea57751ddbb5bf03ddc3e11463cb057652d174f3a7450417567fd9b0ed04a22c6ebf4caf24f6e735c6b1509b7667a53c0ce2b63bbd0c785a3b626eaf4dbb7f736b1e3d7e7c8cd6caac59cb2c3d4be88a7aaeb3e078ee7f717579a8cf9daaaac8a0ffc0b200154a69ec43c3d45ba22d2fc4de2ed2679bfb16ee2d2a1047970db82153ea0f07df39154abca3f0e8653c3425f16a7a97c19f8e3fdb1ac7fc229e37fb3e9fab9c2da5d32f951ddb7f771d15fb8e707b57a587c5736933cbc4e0f917340f75aee3802800a002800a002800a00423352c05aa00a002800a002800a002800a002801acc14649c0a00f913f681f16dc7893549514c8d62932dbdb05cfcccc70aaa07393cb13e83d80af0f1151d4937d11efe0f0fc91515bb363c29e15b6b475bfbc2935f98f62b01c429fdd5cf73d493c93f415e155ab2a9b9f514611a51b23a26d0ecee89f3215fae2b154cddd4e528cfe0dd2803fe8d196ceee529c9340aadfa1ceea5e0cb391cb20117aece335846738b367184d6c729acf846f2df1369d7d342d137c818e40f6e7fa574431934f5d4c2785a725b1c778d7ed6d776f1ea0cf15fc8fb2dee7276b1eab1b1fcc06fa03eb5ebe16a2ab7b743c3c5e1fd8b4d6ccfaabf65bf890de32f081d23549c3eb9a4a88e7ce43491e485620f4618c1fc0f7af730b3728d9f43e67194942775b33d96ba8e40a002800a002800a002935700a60140050014005001400500140050079e7c77f11cda278560b0b2602f357b8fb221eea9b4b48c3f018fc6b971751c2165d4eac253539ddec8f9f26b337be27d28ca98b6b7437283181b8fcaac7df6827f115f3d8c9350b773eab2e4b99cbb1e8f6a9e72f3ca700ffb55e72573d67a1d458c11f9203b8dddf8aeca7056d4f3aa5495c65ea2050323273533562a0f539ebf8a3c060707deb8e7147a109b6739aca12839c819ac2c6fcc79afc49b55bcd026180b3424491363a32f22bb70d53d9d44ce6af4d4e9b8b373e065e45a4fed07e1fbe8418adfc4365342e171b7798f7ed3e84328fe75f4b8695a47c66357b963ecbaf4cf245a002800a002800a002800a002800a002800a002800a002800a00f99ff006aff0011cb1f8f7c39a05a7263b49279d873e5891b681ec5829e7d0579d8dd5af23d2c02b45f999f75878ed9838475505d9470c780a3f435e36397b973e832f7ef9d568a5120552a4be3ae6bce8bb23d79c6ece8acddc21e08ad93b1c5288c98f99295c6286ee5a564676ad6ed1af4382715954834ce8a734d1cb6af1c68adb89e3d0e6b9a5a1d3077380f13849e192d541627f5ad29abc88adeec6e54f015e7f667c62f0cd9dc90d690dec0626e9b5c640ebd321883eb8afa4a3a4933e4714ef07e87dc55ed9e00b4005001400500140050014005001400500140050014005001401f2e7c7dd30c1f19ae359b87536bfd9f0b1dcd8587008dc7f2e07bfbd79d89579b47a58476819fa49176d0a2b1da32c771e3b601f7af171af448fa3c045c6f236b54f15e99a484da0c807dfd9d7db8af39bb9eaaa6dee58d17e267862fae059c377b6e3a6c6ea2b65271d5ad0c2546fd4ea06b367e43cdb55c818c8e95a2a914aeccd5193764cc4f1078af4bb4899e6ba54441c0cf7ac1cf9b6378d2e557671575e2ed175383cbb6b9573237de5c60ff005ac674ddb53a6125d0e7bc4f1f9324773048023739c7b62b4a11d6e6388937168e656f5a6d64c31e1ae1e459ad9f186dc0eee0fa83c8af7627cc5557d0fbe6c1a47b281e6c798d1a97fae067f5af756c7cef527a6014005001400500140050014005001400500140050014009401f1f7c5eb9d42e35df1adb6a2b118ed75326de5008668c61b630ce081bb8f5af9d9578ac44e1e67d7cb08bea94aa2ec83c2b197f0ec6e64c497059981ed935e6579f3499e950a7c90467cfa7f8d167787c271e92265c6fbbbf8fcf919bfd84c61547e35be16345eb3d48c53abcb68bb3f3b9c7eb1e0af1dddea4b75afea5a7cd7cf21e561584a0ec41014e47a7a57555ab421a41333c2d3c438dea493f43d77c176375a67c3f9adb52bb9a7bb883ef7dc083e9838e95e4cda776968772bca4ac7cff73a078afc53793cce9717110deea1a4d88719da84f6271c0c7d48af630f3a508a51fbce3c546a497976ee53d3f49d634db82f2e8b77a54b1b011c865dcaf9fef2e4e3ea381578be46be3e630c0caac9be7a7cafe7afde7a25acd73369935adcefddb7ab9076f1d335e32f74f4e7a9cefc3e115dbc06663e6db390edd1485e793db815ed37647cece0dcb951fa05a24ed73a459dc3c5e4b4b6f1b98f39d995071f857b74e5cd14cf9b9c7964e3d8bb564850014005001400500140050014005001400500140050025007cc9fb45786a55f1a35d5abb456f79e5cd385ea4e304fb838e86be57328fb1c5395b73eef259ac465fc92de374737e126b810db58cc002836e40ea7d6bcbadf1b3d1a0938247a65be9d6d7964d1dec21b3808ca7040fa8e457453d16a8e6aaf965ee99771e13f0fe8d1bdcdad92fda0ff00cb5918c8df9b13575745a0e9d49d4766cafa8432a784ae6603fd63ff004ae7e57cb73a6325cf6389f07d9b992416d27913a0fbc00a88d46b42a7056b9d05df859a5b6136a378b3a9e4aac6b1e7d8e073f8d68e6d2328a4de8713a9db456332410676b3103273c1ac237b9b4a2ac735f0ff004bfedaf18c7e0dd32364bfbabb559198f0a8195e43f82035edc2339b8ae8cf21f2508ceb4ba7f48fd0050028000007415f4c7c30b4005001400500140050014005001400500140050014005001401e7df18b4f81ad2cb547505a366b7627a6d71919fc471f5af1738a6942353b69f79f4190546ea4a97757fb8f9de19ce9b7cc59b1b64da3db15f375773eba82d0eb67f881a7e87a1bddddb021470a4f26b4a3377e54aec2a6194ddef639a7f17eb577a64de2ad5e1f234d55cc16318dd2043ff2d1877c7a5747b26da4ddd99fb893b17f54f893a0b785c428c558421f793918354d49a51b1118a5372bee70fe19f165ad96aa2fad6459ec0e3ce6cffab24f5c57354a3283db53ae32528687aadfeb7633e9ab730c824464047be6b26ee28d2923cdf5bb9f3f5189c740c0d105ef11517ba7a2fec93e03597c43abfc46bf197918db580dbf28040dedf5030bf89afa5cae3cf1e6e88f97cfab2a69508eef57fa2fd4fa62bd93e642800a002800a002800a002800a002800a002800a002800a002802a6aba7da6a7632d95f4093dbcab8746e87fc3eb51529c6a45c64ae8ba55274a6a707668f92fe2ce97169be3ad4b4bb68c456f1dc7ee9064ed5201039fad7c7e3e9aa759c56c7df6575655b0f19cb76796f8c6d6f60f124067b69ef2d20413189416f947278ee7dab4c1b5cae3d59d3896d24fa23b7d13e20784f5ed19a358750f2910239fb1b944cf0391c75ae8a986a907668e3c3e2a95657848e17c49e1bf0d49762eec35e48a393e730e4af5f634a35e518dad736784727724b17d1b4ab362352b4978c13bc0fd3358ce33a92d8d6528d38eac8bc2de2ab8324d6309924b043fba3d420f4cfa546270dc8949e8fa9586c473dfaa3acf0c69f7fe28d7a2d2b4fd86f2e4948b79c286c1c127b0ac68519549a84776462ebc28c39e7b23ec1f857e1a6f08f8174dd06595659add0b4cca7e5decc5980f604e2beb70741d0a2a0f73e1330c57d6f112aab667515d471050014005001400500140050014005001400500140050014005001401f317ed3369269ff0010a3bec7eeef6d12453fed27cac3f45fcebe6737a76ac9f73ec387eade838f66735127f686a1a7de44bb488586e1d7b62bcb8bd4f75ec4fa11d5b459eee1f0ddc68da735c4fe74b05e5a9782490e7240565299ea719191c6326bd8a38db2b4cf3f159450ae94a178bf2ff22f78a35df134d6f20bff00875e11bc7291209d355051950e71b7cbdd8eb819e33debade2a935ef23cd8e4d5af6a7534f9afd0f1ff18686fe22d42dee757d334ad363b60c05be9e0ed932c5be66207a81803b572d4c7c69ff000f73b69e491d3eb12e6b74376cb4bb2d27c28a3cb58e5762d8518c0ec2bc8ab2756577b9ea53b41592d0f57fd937c38d77aede789654221b3431c391c798e31c7d173f98af6328a37a8ea763e773fc4f2d3545753e99afa03e542800a002800a002800a002800a002800a002800a002800a002800a002803e6ff00daaef6d6e75bd2ade23be5b5b672f8f476ff00ec0d7879c2f7a2baea7d3f0f6919cbcd1c37c32bb462f6b3382d10c2e4f635e1f2fbc7d34b589b5e22f0f5d5db192d5b24f38f4ff1ab43854e5471979a06b22628c9328031b54d368da352e8bba668174a1ae2f11d6287a86fe23e95937721cac72fe2d9dae7558ed63625141cfb0a7044495cfb2fe0c787d7c35f0ef4bd3ca813bc22e2723fbee338fc0607e15f5d83a5eca8a5f33f3ecc2bfb7c44a5d363b2aea3882800a002800a002800a002800a002800a002800a002800a002802adedfda5947baea658f3d07527f0a693606159eb72de5d5cdefcf069964858f1cc8d8e33fe1f4ab953716975239ba9e23fb4be853dbeafa7f88214636f35b1b49bd12456675cffbc1dbfef9af1738a6db84fa6c7d270fd58a53a7d774788e93a9cda3ebd15dc6c76838907b7ad790e08fa2e73d874cf1869b246ac64c8c7af4acb54ecce88c7995d125e788b4a5476130ff003ef48a8d26723e21f15c33406382401064939fd6a12b8e7a2393f0a59ff6af896d2390106f2ea38901fe14dc07eb5bd1873d58c7cce3c4d6f674653ec8fabfc1fe39b6b1f0fd90d641860597eccd704e444d9f943fb1c1e7b715f5b156d11f013ee7a3c5224b1ac91baba30cab29c823d455103a800a002800a002800a002800a002800a002800a002800a00cbf116a834db4ca60ccff701edef570839b264ec72f77a35c7f64cbaaea33bb4efb4a267eee4f527b9f6e95b426afca88b686ef84ed562f0ca1206e9b73b67d738fe959d56f9cb8ec55f1568b65af69373a4ea31f996b70a4301d57b875f4653822a6ad18d68384d68cba35e742a2a90dd1f237c4ff016abe11be36b79b658db26dae501db30fe8dea3f1e6be771185961debaaee7d8e0f1d4f170bc7492e9fd743ce6592fadc62299a16e837746ac7dd91d29ca1b0fb29353b8223b9762a3bee3594d46fa2378549f566b459546cf11a1c63d4d73b7734d4f4ff817e1fb8bad557c437d062da01fe860ff001bf77c7a01d3dc8af732cc135fbe9fcbfccf9cceb1e9ff00b3d37ebfe47a7e9fe1c7d73c11aae93f6968da7bb95e3948c952252cbf974fa57acdf24ee7cfdaf12bfc2df176a7e12d664f0a789589b747daac4e7cb27eeba9fee37e86b69c54973448ea7ba413c532e637561f5ac4096800a002800a002800a002800a002800a002800a00280392b951a9f8a9613cc71be48edb57ff00af5d11f729b9196ecdbf13217d12e401c850df9106b1a6fde45cb62b7841c49a39889ff56ecbf855d5f8823b12ca32dbb38fc3a7bff9ed9aa4ccccaf11e81a66bfa549a66ab649756d27589cf231fdd3d5597aa91cd4ce2aa2e596c5d2a92a535383d51f2f7c4ef8637be12134f72cfaae8ecd98af0261a207eeac80719ff687522bc0c660a547de8ea8faccbf31862bdd9e923c60dc59e9da9b14bc96389012d1be70a3f1e2b9392738ec7a6dc69bbdcf4df861e0bd63c4d770eabac69f25968800305bc99596ec9fbb91d554f5e79c76e735eae13298a4a550f0f1b9db7ee515f33e83b1863b2b555891638e35c22aae0051d38edd0fe18af65a5d0f9d6dbdce93c096de5f852ce53d654f34ff00c0896feb5cd53e36691d8e2be2be8c65b88f5844cb43f24bef19ff000adb0f2e84cced7e1ede1bdf0fc39726684796e7d71d0fe55152366099d7c173228c31dc07ad669580b91cc8fd0e0fa1a604940050014005001400500140050014005004724a121790f4552c7f014750398f06a99f50babb272551573eedc9ae8aef448ce0ce9ee2259a1789ba3a953f88ae7ea68737e0590a9bbb76ea0ab7f435b56e8440d185bcd46f9590a3b46430f4240fc3fa114100bf28fbc79c107b8f43f51d0d3606778a24b08f48986a16e93c12ab45f66700898b0e62c1e39eb4e10737641cdcba9f2f43e16d1f42f1adbebb73e1dd36eed63ba324f685246454dc48312b39559178c1230707819aec8653462ef4f465cf32af563cb395d1f40aa59dd5a4779692c734328de92a747c8cb30fa0c28fcab069a766669dccfd76377d32648c61dd0a8c7bf181fcbf0a705a836775a469ff0062f0ed8d9edda60b64465f421466b826ef26ce98ec52d474b8750b19ade64ca4a851bd8114e378b096c711f0be77b1d566d2ee090f968597fdb43fd4575d657d4ca07a8c632b9ee6b90b24f2fde801e933a7def987bd00588d83a861d0d003a800a002800a0028013be2801680229dbe648ffbc79fa0a00a3e289bc8d0ae9b382ca107fc08815a52579a44cb630bc1d2ca3473f6440f2dc4cef93d140381fcaaf10fdeb76153f84d596faef4a8d65d437dc42cd8791100f2fdf03a8ac0b313c11770dceb977e4b875d85811d0a973835ad4d92262ac74b78ab0dd0c29293025801d4f1fd3f95286a8532270571800e7a7fb5c74fc47eb5495ccdbb1f197c75f8c7a8ea9f18eded740bbb85d0f41636f1491e765d4d902491bd470107b03eb5eae069b8b6a6b722a59ad0f48d56f2df51d12df5744cc7730873cff17715d695b439887e0978d964f186a1e01ba90645aa5fe9e5b8e493e6c63ff1d93fefaae0c4abcaf63a60ac8f69d26c56e7558108dc887cc6c8ecbc8ffd97f5ae39c9c62da344ae76b300636cfa5721b15ed6206119e2a514d9e6fe266d3fc33e359ae6e2ca790ea6219eda68d3223910ec9549cf19521bdf9ad9294d6843767a9dfd9b8c8f43d0d4b5719757e504f5a90228fe6623b50040d335bccb83f277a0691a4ac19430e41e450216800a0028020762976809c87040fa8a0098d002d00568be7bd91bb2a8514da039cf89f7c967a1c2ac70659f00e71d14b7f415b61fe3b913d8adf0ce37b88aeb502596dd08b5b58ff84227de6fab3724fb0ace6eeee5256468fc4d7bf87c01aedce94506a16fa7cf3daef195f3123665cfe55033c8ff0064e9fc7f717bafaf8e6c12c8dbc5691dac655779063dccc597820ee53ec491daa9c9b03ddf528bcdb3914750a48f7e2883b4909ad0f3df8b5abde5af82a6b0d219bfb5753ff44b529d537a92d27b6d5c907d48aeca50bceefa1848e2bc07f09b45b5d026b3d46c6397ceb4f9b70cf50a49fcc576baf256b77ff33271dcf3e8b538344b6baf05c905f4d38babafb17936ed22b4513ed66c8e98e2baaa3e6e57d6c425b93fc3ff000e09f5aff84aec63df7d679f289054b6d00321cf405491f8d615249e8cd53d0fa5bc17247742e2ea33b946d4071d323711fad79588d2c8da9f53a32011835cc6a40d776b0bf952dcc48ffdd6600feb401cc7c4dd3e2d53c386e6164926b27f3d76b03f2e30c3f239fc2ae9cad2b09a24f0a5e7db344b59c9cb6c0adf51c1fe54dab31f43a32f98f38a86ac0476832cdf5a40676a93ab5d790a012a371349ab8d3b16fc3f399ac42b7de4e3f0ed427706ac695310500231c0cd0056d4384490754606a9013920a2b0e9c5480e638527d2802b69ea444ce7f8d89aa60799fed17e02b2f19e9fe1fbbd42fde1b7d1b50372d6c0fcb7598c858febb82fe1b877a903b2d234fd4b4cd06cad3496b4e0664371b8800f2318a6ddc0ade28b2d5df41b9179ab06f382c0628610ab891d50e49c9c618d202ff8155db43fb64d1b472ddcf2cecac3950646d8bf82ed1f85006ed0062dc58dacba86e9e0479212af1b11ca8391c574466f9343192b339ef1beae343d1d7eceaad7d7486dad109e3cce46e3fecaf53f80ef5d587a7ed25e4b53393e547cc3a2dc9d43e335f2c4ccf6961a6bdb412b73e6bf981a67f72589af55c1c5a6629e8d1e9ff0b6e522d66ef4d66c96579221ea31cff4ae5af0b6a8b84ae8f7bd0a08e0b0fdda85123990e07526bc7ad2bc8eb8ab2342b228c9f116876bac5baaca36ca9f71c751ec7da81a67cfbf17fc2da8e9dab69fa8dbdccc214b80922a390086e39c1aebc2b57d8ce7b1e99f0c6e31a7b5b31ce30ca7d8f5fd4545556638bb9df42731563228740db437152073aacd36af7e73f7488c1fc32681a572c787a7115f888fdd90151f51c8a94ec3674d54485004172d878d07ae69a5701d72a1a220f434d015ed5c9b5d8c794a4d5809af58adb391dc6284ae0490a048954761480e7be22c5e6f869cee03cb9524e7d8d026ec6fdb67ecf1e460ec1fca8198fe2f94ac5630769ae8163ec8acff00cd45006bd9208ed22418c041d3e94013500676afb608c5d607cb8563edb863f5fe75a52d5d889ad0f10f1b6ad2ea7e24bc9965fdcc22482d319da003cb7b927f90af730f4f922a271cdb936705e0dd13ecb6da66a11a8127973aca71d73216aea9bb9115d0d2d1efbfb3bc6fa65c2b64497021603b893e4fea2b3a91bc1dc29bf78faa2141144918248450b9fa57ccb77773d21f401cbebde212b20b7b3c15ce1e4cf5f615372ac733f10516fbc2972c541648b7afb1520ff435d145fbc44d59181e01be115fc233f2b7c99fa8c8fe55d15a3a11167ad58c81e004571b342456db9e2a40e65a4ff89bdc2038cbe49fc281b229e636b751cc3f8250d52c69dcee55832861d08c8aa245a00cd9e47669248cf1bb03e82a90162d26f3e0cf71c1a1814c3796f2276c6686ae05bb939813dc8a2205ba9031bc63109f43920271e63aae7ea68264695836fb281ffbd1a9fd2828c3f140f335ed1a127e53e7b11ebf2aaffece6a96cc3a966de3bed3a7222ccf647fe599fbf1ff00bbeded5206b412c7346248d8329ef4011ea36ab796535ab9da254299f4c8ebf875a69b4ee26ae7cd1a8b3da5d9b5b80cb35b4862972dd194e1bf3feb5f4509269491c4d74249350b2b7d2c5a5b90cec4903fbb9ad546e62dd8a5e06b5fed4f899e1fb66f9905e099fb64460bff003029e2e5cb879bf2fcc7495ea23ea596448a2324ae111464935f2c7a671daceb536a731b2b20d1c19c16eee3fa0a96ee5256244d2c028a464eda2c31badd82be9b240df75d597f318ad20ecc96ee78ce897bf6170b249b1e2e3fe048dffd6aefa8d72dcc629dcf72f0c5e25d59f98a72aea181f62335c5257352f34a4923d2b303936948d76e41fef0fe540dbb8fd6462006a58d1d6f85ee7ed5a2c0f9cb28d87f0ffeb629a626ac5ebd97c8b5925feeaf1f5a6233ed7e5b55ef9e6ac08f4c90a5ccb177ce45003b50216504f7140164b068633e8452405c43f391ed9a90327c5afb2c6dc7f7aea31fccff004a097d0bda41ce956a7d615fe541463f8848ff0084a34607af97391ff7d43fe34d6c06fc3f7290152eeda589daeac8e25eae87eec9f5f7f7a005d3753b7be2f1ae639e3fbf13fde1efee3de803c47e39e93fd9be2e5bf40443aac5bb3dbce401587e2369fcebd8c054e6a7cafa1cb5959dce0d225806e1f31c73db15e9c6e734cec3e02da097c7973aa4a7f776365236ec742c42e3eb8cd72e6d3e5a2a3dd97858de773d4ef3529b54bd68c8d90a9c2aff0053ef5f36ddcf492b17346d39639cbe39cd341235a78c2cebcfb50c2252d7d5840a554b73f955127846a1a5d9c7e3fb982f7edad6f3dc97823b5dbbda591788fe63ddb3e83af35ace5ee81e9ff0e2ea336290224912a2054495d598003b95241fc0d427757636ac753372d52238e91ffe2a4b8e3baff2aa436ac5ed74e2d50566c68bff000eef326e6cdbb8122ff23fd2840cdbf12cc443140bc176dc7f0e95695c9053fbb41ed54054958c77aaf9ebd6802cea07ccb262bd539a009617df6686802f6eff00484e3aad4a4063f8d1c25bd883fc572dfa4329fe948997434f453ff129b5ff00ae4bfca828c2f131ff008ac3430383e45cff00e8cb7a7f640e92dbfd5d2025a00c5d534949655ba858c5708db95d7ad0071bf1c6d46a9f0e26d44c605d69122dd11e8070ff00815627f0aebc154e5aa97722a46e8f0e594cd1798a7231e9dff2afa38a3cf99e9ff042dcc5a2ea57cc0917570b12607de58c1c9fcdbf4af1b399ae78c7b1d5828fbad9de585a98e72e4719af211d874568a146477aa2642defde5fad034677892f3ec7a44d30032178cf6cf14127c8be33d035cd6fe21ebd67abea1a8da6829a92bdcdc4376bb6cd63559444ccfc2367611f5cf34f9b9a36636ac797f8b35bb8b6f13b4de03f145cc965e0e8fed3a6cb238123ab4f9918ed3872a64556ecca0f6a9bd902573ee2f0378b60f17781b46f13dba2a2ea168933a03f71f1875fc1830a62325aed13c4f752cad845da4fe5551d86ddcd3d5e78ee2cd2589b729ef512771a2b786ef7ec3adda484e0336c7fa1e2a46755a8dc7da3549b072a8420fc3ffaf9ad5105b69156304f6a6055be6f991b1c1a00952702ddc372369a009b4d93769cbec280341dcee8081d5692560390f8a3ae5969d26856d34b19b9bbbc78e183cc01db30ba9703aed52c327a0c8f5a4d584d3664fc5ff1a5df863e0c35f7871e3b8d7afe14b4d16143bde79e4c0cc60677155dcfe9f2f3486786fec77a2f8f07c43d526f16ea1abb25859f9b2da5f4eef243713b038903f2b21440c57a80ca4804d007d7b667298a00b1400c94065c1a00e7b5ab7b39a39ed6e37b477903c132ec62ac8c3079c601e73551ba77407ca71c773657573a4cec7ccb299ade41ea5495cfe9fad7d5d1929a52479b5159d8f7df867646d3c15a629ce6e10cff008bb138fc80af9accaa73e25f9687a3855cb4cef208805f985739772c43f29a04ddc6de9cb27d681a323c4d6c6fb45bab60483244c011d8e3834048f8c3e2568bae6a97dad4fa85ddd5f692f711dd49a679ccbb66442872bdc0fcc020f4cd249a9d87a5ae61d97c3fb3f1069368b0d8359cbf6755592d136e73c92c0e77673820f1c718ad5d3b12d9f4d7c13d2ffe118f86fa7682cf23ada0650ce305b2c589c76e49ac9bb0d2b106b9700788a58c1fbeeb91f80ab8a067537ac3ec5028f614a4ae08c7ba722eb2a48d9598ced2d4e183773d6b620d26ff00558a006ddaeeb7eb822802a990b44df4a00b5a149bac31ed401adbbf710363a362803cc7e39fc3cd43c51a8e87e2bf0e6a0961e21d08c820794168a589f96461db9190707e86934981e57a549af5978a6d46b3792e977d6d0b5b5a5fbda2dcc5668c72c2d5061226cf5660c4f1d80013562923da7c0b6fa1786f441a7680279ccd234f75753b979aea66e5a5918f2cc6912773a5cae541618a00d453919a006939a00826dbfc40123a5007c7bf19efbec3f1a7c496c85553cd8a420719260427fcff0091f4996bbd048e1c42bc8fa6bc15108bc33a3439cf976107e6501feb5f3f887cd5a6fccefa6ad0474698ee6b310ee3b0a49dc0a77f26d9611ee7f950dd8a89916fe22d0afb57bcd12d356b39f53b38c4973691ca0cb129e8ccbd81feb4c9388f14f8334fd56e27996dd0bdc0db32b2e55fdc8f5aa4ee06df83fc1d69a5d82c662450a31d0536c09359b68229576be11780178e6b19345a4791ea9a879de3d9211d04aa3f415b53d84cf44bb70b6c841e94a408c4bf9485c81cb56433ffd9),
(3, 'Steven', 402895362, 2, 200, 'steven@gmail.com', '123456', '30000', '', ''),
(4, 'James Mill', 408322673, 5, 300, 'james@gmail.com', '234567', '30000', '', ''),
(5, 'Susan', 408255674, 4, 200, 'susan@gmail.com', '10899', '30000', '', ''),
(6, 'Jessica', 408165675, 2, 300, 'jessica@gmail.com', '122345', '30000', '', ''),
(7, 'Billy', 408253676, 3, 200, 'billy@gmail.com', '123356', '30000', '', ''),
(8, 'Kathryn', 408253677, 5, 300, 'kathryn@gmail.com', '123356', '30000', '', ''),
(9, 'Kimberly', 408569683, 4, 200, '', '122256', '30000', '', ''),
(10, 'Cynthia', 486526934, 1, 300, 'cynthia@gmail.com', '1333456', '30000', '', '');

-- --------------------------------------------------------

--
-- Table structure for table `employee`
--

CREATE TABLE `employee` (
  `EID` int(11) NOT NULL,
  `Address` varchar(100) NOT NULL,
  `Name` varchar(255) NOT NULL,
  `Email` varchar(255) NOT NULL,
  `Salary` float NOT NULL,
  `Type` varchar(255) NOT NULL
) ENGINE=InnoDB DEFAULT CHARSET=latin1;

--
-- Dumping data for table `employee`
--

INSERT INTO `employee` (`EID`, `Address`, `Name`, `Email`, `Salary`, `Type`) VALUES
(0, 'San jose', 'Kil Mil', 'kilmil', 123456, 'Nurse'),
(1, 'Lucreta Avenue. San Jose', 'Jim Lok', 'jim.lok@gmail.com', 10000, 'Lab Technician'),
(2, 'Lok avenue, San Jose', 'Harry Li', 'harry.li@gmail.com', 10000, 'Lab Technician'),
(3, 'San Mateo, California', 'Kim Lok', 'me@gmail.com', 20000, 'Receptionist'),
(4, 'San Deigo, California', 'Jill Re', 'hi@gmail.com', 20000, 'Receptionist'),
(5, 'San Mateo, California', 'joim Lok', 'me@gmail.com', 20000, 'Receptionist'),
(6, 'San Deigo, California', 'Jillki Re', 'hi@gmail.com', 20000, 'Receptionist'),
(7, 'San Deigo, California', 'Jillki Re', 'hi@gmail.com', 20000, 'Receptionist'),
(8, 'San Jose', 'Julu', 'julu@gmail.com', 2000, 'Nurse'),
(9, 'San Jose', 'Jill', 'jill@gmail.com', 2000, 'Nurse'),
(10, 'Santa Clara', 'Lim Kon', 'limkon', 20013, 'Nurse');

-- --------------------------------------------------------

--
-- Table structure for table `emp_phone`
--

CREATE TABLE `emp_phone` (
  `e_id` int(11) NOT NULL,
  `phone_no` int(11) NOT NULL
) ENGINE=InnoDB DEFAULT CHARSET=latin1;

-- --------------------------------------------------------

--
-- Table structure for table `fees`
--

CREATE TABLE `fees` (
  `Record_id` int(11) NOT NULL,
  `pid` int(11) NOT NULL,
  `room_fees` int(11) NOT NULL,
  `lab_fees` int(11) NOT NULL,
  `doctor_fees` int(11) NOT NULL,
  `total_fees` int(11) NOT NULL
) ENGINE=InnoDB DEFAULT CHARSET=latin1;

--
-- Dumping data for table `fees`
--

INSERT INTO `fees` (`Record_id`, `pid`, `room_fees`, `lab_fees`, `doctor_fees`, `total_fees`) VALUES
(1, 1, 17800, 200, 200, 18200);

-- --------------------------------------------------------

--
-- Table structure for table `files`
--

CREATE TABLE `files` (
  `id` int(11) NOT NULL,
  `mime` varchar(255) NOT NULL,
  `data` blob NOT NULL
) ENGINE=InnoDB DEFAULT CHARSET=latin1;

--
-- Dumping data for table `files`
--

INSERT INTO `files` (`id`, `mime`, `data`) VALUES
(1, 'html', 0x3c2f6469763e0d0a3c2f6469763e0d0a3c2f6469763e0d0a3c2f626f64793e0d0a3c2f68746d6c3e200d0a),
(2, 'html', 0x3c68746d6c3e0d0a3c686561643e0d0a202020203c6c696e6b2072656c3d227374796c6573686565742220687265663d22687474703a2f2f6d617863646e2e626f6f74737472617063646e2e636f6d2f626f6f7473747261702f332e332e352f6373732f626f6f7473747261702e6d696e2e637373223e0d0a20203c736372697074207372633d2268747470733a2f2f616a61782e676f6f676c65617069732e636f6d2f616a61782f6c6962732f6a71756572792f312e31312e332f6a71756572792e6d696e2e6a73223e3c2f7363726970743e0d0a20203c736372697074207372633d22687474703a2f2f6d617863646e2e626f6f74737472617063646e2e636f6d2f626f6f7473747261702f332e332e352f6a732f626f6f7473747261702e6d696e2e6a73223e3c2f7363726970743e0d0a202020203c73637269707420747970653d22746578742f6a61766173637269707422207372633d22746f5f686f6d65706167652e6a73223e3c2f7363726970743e0d0a202020200d0a20203c6c696e6b2072656c3d227374796c6573686565742220687265663d277374796c652e637373273e0d0a202020203c7469746c653e486f73706974616c204d616e6167656d656e742053797374656d3c2f7469746c653e0d0a3c2f686561643e0d0a3c626f64793e0d0a3c64697620636c6173733d22686561646572223e200d0a202020203c64697620636c6173733d22636f6e7461696e6572223e0d0a20202020202020203c64697620636c6173733d226c6f676f223e0d0a20202020202020203c68313e20486f73706974616c204d616e6167656d656e742053797374656d3c2f68313e0d0a202020203c2f6469763e0d0a202020203c2f6469763e0d0a203c2f6469763e0d0a3c62723e3c62723e3c62723e3c62723e3c62723e0d0a3c64697620636c6173733d22636f6e7461696e6572223e0d0a20203c64697620636c6173733d22726f77223e0d0a20203c64697620636c6173733d22636f6c2d6d642d36223e0d0a2020093c696d67207372633d22222077696474683d3230307078206865696768743d32303070783e0d0a20203c2f6469763e0d0a20203c64697620636c6173733d22636f6c2d6d642d36223e0d0a2020093c64697620636c6173733d226c6f67696e223e0d0a20200909093c68343e4c6f67696e3c2f68343e0d0a202009093c2f6469763e0d0a2020093c666f726d20636c6173733d22666f726d2d686f72697a6f6e74616c2220616374696f6e3d22686f6d65706167652e70687022206d6574686f643d22676574223e0d0a2020202020200d0a20200909093c696e70757420747970653d22746578742220636c6173733d22666f726d2d636f6e74726f6c222069643d22757365725f7479706522206e616d653d22757365725f747970652220706c616365686f6c6465723d22557365722074797065222072657175697265643e0d0a0d0a0909093c696e70757420747970653d22656d61696c2220636c6173733d22666f726d2d636f6e74726f6c222069643d22656d61696c22206e616d653d22656d61696c2220706c616365686f6c6465723d22456e74657220656d61696c222072657175697265643e0d0a090909092020200d0a0909093c696e70757420747970653d2270617373776f72642220636c6173733d22666f726d2d636f6e74726f6c222069643d2270776422206e616d653d227077642220706c616365686f6c6465723d22456e7465722070617373776f7264222072657175697265643e0d0a0909093c696e70757420747970653d22627574746f6e222076616c75653d225265646972656374204d6522206f6e636c69636b3d22676f546f686f6d6570616765282922202f3e2020200d0a20200d0a0909093c627574746f6e20747970653d227375626d69742220636c6173733d2262746e2062746e2d7072696d617279207573657254797065223e5375626d69743c2f627574746f6e3e0d0a090920202020200909090d0a3c2f666f726d3e0d0a3c702069643d226572726f72223e0d0a3c2f703e0d0a20203c2f6469763e0d0a3c2f6469763e0d0a3c2f6469763e0d0a3c2f6469763e0d0a0d0a3c2f626f64793e0d0a3c2f68746d6c3e);
INSERT INTO `files` (`id`, `mime`, `data`) VALUES
(3, 'html', 0xffd8ffe000104a46494600010100000100010000fffe003b43524541544f523a2067642d6a7065672076312e3020287573696e6720494a47204a50454720763632292c207175616c697479203d2038350affdb0043000503040404030504040405050506070c08070707070f0b0b090c110f1212110f111113161c1713141a1511111821181a1d1d1f1f1f13172224221e241c1e1f1effdb0043010505050706070e08080e1e1411141e1e1e1e1e1e1e1e1e1e1e1e1e1e1e1e1e1e1e1e1e1e1e1e1e1e1e1e1e1e1e1e1e1e1e1e1e1e1e1e1e1e1e1e1e1e1e1e1e1effc000110801b6015e03012200021101031101ffc4001f0000010501010101010100000000000000000102030405060708090a0bffc400b5100002010303020403050504040000017d01020300041105122131410613516107227114328191a1082342b1c11552d1f02433627282090a161718191a25262728292a3435363738393a434445464748494a535455565758595a636465666768696a737475767778797a838485868788898a92939495969798999aa2a3a4a5a6a7a8a9aab2b3b4b5b6b7b8b9bac2c3c4c5c6c7c8c9cad2d3d4d5d6d7d8d9dae1e2e3e4e5e6e7e8e9eaf1f2f3f4f5f6f7f8f9faffc4001f0100030101010101010101010000000000000102030405060708090a0bffc400b51100020102040403040705040400010277000102031104052131061241510761711322328108144291a1b1c109233352f0156272d10a162434e125f11718191a262728292a35363738393a434445464748494a535455565758595a636465666768696a737475767778797a82838485868788898a92939495969798999aa2a3a4a5a6a7a8a9aab2b3b4b5b6b7b8b9bac2c3c4c5c6c7c8c9cad2d3d4d5d6d7d8d9dae2e3e4e5e6e7e8e9eaf2f3f4f5f6f7f8f9faffda000c03010002110311003f00e77c11f0cb51f14159f4cbfb650d79f67904a0fc9989dd5ce3b1d8cbeb9c56bc7f0975abfd3e254bdb4691a069ae62707740e2149551bd4b09140f7a6787fc4fab78761d4a1b08e355be48f78da58a1460eac3dfa8fa31a957e24f88e2d4355d4615b456d4efadaf65015b62181c32aaf3f74ed0a7af0057c2d2c461e518fb4bdfaff5fd6e7dfce38ae67ecdab74fd7faf2203f07f5b16f25c5aea16b71e458cb732a2c67293442266b71fed6251ff007c9acdd13c23a7dd78db5ff0e6b1731491697617ccd7681f6c534484870abc90ac0f1ce7a56e68df12bc53a6dc497090dabfda3563aa481d4b0323020a0c3708430c8ebc0e6b2edbc4b7768259a2d3ec0cf2c37705ccde59df38b8e18b1c8c91cedf4c9ce6abeb3868c938a214312eea4fee377c2df0c7468b50874bd4ef9268df57b2b75bc803abbc53db99902a7450c30092320fb53b55f879a4dd7846d6ff004cd517edb6f6f7d724491366ee3866c679384c2f41dcd655c78e75ab5beb7ba8edac72b73657487631c35ac3e5203f3742bd7dfa629f3f8df512e6d60b0d3ecad85a5d5b4691a485563b86cb1059f3907a7a73c1a75313866ae977fcd0d50c4b929b7dbf2d7f136746f851651f8b74d8b53be87548d6fd2c754b54468cc523c2d2205607e61c1048c723a62b065f869a3e93a56b4faf6a32a6ada77d84c96e96cdb6379893e596cfcd9181b870a73d6b525f893afb5e595dc365a6477115c2de4d2792c0dd4a9198d5e4f9ba804f0bb464d664de32d552c1ac6e2c74eba492c61b3792789cb62272d13921c65d33807d00c83550c561968977febfaf30f618b93bca5dbf3d7cbfa46aeb1f0bf46b6f18ea3269334179a6f9faa5b0b39524416d25bc2640bbb765b01970738c8e4115e79e17f02586bba75feafab6bb1e8fa7dacd0da79cf6c6656965ddb720118501092ddbd0d7533fc41d7dee669963b1324f757b7326236237dcc4229001bb85da323d0f5cd59f04f892fa3d620d2e0d3f4316d7b25a46227b52d12cd19da93ed0c3327cc492786cf22b558ba2e775e667ec31118d9efa7f5db639dd37e0fecd3e261e20825d53ecb6f7f35a8b73e5adacd3794acb267e66e5495c0e0f5ae92e7e106996f24ff65f1489ae6337d1c511d34a879ad577c8bbb79c2edc61b1c9eddebd0ef3c33e2c934e8ed2c756d2e46091c2d7eda7b2cf3451c9e62c4583e3606f4009c019aab7fe1ef88b04535da2e997ae66bd9c044656dd729b640013d31d39e3deb09671819252e6d1db7bafcedd0e35566e56e75a7f5dbb9f2debf66e6f622b93b87cdbb8c549021b88d42e485e0fcbdebaff0011f86355b490c5a958cf6b28e82552b9c0e39e87f0ad4d1341b2b18e38a5824b89ae238c8507e55dc7927fcf7af572fc2d7c7c57b157496fd3ef3dea18396297eed5ff00aea71bf605ba8c4061210a822403f4a83c3d6cb6f725cb641250035edb1e9fa36a3e0cbfd1f4f85a37b572567dbcc8c0e703f1af17d3749d6ae35efeccd36ce6bb9fcdfbaabd07a9f41ee6ab1b84a982972d57a3572abc28d1a2e152169aff0081afccb979080ec507caddbf4ae33578ca6a483615da4f5ed5f43683f096f2ed51b54be486561c4711048fc4f19fa5735f12be0b7882c236bfd390dfa4477c8a176c9b71e9dff0e3d6bc7c0e6985ab5796135dbb26fb26f46fcae7853af08c9291e73a35bed8b0c4ee1ebf9d4ad68b1ccdce0373c8ab7a6265648e44db22b743c906aefd925bad42286d2179649080b1a292cc7d877aeac4cda6ee77538c7a19b6e8aafc0f9cb6320d68de0114ca650195874c739cd75f0fc3d5d2214b9f16eb3a7e8aac0158247f32e307a1f2d39fccd77df0e34af08ea53c9fd896b7fe5c7956d62e1017deb86db1a630bd464e33835cd1aab195234f0defb7d55f957acb6d3cae673aae9c5d46bdd5d4f14bf89a7b68da255db91b5873f98eb55668e30ea7cb1e6273907f5af64f1e7fc21fa6eb2d6de25f0f5e5a43724bdbea3a7bed130ee5a33c0604f2303ad736be03d37c40b24de07f125beab320dcd6332182e00f60dc35635b13f554e9e262e0d756bddffc095d7df636a551b82a96f75f5e9ff00e32c14c882491c9073cfe3d4d64789ee510ec52c5b85e3a0ee6ba296d2ead164b69e178e58094951970430ea08aafe1df06eafe39d73ec9a55b8112b8334f267cb8874edc93d781cd74d370a69d4a8ec92f9171a895df439bf0e59adc5d3ce4f2581e7be3fa574738516ee17a13dfd6be83f08fc34f04f816c229b5865bfbc72541b81b817feeaa0c8e3d3e63ef4ed43e1df803c516a67d12e974b9b772c87743bbdfb03ec715e73cda957adcb1bf2ff374ff003fc2e724f12dae7517cbdec7ca5e23849b5431e3e77e41cf3f5a97c316cde666718f2c77e849fe75dd7c4df86be22f0beb11ff006a5ab1b13c4171060c5277e7d0fb714781b42b16d521b3d4e511c1282cccc7009ec09af654f9297275637594a1cf0d8c1d4da3b2b28a18e28bf7f9ea09c73d063a56d586871c5e1e6bd4f125ac0ea83f71b88500f54e3af27b679ea2b72d3e1e6a5e25f105d697e15cdc6969200d7b2fc8226eea1b1963fee8aebcfc01f096930c517897c64f08c16f22251e6063cf1c9efedcd7354c5c14d528d4e59477b24fe5e47b181cde9d184610d25be91bb7e5d77f91e37a85a69fa9e9715cdd5b35adcd99558bca842a48bcfdf3d4b671dba5614d006bd06352588c608e2beb2f0e41f0dbc37a241a2dae99a8ea709704492da6448d9c0277703af6abbf12f4ef0f4ff0af57bfd33478600966b2890c2819776318da339e6b9abe70a55d538c5f45e7f75bb5dfa238f1f5d56c573c6938464edfa5cf90afd0dadb1d9b4ca0e319ac165331053e662703af7eb5a5ab5cb49712afdd40de5e31f77069749b7f2a45182d230e3fd9af653f634eef7381a772bdbda322f9516ee177371ce69d25b3c6a2552704671deba1b8b1d90074e49e58e6b9cf106a090c0d0277e18fa1f41514a52a92b225bba2a5edc34f0b2c0cbb10e4ae7ef7b8fa51a44de71f9a331ece39fe2fc699a369e751915839c28c92056c35b7947601c838e072715b559462b91095468495d00f2d80181c375c5496446e6599f03195cf71ef511407f78a4103926a90b932ca12252850e39eb8ff003dab051e656468a4cd0f35a29a3118c86390c3f95743a6ee78cfca31eadc5737670b4f20561c93800f5aec34d5096caa5587d48a556c922e13691d2a5c472c66385c1218a97238cfa7afff00aeab35b32b13700aae7e65e8548fc3a55a78841215f2e28c28e857008cf518ff0039a885dc6e776f2769200dc0fd7fafd6be51b77f7763d28bd342b5ebc6b1944009c7ca7dea9a5c048d770c49d0a139ff00f5d5dbf8e368c33fca4f2a3afd07f915857f237da13cb64465fbbf370739e993f4ae8a3053560734cea6dd2d9e2cc80b1c1fbdd3f2ff000f4aa7730980b4ce596107e57c7ddf4a669933184338f29777cca077ed8fcab49dc5c46630bf285f90e738f7fe95cfac25663854772946101041566eacbfd7f5a6ce8f20d8f8ce33c0e491501cc52e1fe518ce3d71d31f9d5b69d676401c0565f949033d2b4b38c9172976315e4114a5dc100fcadc727d08ae93c2aeabad692f9000be80a8ef8f3145432695713490a5b5ac9753487cb48d0162c4f40077e6bbebdf878be09d1749bcd75de5d6aff51b758208ff00d5d9a798acc09fe26edc63af7eb5eb60f093c43f6905a4757f2309578caac68ad652e9f9bf44773f109ef1343d35a367b78fedc23fdd920905c83922a58f514d1ae92cc7892fadae480de4888dc205fef303d07e35abe3bb3bad47c3f6167611334cda9e5401e9264d41e2df05eb524ef7b67e42ee2b23a3a86c32a6063d4e79f41ef5f1ab055ebc955a717c918abb5fe18d8f2e8d5a31a3084dabb72d34eeb7ba7a6fd3523f1bdd4379a4c565acc50086e71e55f44b888e471bd4f287f4f7af30d6bc17ad787d2eb538ede5bcb568429f270d84cf0c3d4577be30ba9759f0c47135bc8859c46f14857796c101401c05192d934df867ae5cc1e10d5346d40bf9ba5dc490c4ce727cb232b93f422beab2cceabe5949d38bfddbb3ed7eaffadfb9db83c7d4c261ff00756decd7af55f3dfa1c17c22bd16faeda69f7b6e248e756548dd780ddbf1af48b7d1f45f0f4d736f656d0a4adfe91793918daa4f058f539380a82b1c78bac3c4be35f0ac904c1cc76d2bba7401f0a391ebd6add842de27bbf17e833dcb41753ea2248a6c1015632a5467b74ac78e330ab98660b0d5e4f96293d3af368beefd4df170ab88a8f1188f7744df92e6e5bfc96a5e9341d0f509646b9b9b89ee5b742255dc56020fcc17aaab0e8481c7ad686b9ac5cf862ee232dbc775a2a2224d18c9789738f314e38c719e7b66b42d1356816ded0eb26fa6503ed0d1c6bb63391d4a8f9dc81fe3597f1167ba8747d5af65bc486096d1a158470ceee71b547738e49c57c87ef28d58d3a72d366b4d55bd5dedfe7a77f3a8dab578529be68bd2d77d74d344d791c3fc52f873677daddb6a5a3b5bdb36a4d18deff2c4dbce158e0707240cf7ce6a9787bc30fe04f0ef8b35c9cdadc6b5a5ef822923cba4676a9cae40fef0eddaba7f1d4867f827a3dfa121e0b5b67560791b193ffaf5936f75fdadf0c7c6f3956fdf4923905b3ff2c979cfe15ed632a49e58e3295f96b421eb176767f97a69b1db87c1ca345d66f452e56bcd492fc55ce43cbf08ea5f0c6eb51962bebcf1047771bdcdfce01d92bf62c7194c0276e3a8e0d741f0aad6ee3f0fda3492cb6f2790f23881c46f3b48d952dc648c281c73ce7d2b9ff8526cf5bf0d6b3e0f6b986096f047359a3c6a3ce9411b97713db00f5e992315ed56cf65aaf89a6d123d1ec16dac6cd269a59a3564594f5442461811839fa74afd3b28a49255a36b72dad6dac72676d619cf0cd3bdf9aedf4b2b5bf1fb8f20f893a35d6ad6be5e9725d5fdbc93402e01c4f25bc699dd26eda0852587b9dbcf4ab1aae9da37846cf5e8345b0bb4b8548353d3aef0c1e3c61082c790a1b7647707bf6f4ef164361616c24beb7b5b0b28dc3c7204d80f99f21e23f98718e0601cd717f10f4e9ac7c17abd9c164d25f25924f24d7510565b7693122c641e402518fa127a9aecc7d0854a73a8d5db5dafa599c580c4394a9d27b37df7d57e5fa995f13ecb4fd634fd0bc64bb6d7fb56d84778eb1e7e7032ac40ebcee15d4f8174d6f09fc3781f4e815afeece2224000bb918cfe62b98b82d77f00348964eb04f81c760e47f5aed3c40866f83364e8c43c710756e98211587f2afc5a6e753014e8ce5eed3a938faa8ca365f2e667d14f054a9d3872ad6551c5df6b2dbf44fd0d136d69a2f8612e35c864d5278a55926555dcf3ce7a051d001d00e800e953e97278635dd174ed5ad2ce4d26e2f27fb2c050a8955b9182a386518e41c8c54fa787d5fc376934c862b89765c8da4165703efe3b83ce475e6b82b78acfc3fa2c963afc5aad86aa92bc926a5647267899f0df3938008619ee315cd9445fc5377bcbeedfb6db2d577b6c79f4e8aaea51bbf68a5b2edadf4dad7f5f4b1dc5944fe21d3758f09ead14123c5ba1098cac7204de92213c85604103f84820715e1ba6f856eb50d7ac349bb8ca0b93bf783d6353f315fa608fad7b3f826f23b8f8917a6ce68a5b268edcc461937aec11c88bcfae0561786e48ff00e1667862d1948741a9a1f62667fe82beb3030957a5566db5cb6b7fe4baff00e4df92e8442838ca692fb2a56edeec9bfc5189a9f8d6f20bf3e0ff0005582e9d6b6636cd20e1f6fd7b13f9d45a5f8905fde1d026b7823bd2c0164c33337a64f2cc7dcd3a7f045bea1f11bc411c7abc5646278b623cbb1cef4c971eb8c7eb5ddf82fe1a691e0f22e666492ee5c48d72ff0033e33f757d33eb5c987c461f0d1fad463a593dbacbab93e9fd6acf52a6330185a4a0a1ab8a6ac9ddb693bb6670d2e6d3b50816f2cbce59a501642c5444415edf8f4f6a9b5ddd2fc0bd7c33648d2d7aff00b2e47f4ae83c5f782692d6e24873e75dc714641ff5673b8923be40c67b5616ba99f83fe228c74fece938fa4cd5c784ccbeb79946aeeba3b5af65357f99e6fb59e2234a53d1f347f33e3dd42c5a6d5ae762b0449dbe5233820d69585a18991882b267a915f64ea9f07fc1fe2bf0ed9dda5a2e9baa49691b1bab65c076283975e8df5ebef5f37fc51f08dff81b53fb1eaa80c879b69107c938f507f98ed5f738ea15e9cef2578f97ea7161f154abcdd35a491c76a2ef6702ab1f30b83db200f5ae26eb4c9afeebf7240527a63a0ee6ba3dd79737e123659564fbe31c03ebec2b721d317cb54017cd1f3127b9fc6b9a35feaf6b3d59e8ce828ab183656a6d2de3485132bc6e0393f5a6c8a88fbdc6dc6492474adf9e116e0b4e9b42e77678c571dae5e0be9c243911ab7033f78d149bab2fd4c6141c8afa9dc1925458ce23f40319ab7a3e9ed23798e06d63c161c9fa52e9ba548c565ba56c03c2015bf12ed620f28b8c7afd2b6a9554572c499462be118b66a255182588c8c0c6056adbe546c32062bc7239154bed288824329037718ebec2a58675b991a4508bebeb582e698ad63b2be8fed321cb29083099c71cd625c452413800484e7b0e09fe9c56aabacc484215c1f5e7ebcff9e68ba58d970f80b938f539af9f4dc1d99e841d8ca96e81288eadf39185ef81ea2abde58aca3eeae1b95db8e3e94eb9d3ee7ed06e15b0392707851e9f8d6ad84c86358f8e141604f3f515ab97b24a5022517d0e5aeee6eac6539776941cfcc48dc3b9ad6f0e5eb3bc6158340e4719e4fe357752b082f46c7089f37f08e87b106b161b49b48b812c6991bbe6c0c82beb5d0dc2b53d17bc385dea8eab5cb48de2692252f2a8ced1c9e7dab9b92716d70166c88ddb706c6361f4f6fe95d0d85f46f18392c5870deb9e79a92d3c3fff00092f892c2c101cdcccb1c801e8a4f2df966b1c37bf2f6725b839a826e7b1eeff00b36784522d153c5faa45fe9370a4592b8ff551f42ff56f5f4fad627ed15a834fe2fd26dc48a63b5b88718e7e6322927f957a85feb16ba4be83e1fb30112e24d8147f0c31264ff2515f3c7c54f105bdf78d2d02a5c4c6e6fc3968977ec5565249e7d07e40d7e8f86c24309839c5748bfbdffc138b86a1cf8e9632afc3caedf3f757ea8f77f126aeda1e849a92a83e4df953c762e07f5ab7af78e207b58ececac66bcb99a0f39ca6152243dc920f3f85723f12352d3af3c0b756d6baa5a19daf95a3db2ab11f3a9ce33c8e2b9bff0084a25d3e40fe7ce92aa966b7b7b9b76b67ee48918ef452792b8c8ed5f91e0f31c55287d5e13518c924fcbdd8abafc49a594aaf4154e4bc93969b5f6b7f5f79a7ac4563ad6872cac8cb1952b22ef1d0f7054f20e08edf8565f816d2232f89aded44cf0453a15695b7330c7073dc7a57313eaf3a58490497b0309e5796e9a1625630c4e157d4f2703d7ad59d0f5bbdd2b41f1349a63c12de4a2278d7cc1b707f8413d481c7e15cd0a152a73c22f497dd7daff33d35954e9e1e70bdaed5974f897f5e8243a8f8363f15f87a0f0bd85cda5c22cab78656ce5bd3df041e47635bda1df476de31d72791e4f2fed2c5941c02711e01fc5bf4af0cb7f114f65a8d9ddc766e9a94370c650ca587279aec35dd5e49358d4ef2c2551e7c96f32946041251778f5386419f4af633ec14b1989f6b1d14a0a2fd5349fc9f43dbaf80f7942126d4a36bb777f1277bf6ec7d09e1db9b2bbb5c59db8cf458d890a0671cfbe7b73fceb37c451697206bbd490db35a992194c443327cbd877c8eddab87d37c5cba569d62f6930fb4ac091cf6efb40db8cee25997f8b38c1cf350f8f7c5b0eafa4ad86996c635981594900919e5b1b7239f524b1e98af94a796caf1518dacff000f3eb77af96bb1e061f2caff005956ba4def7d97537f5031ea1fb3e5bb419645b39917775c231c7f2ae73e1d95b8f867e28b52eabbddd067d5a3503f53573c3bace9b17c153a1dc5dac77c8b72ab032b0639dc5474ebc8ac2f871b65f06ebda5bc90452decc8abf69251429550cf9c1e9cfe35efe2a93ad86af4a2b7ab49afbacdff0099eac69f2e131307b7b4baf4e6dcd4f863f082fe041ab78bcb092d0a9b7d36270cd2ed1c31646e00e800fc6ba9b9d46d75bd4aded740d1c68fe5ce44f2dd1d8a8ca0e58a2b06c8c1e4e3d4d554b9d46ce182dedbc4da04715ac6a911370f90800009221ea47e75a9752030ff006b5feada4d83472ac32b59972b72f81b5595c020a8c1247001e95faf616186c3c2d0923e33178ac4e26b39d677e8b7b2f97f5a8e3a0585fccd2eb528bcb7967db05bc4c7c9550066491b259802dc2e7a8addd4748f0fdd6f49aead6f278ed8db89a6b90a648dc6d604b374e73ef81cd62dd78a34a5d3af61bbd7f4e92e275f2c3451bc80e463aedc8e7db8c516bae68f1c2a8358d255570b88ed6e4e3ff1ca275e94959c96be671ba75dd9d9e9e4ff00c8e575ed18787be0f3e853df595ccd6d70594dbceae4c665f958804e2ba6b244d43e0f594724ab12b46119dba28316327dbbd723f1623b6d474e86f34cd50dddd28d9f64b7d3ee409222c0939618e0806b6f47d6ad65f85f06966df503742108231652f2c11811f779fc2bf2acf32fa583528d177529ca5dedcd18ff00edcb43ebe32a95b2fa551df9bda36f4b5aebf2f3d8b72674bf0e9d52d258756b98d56182e5a2dcbb54ed1b546738f4e726b634ff00144ffd9125c5da4173670b98ae25be7f2599b81f2aecc275fe2c7f5ac3f0c78c0595a43647c35aa3479fdd186d651820738f949f5acaf136aa757baba9a2d23582b7b1c88e9f6098acadb4040063f871f78fbd781847528b7296bccde9adb5efd1f96af7339e0a55aa3a75a1a5efcd75b76d36ebe57e9d574fe1db45d27c7f1bd9b30b2ba8e2302118f2d773029f81635c16897cf1fed09676eee4a45a8dcc680f60e59bf99ad5d0355d4edf53d3ef27d27589238238e36c58ca7e60e0b0fbbc9c66b92d4eec5a7c71b3d5ded6fa259b5132c30bda389245c60ed5c6491debea3877110a71ad4a7a269b57f5835f823bb0d41c25595469b749abf9edf7d8f40b28a31f183c44b22c4cad0c6c599012308a782791dfa576f1ea56db8452ba23043996489591081c29663c9f6515e47abea7adb78dafef74dd2b5592dee3ca65ff0045650ee8a5594e471f2934df176a9abdce876bf60d1f598ee1672fbcda9031ea3f3af9c861aaaad4d4569649bbec92d96aac79f3c12c5fb3e6925eea5bad2cbafe47a4f88fec57115b6a112442ea3689828e3019c06e3a7e3d6b2f561bfe13f89101ff00987dc8cffbb3bd703a4daf8baead26d66e20bc312c817cb650aec5707b915d2de6b73a7c3ed72ce6d1f5053259dea9701195773b38ced727001e78aedc2e575f0b5e1566bddefd3aafd472c1fb18c5464a5cb25d76b6a7596be33d4bc29a7e9777a841f6cd027b5817cd8d7125ab941d7fbca7f3abff001d7c3969e3ef85774d66cb25c4317daeca54f5032403e8cb915e33f0c7c61abf887c2b7d67ab2cbab68f1c515afda62b644fb3f0061c6467692a436326bd67e015c4d2784efb47bd7f30d95dbdbededb7d3f535fb3539e1f1741ca2eee2ed25fe7e67939ae58a18578ba568d483e9b34f67ea9efdd33e57d27485b0b26df832b7566f5f4a7b2c76e8d2cb26d8d472c4e715d378f61834ad7f56b532ac70dadc4a8189c7009eb5e39aef8827d52f0db5aa9102b61540e5cfa9afcfe3869d4ab38df66eeceda359d68466faa4c975ff1049a95d84872600703bee3eb56f46f0fa2c6b7d7030e5c11191daaf786f408ede35bbbd00ce79f2ffbbe95b0c9b18ee63b73deb7ab5e34d72532a7574b22acd1abc4a5d718c9c8edfe35997f7d6d0ab966031c2a83827de9dab6a6229bca8115e4c93803807deb1ad2c24bbb89651969246cbe4e5452a14799734f4462ddb50b2df753317772491b17afe15d669d63e48ff492ad91d09c557d234d58b393b5c7fcb42456b92ad8124609031ed5d152aada1b1cf29f435f53d3a486569ada32c01dc4039e2a84172b3228b8f94e76e71c7d3eb5d3c9b1833e0853cee078f5ff0038ac0d6b481248b2dab61b1b82e38cfb57cda69bb4bef3d1a755356669436a8b138c99230390571c63d6b2357b3683372807cb92180fa0c7e9d4d67d86bb3d95d7d9f5072155f696fcfad76370a5d62b85dac1906541eb91daa1c67465ef6ccb72e4d19cee937c2ea60aca81fbaf507e9fe15a979636f7306c6423b82bd8ff008552d73499238cddda42bbd4e4607231d293c39abf9a925bdd46639c7de247078ed9e94e49dbda53dbf20bf32bc4a1709f649998e428fbcb8c83ee335e91f0313edbe375981de60b69240c475ce147f3ae46f520bd81bcb201c9f9f19c1feb5dff00ecbb6322f8b757f310a6db7452a4f039ea3eb8af6f26a31af8b83ed77f723cdcd6bdb0b2b6fa2fbda357c5fabdc2f8fb57b95e4689a2c81013c0760327f5aa5f19b4a171e16b5834bd3a6324b73148d158011cb32ec9098c103b85e9cfd2a1d5dc5dc5f10f511d58a42849fe12cdc7e82bb3f1b582de69da35b9322095e342d1b156198661c11d0f35e8718d4587c5e125db9bf24776230df57f631ec92fba3197e6ce5fc21e36d461d32d2d6efc28d67771944f2e7b3df36e030a598b2e5881e829be2bf1a5ee992f9771a25bc6a14e57ec48700f5c8129eb4bf01562d3344d5ddb4c9e09ed26564826be1732a2b85cb6ec650b1e48c03c53be2c6913dd6ae85f76f60186486c2fa66be27f74f17384a36845eedbd6ff0037ff000fdcdb0f2c3fb7e59436dfd4af69e3db5974f9a6716b1bc69e6ac3e4042e718e30e7b7e35abe1ef891a541751adccd6f1c4e8920125b10bc7404938e39af20d534f32f9305d248ac64f2e2589b6e3df15d1d8f86bc47e26d3ad7ccd525b8d2eca326313101900214e00eb8e0724f7e95fa3e5381e1e4a9c22a2ddef294a528b5a74d2cf5db547bb5f2dcb6514a6f47beb6b2f2d1df5f434fe2d6b1abc3e318fc6767a6e9b1689e588a599214f31f3c039ce727231922b7ecbc53a9687a5452dc58234447cb22419003b631d78c9e3f1ae8bc4fe12d3f46f8553594da7c1a8ea51ed6b66bd6cc4921e03374000cd57f86b2db6a7a6d9cf797561792c0d1c17e96b20923b79558b27b77c71c671cf15f21c4b572f55e4f0defc13d5f54f757dacbcfd0f937ec2dcf18f3422edaeed2fbff00a64f1f89b5990a477915859493e364373b4487fbb90338fc6991f8bbc43ff09447a04d6de4de4b20099da5493d1b214f1ef5a7681eeb5d4bad3b48b48e5b49e7b62b7321569f777ddcfcc704f4e94fd32cb537bfb8d6a3302eb0e3625abc44aec5c8da8723a7ae70735f1b09a5555e29a7a75e8fa6ff00aebb1aff00b3413e7a6b6efb37b6d7d2dab2ddd8f15c16eb2c66ce42a5cc8a6e117663a9e63ef597a5ea7e32bdb9845b69369e4ba1d939ba4298f4f963cfe15a173abda858ff00d65ccd246d1cd04e36946ebc7a01ce7a8c56a69d730594be4dbec002911ed61c000631f524b7e5531ab878d4fded9476eef6f92e97ebdb7391b70a6d4a926ddfa35fa9993ea1afdac5746e8e9424878708ed2018ecc76a807db9c56159eb9e29bad4940d2f4ff3e4c2a3794ecd8ebf336dc2fd0b67dab4ed11e1f0cd9c1730aa969f6cc19b3b98c849627be7af3eb5a120961d2acd2cda69e08ee775c32f0e0e72ca0fd715c7fda10a93a9ece094765d74beeff3dac5c553845a704db76bf4febcbf13124d7bc5827bab55b2b012dbcbb248cc522e5b19c29c6d271cf5a9e1d6fc5534c90db1d204b229751379881fd7042919f6eb52de5cde496daac106af0e9eb1dc2ca969791ee9a45e081bb76724e70403d856f4496ba9caf68853cf830c122c6ec9fe2fa6456d88e78548c68453bdeda27b3b76edaf4edd827529c63774d7e3d97f9f4fbce3754f13f8f34d5692eb44d3bca5c8f3925664c7d40e3f102934bf1078e2ff004f96f22d36ce148577c41f7af980f5233fe4d77f7ad6f1c135a4b1c538550b343c1196c0c1f43cd72b702ded9d34f8eceea6b39497622f18c9c641403d07a671d38e6b5ad374d28ce31e7eba5adfd3ff0086d8ba189a3561654237efaede8dee655d6ade3b4bbb5b5821d26e65b81b912291fe518ce49c600f7a7c97fe3c4668e36d025923fbd14174eee077c2f141f11db69ac75076b7b88658244f2624d8e230caa06ecf0dcf031838eb9a8ee85a6917d65aa69020d32358d616b07c31ba4561b9dcf3b5f07820e4f73daae8d28ba6eea319696bc77feb4db63af9754bd92f2d1eafaf5fd3e64ff6cf1dcd6d3496ff00d992bc52ec0a9248327b9c96e31d39f439c5707e27d57c472f8f74dd26f7c4cba6ea9d61b482079a3973ce0beee338238af413a4f878586a371748a9e734f2c8c24283cb2db8e707d0727ae180ae57e1fdac3e34f16dcf89bedda82e9d62ef6b0e91736fb110851b594e7d0e7800826ba70756318caa4d2e54bb2ddab25d6efbfe614ab5284672e4565d797fe0bdfd17a94a5bef184b70f0472593dc8c9106fb9477f5dbbd9431fa1ab261f1ea22cb1a5bcf108c48fb1e60573d86651b88ef8e99af4ab8b2b55d26ecea3185823940b596424b75001049cf5ce3f1ed50136579a75bb8b852976720f624e3afd581fce8ad8df654b9bd9ae9d17f5f7fde732c5c1b4e14d5be6fcf73cfbe25cbaf699a15a096fbeccca44a1067127b104b1fd6b847d5aef4b64d452fee61b5bf2e5d771c464ae3fc8af7af1b69da6eb5a6325edb488d1c3b4928c02851fdec600fc6bc6be2058da69f61a0e989e24834dbcbb999a04bbb4795248f70442c029c0c9e3239e2bf5bcb78bf013a3470f08795ba38db4d2ddf5d8f732ecdb0eb0a95486badd5b75ab3adf866cb27c12d5e57481ae25955a59d22543266400138039c0eb5d77c1a01effc571a1c14d415c7e2958df0eb4aff008b4fafd948c37c375344cc8b804a4a7a0ec38e957fe014dbf5ef16c679fdfc47f4615b6472855a788ab4e368c9a697fdbccf331d183c2e379364e3f9c4f993f685bfbdbef8b9af68b0232a457ad98e31feb18e0e4fe7547c31e165d2e2f3ee407b86e79fe0af53f8afe1fb5b5f8b1e21d4c2069ee26562cc3ee828bd2b92d56f61b0b732492a8518ce7803dcd7cce3b176ab2a54bbbbfadcf3a8c9ba5051ec8cfba64b7c994e011ebfad731ab6a72dc868ac583e3e567e8003dc7f8d32ef509fc41334502b25a6edb8ce5a53fe15d0e85e1a4b3456b8dac40c88b0303ebea6b254e34529d5dfb1d315cab5dcc7d234692e230eea550f0d21fbcdf4adc4b38adedf6408020ebfe7d7ad5f9da3898f2013d476aa775750c721551e6cc4738e8bec6b9e589a95a568a225072d5880f95b44abb5738191c1ff001a57696661e50d898c838e7ffad51dac73de49f2a999f6fcb91c2ff415d4695a24441377189188eb8aefa6a34b59eace792b15e5fb7584c60d84a1c92b8e0fe3eb57ada686ea13228cb2f181f7aba3bcb1575fde2061d0f7c735cbeb1a4cb6d379f605c143c2a919af02aca337ae87553b4b4285f68d6f7df33208e51d1caf2a7af23bf7aa714f7da2baa4f186889200278238e47a75ad7b1d4632e2deed84796c0976e07e3d856a5dd8c52dbb46d99223d57a8fafb543a8d7bb3d8deee3a323d2e48afa312445588e597a951fe4563789f45f38b5c596e47ebb76f20fa81f9f14e4d2aef406fb6d8bef840f9860e4723a8feb5af63aa5a6a659176c72fa138a88c9d29f34355fd6e3e4b6b1393d0af0f986deef0937208ce038f5fad7be7ecd5183a9ead227558100fccf15e45e20d161bf81a6846d9d471cf539fe75e8bfb335cdf47a778b9e4f967b4b74d8e4632487c71eb915f4590fbf8d8ce1e775db438733a0aa61f4eebf331de42be14f1912321aed01f6c063fcebd7a582299748f3d82ac6606c9e83e471fd6bc97c1f6d73aae83e32d24ca2349bcb6691ba23076e4d5dd23e26ebba6ea905b5cae9cc163110752ca0e063392702bdfe2ecb7138ac4d0ad4a9f3421cdcdaa564d2ee7d366d9757c54e51a36bc1ebaf7842df9324bf33f83bc7d1c9a3e9fe19896e6df6dc4b71aa08de5e73d19febd12b6af7c4d7337ce749f0fbcc17e563acc2e01f4e46715e6ff10f5dd6758f1d69de228f45d26e2fac8a7d9e67d4e3458ca9273b7cc1b8f3deb721f891f140e48b3d100f537517ff001daf82ccb09879d48d54b5b7f3db6d3bea79987c056aba38c5b5bde56df5f98c99b51b8f1247a8ded8e90f02070634d56124920807ae010297c257daff0087f5bbb9e38746974fba66dd6c757854a039fba7775c139e39ab07e23fc4ee861f0f2fd6f61ffe3b51c9f11fe2588c955f0f93d38b94624fa0025249fa542acb9795457fe048efab85c4a83e754ed6b7c7d0dfd7fc557d73a6c7636365a6945c616f359b795491d3397f980ec381eb9ae374bd575af07788ef75cb23e16b2b2bcc89ecdafa3c4e58f0a02b11c1c91d3a9ad583c79f13e48ccad75e1b45032c5ae57e51ef8938aa7afebfe25f116912d86bd7be1cb889886458a5c9cfae771adf014e94abaa4ed152d1c9c96ddffa68586c1d44bd94a30e57beadb3b19bc5977752496d7fe15b68ee10a4eed6dab22942010ac18fb123a9e0e29356f15f89ace44d424d26dc59c9ba30b75abc29f7886c295c10781c92718e95e3b65a818756b93ada45ac7ee3ca55b7bff25c7a74c96e38c62bb2f85136b29acc115eea1f64b4ba904718b990ed53fc20647e1935f70b82329709ce8ca51518af79b8fb377dd2b36fd345e46f89c9a952a729c6deeabeb7b3ef6f79bbfc8d9bcf165e496cd0693e1ff0ed9993996493578e7790e73c92413cfae47b550d5f5ef125edf437166348d3fc96caedbe8e4278c60927a7b015a3e2dd73c65a0f8a2ef4fb4f12e84d1c6d95cdace4807b1daa46474eb5912fc42f1d20017c47a2f271c585c1e7f14afceb1387a7f587cd4536aebe27e9b72d8e6c250c4382a94e9c2cf5d799efeb72e4fa96a7a9585dc5abc7a75cc922622d9a86d08dd8f2c718f4153f822efc5f378b74eb5bdd4e296c7786786d2fd5490a32d2c8a01dfd003d01e33cf355f40f10fc56f115ccf6fa3eb1a6dc4b047e64816ca4181ff024ebec2b374ff895a942dac5a6bd7d1de6a91a3431c8a0a47147c6f000c12c4e724ff7474aeecab0bec27edbd9a8c175bbfb97ba96ba233ad86c4d784a9463176b689bbabe89eb6b2ebe674bf126f351bbd723d53481692c375115b6d42e5f63c1b49dd12678079dc09e707dab06297564b786511e9c6f93729bafed36dc50f4501318f7e79a8f42f19ddde7c30bbd4edf515b4d46c6f206fb42c6a433b36c6f976f420e71c0e68ff84dfc6eac50f8bc6e0bbf8d38631ebf76af33c2b85555b91272577ab567d6d64f4bec6f83a38a747d8c231b474d6f7efad93e8fd2fd09acb59f11d9aaac29a795497cc50b249b41c752029dc73839393c54daa6abaeeaf34a2f34a8becf2a2a8fb3c93a491903ef2b794464f3904631c5516f1a78e4b6cff84bfe6dbbbfe41ca38fc4534f8b3c74cb195f17c9894129b6c23e715e3ac3c3da73ca9c6ffe297ff20767d4f137e6e5827dfde5ff00b69735597c4b7aba52d8db5bc2da6b87491ad9f27000505443838c679ea4d6cb24b24d1de5c6957ba85dc680279c934712b752db5216c927df03d2b947f14f8df316ff00195e8f38e232b671609aa5aaf8b3c656d149b7c61aacd3292ab1476f0ee660338001cfe42bb1c635bdc74e3d7ed4baeff608965f8ae54b9a292bff00375df5e54ff11fe3dd67c49abcade1799f4e8daed82b69d6be7adc11d431dd16e603ef103ae3a5765a1dc78b342d3ac2c742d352d2ded2011157b5bc91a42072c48b71c9af3ad3f54d76f193c4371e25d452e426c599ac6013a03d54b6e048cfe95a337893c45148f1bf8df5a52832dfe8f18c7fe3f454a5494234230568f9cb7ffc0752ff00b2eb548a5cb1f4b3fd16beaf53b8d7e6f1f6bf14715d5b00a9ce12caf4027d7987d3f1ebcd56b0d1bc7b0f961109891b26378670186738398c1c571971e23d6847b9bc75ad138c9510a8207be1ea8c7e25d5e5655ff84c75e25fee8c0c9ffc7ab39d0f6ab5845faf33ff00db5151cbb134e1ece0e297f81ff91ee36d79e376b730dde936d226de30d2261b3d79eded5e53af5feb5aefc58b1d01f555b55b69d124d320b2dfbc291330f319865b1b493903a77ac36d5f5498ec4f15ebb33904edde338f5c6fae7742bcd54f88af2f66f124e15494568b8ba5e980c4e383fef1aebcbf0af0fcf38c229a5a68f47d1ebfe57f338e590d5a725aabcbb26ba79fa74573e90d3edb50d27e15f8b1ae6336b34b753dc46a5d588479b70276923a1aadfb3c484f8abc543a86311ffd0abccfc392dfea97ad677faeead3d991b9d1ee9879801ce08048c6457a2fececdff15a78994742b19fd4d7e8fc3d96e270797ca58869b959e97eadbebea4e6197cf07976315469b928cb4f58aebe870ffb46eb96ba2f8db5332fdf758f6a8fbcc7cb1c0f7af0fb48b53f145ce2652a87958c13b54762c7bd7b17c7ef0bb6b1f196eef2553e47d9e11b9bd42e3e51ebc75acdb1b2b2d2ed8c10af9601e10f56f726be4f1b529612bd46b59b6fe47cf61bdda514b7b2327c3da1d8698a1a608d38503cde9b7d853ef6ec40ac772aaab72e4f5c545ab5f992f3ec16f035ccf29091c318c827d0e3bfb75aa36ba6ea1a94d287c874251848a57ca3d3681ea3f3af3952a988fded4768f77fa1d0a36d590ea57525e42a204d8a481c8f99bb74ed4b63a25c79805d030af6553c9ff0ae8f4eb0b5b0452549940fbcc391eb81daa63979b39013be1bb7bd5ac4c697b94904e77d23b1169eb0dac6b1aae00c718adc82445187917a7738acebafddc2822424b0e38e3ea2a7d374bbbb905b6b63b1738aeba58772f7aa3b1c1391d6cb15cdb5a5cb796acaa63e5ba60939c56399229958a4b86e382391f877af45974e77d2f548c267289c6323ad79b6a3a0ddc7a87fa2c4fe630f957920ff00857054a09a5cda3ff8214abc657d4cbd43418af599e3dd15c1ee3b93ea3f1355eccde68ade4ddc6f2463d0e47e07ae7daafa6af2593fd8aed09651cca0753df1ebf5ad0135acf1e4949636ea08e0572d5a5521a3d51db0addf61d617b697c87ec926f4e8c318da7d08ea2b9df10f8764666bad3098e65c968c1db91df1fe1506b9a5de58de1d474872c4754cf3f8fa8ab3a4f8a2dafa4fb25e620ba031c9f9588ea3d8fb1ac214e51f7e9eabb1ba972fbd17a14343f11c724ffd9fa8ee8ae13032c386c71f9d7bafc0ab481b4ef10ef0313471862b8191f37f8d78e788343b5d4addd8058a7c604aa013f8d77dfb384bab587877c5316a23cc16c61f2e43c8653bb2735ef70fc632c7425076deebe47263b96ad17cbbdd7e68adf0e2c45ef863c6770b22a347e5bee3fc4bb9891f8e2bcffc4b07efc3931900e0e5b8eb5d7fc38712783bc671b49b00b48641f2e7243b607e39c5763a7786fc3c9e1fb3b81e1bd2eea67b7b7389630a0b3aa6496da4f7cf435f5fc55c45fd910549d3e7f6adc56b6b688fb5ad982cbf1759d44da6d2ff00c922780f8d62b595609a1d2f4abf9a4b92c8905dc8862f9780721463201ebfceb6e2961936dc8d4343b58da21fb86b89c8438eb9da79cfbe2bb6f1659683acf87a5b783e1bc375bd43c22d3ce81db1c8dafe48a7f8522b393c316220f865656a232d1142ed732657fbcc23273f539afced568d5c2c6dba6d6fdffe1bb1e74736faad495454e5aa5bb8f438bd36c5f56d42ded6df5bd10bbb6dc09e6cb7bf295ef167f08347b5f0ec918be496f6488bbca58fcabe8833903d4f24d70d71abdbe8b7114a7c11a7dbb93f2136eca7ff004015bde24f8ad3dce89770f847c3d711dd35b08e595d73e5b1f4e7a019e7f4af4329542a271af14efb6bfa59238731c6e6398ce9430f78c5beae36dd6ed7439e8df4ad1fc29a946755d2e49e6678a240f271dba919cd799dbde4674db875b9b22f0b6772f984e3be78e959fa2369ba8dedeb789b55961980384cfcc58ff5ac7d3ae19fc4274ed1d9aea296411851cef19f5f4adfeaf46acdd149a71eb6d3ef3ed2852a5425520e6dcb46db5a7a23d034fd1e4d534ababab892cb4dfb4c7be0b87b6937617b2164381f4e6aee87a31bed76e2cae6eedf72db2625581c07cff1280a7078ef8eb5efbe1dbebe6b5d2b4ed621b75b45b608257839560b8c121f1d07a572f73e319749f12c914566f71143231468a040665f424ca463d0e07d2b95cb0c9a5ccb91bb5efaed7dadb79ec7c72cf7195aacd528eb6be8d5adb6975e5a9e5577a3ac5aac16ff006f591a36c2e217cbff00bd91cd24fe0fbedd2453f9e88efbe39442d83edd3a7b5747f13bc5ef3de35f35b456d74381070e8cbd88239079e6b909fc40d7da289ec75dbd8f5046c9b67e73eca47e9f957e8187e1ecb6386a556a26f9f4d1736afabb2d12efb1f45869e26b5085592b5f7d2fafc97fc03a5f0bf873c65676579ac699aa5c5b5f5cedb38e4484c781d0eec8e381c1e335426f879e0db4d49e5d6356bdbcba0db2f1b72468ceb92c8b9f9890064e33d7bd6efc32f12788ee2dcceb6d3ea0f0b02635014b8feee5b807fc2bb41730af86eeb46b2bc8b4eb9ba779639aef7453c058a960923232b739038e718006335e4e679750caab2c2d2aaafbeb6bdbc968bf33e5b34ad8fc2622508c97fdbb65f7b4afa2dba6e7256de1cf879ae786923b4d5e7b1d3a19986f86ee192de39492aad2903e5381d0ff007801cd73bac7837c4d617fa8dadd4b792c16f6ca82eadb4ef323920fe120ee1f371d064d755e0cf00e89e16d3aed2df57b7921d42e145ec90dcb5cdc4ecae76a160a046093c9009c9ee2babd635ef11e9ad73a8c3e0fb868a1b610db470dcc4d300318cc673923006371e0678c915e2e2a5879c7971734a5f65e89bf2b6abf2bf91c781cdb1b838da0efbdd3b596db37d7bdafd0f196b1bb494dcc971ae17117905868871b40c63993a807ad2c3a7dd2f91e5bf8909b74291edd1bee839c8fbff5af51d33c45e33d4af23b74d256dda5242b4e90a2ee1d54fca707da9fa96bbe2fb04bb967b682382cd4b5c4e0c423403af3e4f3f419af87962aa5ecb95ffe03fe47d0ff006ce2afcae31bff008a3e9fca791ddd94f6f6b0965f1498acb2f1ff00c4ac009dce3e7ac5d2b42d4b5bd4ff00b523b6d5350d3c4bf69b6ba86d364eb2f753b8ed201c938cf38c1af42d534cf147c52fb399d6d6f3428889eceeed3518e0f9b18607116e241e39518e6baa9751f1fe996eb0be9d3ac50a8559bed76ed1ed03a97f2703f1c5773c64e847923cbed1efaad3cbbdefbf62679a56a968de37ea9cadfa2bff005b9e667c397f2c1e40d1bc52e81cbe04318f98f53d289bc2ba8dc48ef2f87bc5d2b3e3731110ce3a755af4fb4d6bc6b77a6c5a85bce4c532874c4b1e483ff6ef5b67fe126b68616d4fc59696324cb9489a74c9ff00c842b8a9e36a49b4a51bafebba0ad9e6328bb351bf94a4df9ec8f163e0fd464638f0cf8a4b326c25a6857e5f4fb9447e00d503c521f0eeb51ac67e5f33518171ff008ed7b0ea49e3a85fca8758333b0caaf9db770f5076563eac9e3982056bdd67c967ced8c4d248e71d0055c139a2398c9e8aa25f27ff00c918bcf315515d72ff00e052bfdd73c8757f0178a20bbbbd4e185eda20a73beee26f2d3be703b0f4addd33e0deb9a13491de3dbebf15d059629ec6fd62d8a4670dbd4e7af18aee34fd03c55aa79f1dfea1ab496e62249b39248d94fa1258f1f8571b7de2fd52df5387439351934ab0b77d82e5add99f8fef2a819c9e3200eb5fa06499562735cb6ae21d5492eaa326f4feea7ccfe4fe45e131d9863aa39539c52826ddb9be5d6fa137f616a7e18b7bbd4aeb4d992ce0887dc9e395979fe2208f5ec2bb3fd9ae5171e2ad76e13a4b144dcfbe4d7983f8975494eb7a75b2c9a958dd9225bc920651b011cedcfcbd0726bd1ff667ca789b54452a54db427e5e82bee70b85c4e1f092855a8a714972be57076b754db7f7fdc7a59d42b3ca3112acd39596aaeb4bc774f5bfa947e3cde4563e326958ac7fb85cbb741cb0af20d4753bdd4258e3b35751260671f3b9ff00d947f9e2bd77f683d027d47e205b4ed2f976e2d40dcdc80dbdba0f5e9cd71f690e9fa6c7e45b460ca3827b9fc6bf32cd3d850c6549cfde77dba23e3308e2a8c6cb5327c3fa01b7923b8bd2d1b46db9446e4153d8960739fa1ad99ae141f2d1327fbe7f9fbd55d42fa2462d2484e3ac6bd2a2b5b5bdd5dc845d911fe21c2fe67ad71af6d8af7a4ed1f3fd0d651b6b20d42516e728c66723217a0fc0d476f637fa8cf1bc308111e19d8fcbf80ee6ba3d2f4ab18d56def5849b1b8e3ee1f61dc5744ba4df48561b64124646639231907e87d7daba293a74b4a4aefbb396a56e5d0ab1e8b6f6b6da7c92fef64311233f523a56a5adbbb67e41d3d2b7aeb41bb8acb4d696da4c476e7cc6c70bf31fd6acdae9b23a6e28c0f644e368f73eb5d93a3539af3d0f31d64d6e7abe9da658258089635642a14e4738f4af32f89d69636b72604fb445138f9fc9b6de0fa0273d2b9ef067c76f065de89a9e9edafa25fa0262dcad8048c2f38c7defe7544df5d78a2cbedee5995b923279f75af47178ba52a4a2e3afddff000e7251c35484db96c626a3a258ccac54ddbaf606d8607fe3d5c6eada6dfe9f2196c65b99003931bc601c7b1cf22ba0d5ad2eede633595c302392acdd7fa5669d594c86df5184c4c4e03738af0dc6cb9a96be5ff00f621ccbcccdd1fc510cd31b7be8dade553b482300fd7d2aeebde1cb2d56d8c88aa931191228ebf5f5151eade18b0d4d565470641ca32b608f707fa1acf4fedcd0898f0d756a3aa91ca8fa7f85714a54a52bc3dd9767b7f5ea6d052be8ccb8b55d67c2f28b7d5a1375627e549572587d33fc8d7bafc1bbab4d5bc03e2ab9b3b81247e403953c8211ce08ed5e6161a8699acc46121096186864009af47f83da2d9683e0af1a4f6c7625dc21bcb67c6088e4e9ebf4f6af67236bfb420a4ad2d7d1e85568dd47a3bafcd1c5f816dd27f0df8a1fedaf0c915924be504044815b3d739ce71d07d6bd5bc37207f0fe980e4e60b13ffa2ebc7fc090bcb2ea8913c824fecd98a042416f93a70a723af1c7d6bd77c14ad2f85b4b7552edf64b46001033b421ee71d056de244942a61252db99fe48face278daaceeefaa7f825fa12785058ea16fa669f79342d05cdb085d64440c58a60aa1cefce09c9030077af36f868ede18f186a1e163a1c3a4d8dc5dc93c490dffda2e1c27c9f320259170339c0fc6bb06f0e7882d6dd9608ed564c2ecb8480195761ca9044bdbf2ae03c7a3c47e1ff00155af8de4b4d12d6e15c0bbd5ee2128e5f1b542c62521988feeae4e39e2be432ba7174a7864d2e6ecfaeebafcb67b9f3955519d46e334d3e9e7d1ed6ebf81d86b564de2196d60b3b917f7a64d8ab110220739604f6da31f95743e1ef0cbe8626334f6c6571b6510ca1c2fb1ac3f06e83e2458aca5b6bd0c925cb5eade35aa65fcc1f367f79f748ed56fe28786b55d1aca7d7ac6ea333f9455e2b68020704e483f3727eb9a1e5f88c45274e94ad67ba7b7caf73597b29d58e1615559f93defe8ac876b9f05f40f11432df68f6f1fdae5946f9ddc63183bba77abfe18f01f84745d02417125adacb0931a4ca803bbaf5c839c73d875eb5e4be1ef1878ff4cd0258b4949926b9caba677161d8807a1c77aef3e12586b5787edde27d12f2fcc52112a485013c77dce3273eb5ea45555085e776af195dfbbae97496ba7634c6e131187a52f69884e317eea4fde7dfcbc8f5afb768daae888f1ed970760f2c9196c73835e4bf1574029aac5751cad1aaa0dc13b2eec31c77c56e5fa78ba0d42eef747b596d2060cb140d6b0c8b0c7d7e55f3c7cdd79e7ae31c0af24bff001b788357d66ef4f3ac411c858965b98800580c1da3b1e3915c51857af5e588528da2ad75dbabb2efa5bc979b2322cb6af3caa52a8b952d757a5fa7f5b9e9baff00827c2766b047657735c4734654b4c55c8971c0562383d4e3a573334775a2dcc1a75968b65a84169148da8dc48e9e7c7f2fcbb51796c704e013cf61583e0df1f78a2fb543e1bbbb6b0be888600a44841c8c6e04b2827f115ed1f0cec3fb2b4fba3ac693733cf2af9914f2b4259b031b7225639f4e6bd586271eaa7b2ab59469b57b735a2b4e9d55cac73c4e5d0e5ad579f6695f7bfdd6d3f43e7db1f8adabda49777b6f6af6972e3642021dacbd08dbd2bd37c3de35bbd5fc0ad3cd71a5d9ea683091dc9292348461467ae0918e9dcd26abf0fe2d6a3b9bebdd27516d422b80d687cbb7da222c495d827dac475c9c673d0d73579f0c3c4eb6012c9f589aefcedc66bb86d18f96401b00fb41c0e335e762a382af051728a7fe2bdbc96bd7adfee3b31189cbf134d46ea32efe9b7cadf89d4f873c46f0e9e6d3c696cf0df5b4714f069d6408494a92564f94903242e54b150466bb0b0f126997fa35af884cd6f6b6fbbfd2de59013113ced27a28cf7af25d67c0fe36d58eab1dde84f19263feceb845b50e157822402519e3a1e4d5d4f87bae48b3c7359eae61bbb15b5bbb710da793230c7ef02fda46d6c8ce474e7d6bcdaf97d0acdb9558abbbe895be4ba5fd6fe67255c3e05d18fef7dfd2faab6dafdfbedb9d2eb1f11b4cd3ef357b5d1f4fbad635382f622f6d9d9e6230551246c01ddd07b9ce7a56443a1eb1af78bfcbf14788ee639f4dbe2f6490ec8f319018a3286e401c74ee79ed572d7c23acdbf8666d121d2b51d8ed198e5956d99e109d0266e7e5a43e18f1425b5ba5b59dedb5cc2e5cdc245661a462739706e0827b67d285429d3a728d0718c9e8a4da6f6fc3e5f8974d6129a7ecea24de977af45afe6ad6ea76769a868fa2e9f786cee21f32c9fc9fb102ab972015daa00ebb8631c1ad4b9b85b7d661d3ef1ad912f2ca39e5b690860252db59403d79c1fc0d733650ebb1f91753f83ac6e35381024778d1daab0c74e3ed04febf4ac9fec5f1abf8957c433199afd54a066fb215099ced0a6620007a639f7ae7a795e1e34a4b9d5dea9b92ba7d75bea9ff0048f3551a3524f9a6968f56f77d2d6d975bbd4e8fc43a7eabaa0834d8e4b3b1b28a6123dcc4ec5d42648503a20f5393c561963e2892ce27d111f5791da3835213e6311c2c3cc6001ce18646d23049eb537f66f8c65b94bb92f0f9e09f318bdb28901e8182c98e3b118356e48bc65244226bbb2007adcc64fe5bc8aca861654fe29c1b5749dd2dfbff004cd635a34a2946516d7557dfaf9bbe9a3d2cad6351254d1bc346079a7fdcc7e4c0c0ef9124663855f7553cf61f8552bc6b8034f812faea2bbbb931248a54e17d59b079eb85e0567db695e2888bbc97d6b3b15651e64f0e101feee07cb8ebc5551a4788516457d52d11a46def2b5fc65cb7ae761c1a8a98173b3f6b0badbdefc7fadc9a4a95db724db77dbfe074dfccc8f1b7892e7c3f358d858f887c4d6d06ac658659ac608e56808608d9c8e0e48231cfa5749e3cd03c3b1c36ff006bf26e6f879418cc73237cc0162003d71d4e0579978a2c753bbf8a1a5c535feb42fa0588457f6b7518b720924969162c7017e6241e3039af4f5d2b52732799ad58c9e76d132bea80890020ff00cfbe7b0e8457bd175b0586a51a789e4694af69db77df4bad352e3270acaa45dbd15afeba7fc399f776cb17c1af133468a09b76c903938988a67ecd36d1c7ad6a12472872d6b6f9c76f6ad8d76de1b6f869e21d296f2da79a4b291c796f90097dddf1d33e959dfb3cdbfd8fc5dafdaa984880431e6172f19edf293c91c57d8701ce757015aa4e576def7bdf57d7ee3be55b9f29c62beeeff2f7114ff68abe4b2d7ecf7c8115a06e0756f98d78ef99a86a92ecb185e34cf2e38c7e35ed9fb436996b71e20d36e2eb2c522902a64e0fcc0f38edcd79bb5de21022f2ade345fbb9e7f0f6fa578f9b4e951c7d46a3cd3bfdda2e878b819fee236452d2b40b7b321efae166947cc2353c03f4ef5d6db4f00801710a44beb26d03f1c572715cbdccdb2cedde563fc4c338fc2af43a45cdd22fdbaf7c85272402338fe42b9796a547cd5e56f2ea6b51e9ab35edaff4b7b86710c73313d4cec17ff41e6bd5be161b24bd6791522de00d866241ff00809515e61a4db59db3ac767007949c6e2324d5dd7f509f45d324bf82e32ea332107ee0ef81fd6bd2c257a74e69d28edd4f2f151e75cb73e8fd525b38ecb74e50467ee9ed5cac6f60092a300f3f78f3fa57cffe34fda22d658747d074dd035191cc795938f9f692878193838cd61d8fc71bb70e82ceda208d8c4933b1fc82f15e8632bcab352e5b238a8e02ad9db53cd3e10f86753f13f8a2f25b948bc9b92a6429101801c13db031e82be9b6d30e916515b69ec1638530107038ab1e10f0cda78634d6169144b23a6085006d1e82b3357d51e32cb202a793c77fc2bcfc6579d597bbb23a293726616a3a8c72c9e5dfc2619b3f7d470ff87ad665e59c53c44e1274eb8c723f0ea2aededfc170ad1318e507aa91f30acc1656f24aa6caee4865c7cabbce0d7955654e5de323d186850b0b39ade4792cae591867f76ed9523fcfafa55e7d51182c3a8406390f462b956fc7b53af5afad6126eed04f1e705e218207d47f5aadbed6f10a41708e48ff005521c37a71ebf8572d595496b51732ee8ea4e2d15efbc33697b38bdb370b2b3021e26009faf63fcebd27e18cf7b63f0efc5506aeb1bc9e5948d8807ac527af39e2bcf2dacdec242da75c18093cc6fca9fc2bb8f0ccf71a97c3df103dc5b88e4b662772b7ca479120e3f3af6b865f3e634d46578eba3dd685c929b8c25b7347f3472df0b7479757f108b58103e22cc809e8a78271df19a9f506f11e93e256f0ed9788ef16d6dcf9507ee63dc100e07dd3d0715bdfb3c8824f10ea71c916e93ec5e644e00ca1561d3eb9a64f0193e31c70c263dcf360097953943c1faf4afd431d97e1330a9cb8aa6a4a2aeaeae7d9e2f10aa6675e15229c610babaeb6bdff00338c9bc43e313e2583461e25bc5796e92dcb3471fca4b05ce36fbd5bf895e18f18496674ebbd7cea3844b958e6857cbdc2508a48033d4d644ccd37c4eb52f1a42efabc41922e02fef802063a57b3fc407783c4562b00cb1b789541e795bf4f5afccb88f2fa197e654de1a1184545bb28add5fa98e74e185ad42953a715cf1bbd17e0fa1e69f0ce2f13789b49b996d3c7b76d6fa7aac79b780a0727801032ae071f976af54f03e87e2bd11aeae759bd9bc430c90e0c37182464ff00064f1ee715c369a97fa57c61d5a333eb17e5e50d6703c062b3895977852d9da072caa40ea0e7ad7a56aa9a85c6a16da848d269821c912b48033938f947f780c7419ce6be2f178eab85c6c6ae1d2e59252568c6eaebd2fbfde7cce27173ad4d41a8a8c97657d3cf47abeabbf91e43e2cba97c31f13a3d4348d4e68ae6296493ecf2c78b705464228ce594f4cf1599e3ef8a5abe9da66a7e20fed291afafe44884303111400a37419ebc0e6baef8a365657de2a59ee2d9a494e9f3cc1b1b76308e475047d00fd2bce7f690f0adbe89f09344d5a1c092fa7b72e00e3e68a43fd2beb328c4fd65d1f6bf69eaacb7b3e963ab32c561a397c652569b8593d2fbdfa7a7a9c0fc3bf147c44f1978a22d06d7c5d7f6ed2452c9e617c85daa48cfb1381f8d717aef89bc4635b9c6b32996fa190c7319146edca7041c753c75af47f83fe10863f0bcfe32b2d4354b6d52ded5a488dbc8029064923231e53647c83d7af415c37c55f0c7f61dea5e35cdddc4b797128924b824b3b008dbb2517aeff7e9d6be970f1a10c6ca9c211516acac92774ddfe56b1f1b1ccf1d4e1cf1ab2bfabd8b7f0cfc5f7b6de2d469af56de075727380036de0e7d73563c43f163c5773636fa75beb37b1b5acb2665597fd602c715e6aa31d29e9804719af5a581c3cb59413f9238a59962e72bcaabfbd9d945e3ff001f4bc47af6a721c6480e49c7d2aee95e37f184f6daab5c6b97c24b6b4f353326086f3635e47d18d75bf0db50f0c9b6b78350f1849a1da3264c3a5dc8b5915c6399a475df213cfddf94741599f123c57a42f886cef2c35dbcf10244af6f2c77291bbf9590c1bcf08379dca080cad8c724e48af113a32c4ba11c2ad3adbfe05bf1b799daf19898c1495797fe05ff0004c8d53c63e316b5d14d8eada8bcb77665d96362c5dc4d2a9200f655e2a86a3e2cf887a7320d4351d62d0b8ca0b8468f77d37019ad4f0cf8d6da0f151d461d42f7c3f04568f0c3f66c0690b48646123a2e5016627f769e8a3039aec7e207c41f08ea1a01b0b5d6354d4e37b605e0ba79ae55ae0743b6e07c8bfed23861ef4545ecabc29ac2a69eeedb7e16ff003f212c7626516fdbcbff00027fe67971f1f78c7fe860beff00bee90f8f7c63ff004315f83ed25734c7e6e051c739e2bdbfa8617fe7dc7ee4713ccb16ff00e5ecbef67467c6fe2f95c03e21d44b1e0626c57a07c69d1fc61f0f9b4367f156a5749a8d8ac9233498d93a81e628ff0067e618af38f04e976bac6b26ceec5c328b7925558182bb328ce3255b1c67b1af64f0dff645f6bf6f71f1422d6359d0b4b8e448567b86796258d41da000a1bb67d7df15e4e328d3a78ba4a2a2a2afccb956b75a5bd19ea611e36b61ea56f6ad25b7bcf7dec97738df851ad6abae788e6d3b52d4eea50f672bc659cfcac83703f9035ec9af78127d37c496fa549aec8b1c8f0a99b693b4c9e6638cff00b1fad7927854c0df1d2edf4ad36e2c2c2e22bb6b3b598e5a388c4c5457bc7c586bebcf1008eca2334e56cd9550f395f3ff00c457819f61abc71b0fabc6d171d5257d6fa743e9386336c5ca2a939bb36f57adb6eff329db7c37bdfb4ac73ebb72d048db6296161b643d82ee619fcab07c47e0dd5349d521896f2eee2c65257cf28c1a260c14ab2e786048ee739af66d0350d46d7c3d6938b7bcb782d6c23678e18ff7fe68c2b8c1f4e4fbe6b2fc597913f83ef352d297ed51db66e6e260ecf2a9dc72550655dce410090030c9c815f1586cc317f5850a9ddc5ab2dfa79dff0003d8a39fe36155caa59c569b2ff2d3f1ed63c1f42d16e2e7c43a9590d475049eda7449a26c886456912347193939dc48040e39c9cd6ffc4ed01bc35e311a3c53c8c16d61763bcf2e41c9a4f8502de7bed41edaef53b988c966919bf50248c0ba8be4c86208193c8c64e781d2ba5fda1508f8b4e40c936709ff00d0abefb294aae6d0a53d52badbb453ff0033d3c9319527984294f694652dbada2c8fc45e1cb4d0effc1573677376f16ac9135c03291bb2cbb978edcf4af40f840e96bf16bc4f6718da8f26e00f5e1fff00af5ccfc42daba57c342a08daabc9ff007d2ba8f04daadafc7ef105bf39085c1fab29feb5fa3469429c26a2ade879d985475f2f9fb4776e13ff00c96aa4bf0b0cfda5ed6fa7d4b476b14f9b128690f0147cb5e57a76856b6f28b8d46ede590ff0a938cd7b17ed2772b6d0e9a1b79324922e1075e16bc6a38f569e331db5b35ba2f2b23fff005ffa57e639d3acb193504a2b4d7be88f8fcb9df0f137a4b886cecc9b78a3b78fb9db8ac07d5a2f3f623493b7b7033f5ab1a7e9d1282752bf79df3f741e9f89e7f953d27b2b0764b4b745f59588c9fc6bcba2a8425efc9cdfe06d36ba1a5a6c9abdd2ac7120b78ff89fee923d3d6bafd1f47b630b4777379be60c15238ae16df5b4128067dc73c04aeb349d4659d55a085bf2af4d4aab568c7951e7564cf10f8dde01d4348d6e0d434ffb5ac112978fcb66e06e27231c8c7b570fa9cde31d4364b63732dca01cf9aeae79ef96e6bec9bbd39757d3961bd8d7e407613d57f2af2ef187c38b26bcf38412248c797b7768cb7d76919af46188565cf66d7cce68d49abc53b1e8daaf8a22b7cc52c6e9853cd73d36b7637a193cd8d81fe134ebcd42d2f94a978a553c6320d737aa68761393b43c2d8c82878af226e1b3ba674528771757d3ad6e0f990b98c9eead9fd2b2628355b69b2b2a4ea5b1cf53fe7eb50dc68bad5aaffa0ea69226dfbb2e7f2f4aa035bd7f4f66fed3d1ccf12ffcb58f9e9f4aca527523cba49799db08b5b1d35b6acd10092c7223742ac323f2ebf9524b3691a813be040e872af01e73f4ff001aa1a578ab44bf8bc9b97f288ea932e31f4278a92eb49d36e4acb6533c27a8689f20fe15e7fb28c27a5e0ff0febef345e68b5f65bcb58c7d9278ef623cf9731c328f406bb4f034925cfc3af12d9c76d343712c810a498009f29cf06bcee38358b29d7662ee207823ef8ff3f8d7a1783e6d466f036ab24113acf04ccc3ccf9082226efc1c1e6bdfe1c84bfb4a9b9a4debaaf434827ed2167d57e627ece31249e2dd4519d90b589c11ec466a567863f8eb08446f2c4b800a9739f2f8e0739cd52fd9eae5d3c49aa46410925831675c6e5c10722aec5692defc63b992c238e69ed8f9b15ac926c336107ca0faf7c7b57ea92d2acdbec7d5e374cd316e6ecbd97e891e677be645f12a1326448babc7bb3d722619af65f89c51356b591c9c2451e7bf5bd51dabc735eb5d4acbe21c4bab5b496f7675247915c773282483dc7bd7af7c56768b59b6daa5c98a3c01d722fd4d7e77c6518cb170bff2cbf266d9f5a58cc134ef78f4dba6c737f1aed26924d2fc53a435e6b5f65985bac36d77e5dbc298dde6480a9dadbf23e98ce2bb2d075a6d561d3ae2d26b1d226b8b513b4d1da4721ff6824bbb6fe40f439c1e2b0bc47e1ad53c47e01d4ade2d9359cd39b92d77394598839080803e4c8e1b8c9e47ad65fc1ef10585ef876ebc23af45a22bc73a8b7b0d35dd65b6524873bb9cb02792189eb9af8087256c229c7dcf66dad2fa45edebaefdba9f2ee0a14f913e649f93b6d7d1e9f2f2e858f88df6887c50b14b746e613a75e1b797cd12798a6d64c92c3be474e82b9bfdac46efd9f3c2effdd9acff00f44ca2b5fc63a0b787fc431584586b56b5bc30c98c654dac9c1fd2b27f6aeff9379f0d67fe7b59ff00e8b96bd9ca1dab61b5fb4ff0d0c73e50fa9d35077565aedfcdd0f00f0d7c421a4785574336334a0c4d13ba4b100ca6532670f137392475c7b567fc41f1a1f15416500d3c5a2dab16cef562e4c71a7f0a201c463b7e9815c876e28cd7e8f1c0508d5f6aa3ef7f99f12eb4dc796fa09de940cf4a54532305504927000af7cf831f041f53b55d7fc4eab0d9261cc53021114f4de010598f5118c7182c40201eb6d453949d92269d2954928c4f25f0af83b5cf10ed92d61105996dad79704a420fa03825cffb2818fb57b27867e05deadb8913c15adf88a561c4d7d38d36dbeaa85848df52cbfeed7be68925a684cbff0008c787e26951022de5d805c28e8a800c22ff00b2a00ae961f1078b05a4d7f369b68f142a59f639ce3f1af12a67b8372e484fee57fd0f7e96572a31e694149ff7a56fc134ff001f91f3f4bfb3c35e5bb35efc3cd6b4971d24d2f5cb7b81ff007ea5393ff7dd723e30fd9c755d36d0dde99ac845c67c9d5ed1ad187b79a3743f9b8afabecfc55e29d4b448353d334db68ed6645923695f3c3004703eb5967c6be26b491db55b08a6881ff961181c7e26b3fedcc3425673fbd584f29ad5efc918af252ff36cf813c4be16f10787593fb634c9eda390e229f01e197fdc914946fc09ac53ef5f7aebde16f0c7c41b4ba9fc31711683aeb2fefe06807d96f7fd9b8808d8e3fdb0370f535f27fc52f87d75a035d5ec364d666d66f2b51d3cb16366e4e15918f2f0b71b58f23201ce413ed51af0ab14e2cf1ebe0ead0938ce366b7f2febb9c6f85f539b48d6edef6dde347198cb49bb68571b589da41e84f420d7b37c717baf09c5a569b61e26d1b5e935bb769ae1acde52b1f9802f1ba461865c633d31d2bc15b835734bb4b9bbb81f6780cc23c33039c01ef59d6c251ab353a8aed1145d59354e9ddb7d11f4ce95a578374596c7c537735c5deb26d4a9f2dff76b95da540ef8cf535d636b3a64b682fdb4dbbb633a8ff4c9646031ce3bfb9af21d2351d4eff52d374bd6ec859c463c238c6385caaf1db815e8de3ff0b6a363a74377a8f883ed1e5f94228028000909030077e2bd69e6796c2a52a7070e57f136ddff00edde9f79fac65987cbe8d3a546378b7bdee9b7a6dd3e6cf52f8510457366d8d52fa140a445b4e3cd1ea01cd647c6f925b2f09c96e6df5ad48dd4c14c9632ee9ad901ddbf818ed8c0033ea2b2b48d23c6b6ba34975a4dbbddd9c116d9e42c06483ced19e715c0eb5aa378bfc61a4e91a836b5697b13fd96d6eac5822a966cfcc0f2c382090475afcc73dc361b199b2c4619254e3ef5d2f8addb6baf3ee7958bc2a9e22a56a751349ebe46c7c3b9994dc4515cde5dd96609a39ef9145cb39b98b70620938cfbfad68fed163fe2e947229e5ac62fd19c55afec2ff847bc557f651d8436b6eb6b0088c6cc7ccc5cc5966dc4fcd9e0e38e2aafed04dbfe21da37ada63f29a4157c3538d5cda138f5bbff00c951ef654e1fdb14a54fe17095bff015dbd0d6f1edb99344f86fbe50bba511eefee8dc9cfe15d178355ffe1a0f5d0d9cf94d9fa0298ae73e235c29f0e7c3e39398a500afe2b5d4f83554fc7af1048a58fc8c39ff0079077afd465f0cbe7f99c588725809dff92aff00e9d46afed093a5b5969d3b040de7b2827a8f9474fcabc1b51d7e5cb242971719ec89d6bdebf6866b58349b19af624913ed784dc780761ff0af05d57c4b676b149f67853e5eaaa99e3f415f96e774e12cc2578b93b2d3a6c7c6e06ea82b233acdb5bbc638b74b41d8b9e7fa9fd2ac47a22b216bfd4599c36e201c0fd6b0d758d56f8b1b4b2b86cf4249031f854f6965e20b9601d2383be7233fd6b38c6a53f85461f77fc166f26f76759a4ae916a54a45bca9fbcdf31fd6bacd3b5eb70810bc5184e801fe82bcf2d7c312b396b9d41ce4671c91faf4ae934cb2b3b48d77485d8f5cb638fc2a26e0dde752ff00d79984a29a3b6b0f114523615989e7b601aabad5b5ceb5329174f15b228db123104b739624633c6001f5aceb1b9d3e1398d63fc0679ad05d76d154069557d3e602ae9d5a7b45184e93be88f369b4875919adee2685b19015b39fce98cbe20b48c3417cb2a8e70e335552ef56121f2ae239500c8ddd7f9520d6f538f224b15703bc7d7fad6527527b4d3fbbf53d3846c890788757b77db73a6f9aa7a321c8fc854f69e2dd324223baf36d8ffb6bebfad544d7a0909375653460e3a806aec777a25e61646014f5dc0ff5e2b19d297daa7f77f4cb518bdd16f6f87b56e1c59ce4f04f01bf3e0d433783acd9b769f797364d8ce51f2bfad42ba16857f9304b1020e018e4c1fa7045588b41bf8114d8ea971181d0336e1f91ae673e4d136bd55ffafb8b8e9aa60963e2bd3232f04d6da8c6a3237fcac7f1aeff00c29af34bf0a7c4e2f2c64b2b962b0aa48321f23920f7e3bd70c66f145b46c0c56b78a0e79050e2bb8f04df4b79f0cbc51717ba61b6b9b4d862dec1b9e3247b7d6bdbe1ab4b3183d1efb69d3b1b277ab4eeafef476f5454f805117f11ea32819f2ecd8839391db8f5fc69fa579c9f1803c2545c29263dedb46ef2f2327b0ab9fb3b032ebdac120ee6b53c8180327f4a6592443e3642b263caf3406c8cf1e5fa77afd5a4ff007934fb1f518ca97cc3189f4a5fa1e67e23babe9bc6c1efeecdd4d15f282fbf7024483a1f4af6ef88c233e26b48e4ff0096b692aa9f463729b7f5615e1de2985e1f1bdd439dceb7e573b3673e67f77b7d2bd8fe309ff4fb2652db844791d73f6b83a7e75f9671cd45f5ea14d3b5e33fc99ae7d494f118251d2f17fa1b7a9c88ab73a75f29b7d25ed634b794161f31206339c00318c62bcd6da53e10f8c696162ba5adbea0a11a0b6b6679e6df93bde5230bf3fa1c60f4ef5eb5a6db2c9a6402deef54822507779bb4f983be77035c1fc68b5953408b5b8354b9b08ec1c79d3416e1ae6546fbbb08c1550d83d541fa57e6793564abfd5e6f49a716ba5decfd59f214e7172f66f6f9fa5ed6dfef2c7c4c9f7c9a5a1904b22a5d47bc7f162d66071ed9ae37f6aa3bff00677f0cb7acb67ffa2a5ad2d73554d6b4df0e6ad6f0de24322dc2334f0eccb79120edc6783d38c62b37f699c49fb347879bbabd89ff00c724ff001afa3c8633a35b0b4ea6ea72fcdff9119cd1f678187f5d64782781bc17a2eb3e176d52f64d4ccebe712b6c015db1941fdc3c9de4f5ed597f13bc2d65e17d52dad6ca5bb91645937fda4004324853230070719e95a7f0e758bf8f4d7b2b2d066d4bcb1323bac90a2e2550304c91b7cdf2e40079f435756d757f8a7f1374ed1174a1a6dc190c7323ff00cb205cbbbbfcab800127a741debf49a4b11f5e7797bbae975f2d373e424a1ec76d4ea7f667f86326b9aada788351b4df6be69168928f91d9305e423baa023eac40f5afa46f6ea3d47576d36d6309a6d93e123c7df7ea5cfa927bd49f0a63b18fc3fa8dee95015b0b661a5695918cdbc432cff57766627b9fa565f8758cbaddeb27dcf38f3ebeb5e6f136324f0d1841e8d9f4b94e03d84aa73af7a2bee6ff00cb6f5b9d869b60bb47cb5d25a5a2b6937f011f7e023f4359d60c891f2456d696e8f1cc010418cf4af9fcba8420eef7d4e3c7559cae72df0a585cfc24d11c1c8fb242a7eaabb4feaa6ac6a5611c887e51595f03672ff086c91860c33cf17e0b71228fd056f5d5c47b1b0735be654a0f7270d39466eddce027b18749d653518331107e7dbe9eb57be30f8574ef1068306aef1afce9f64bb75ff9690c9f2807e8c47d33ed5078a98b4326cf4e6b7fc268fac7c2ebbb467dced04b073d9803b4ff002ad7867152f7a93e9aaf91ebe67072a34ebc9ff75fa33f3eadbc3323f8c6ebc3b7d706cded1e749a464c91e5062782475dbebdebb94f09268ba2ea0965ad798f6ed397528ab978a30fd0124f1d3d2b53e323b787fe29e91e37b4b36b88b5ed384cd0ab94267d8609941009077007f1a93c57e2af168f0f5cdcdc7841e04d42395e4596f9a5961478f6191e20032290720b002be9331ad5fda4552f865e695fefd763e730729e0ab4a49da716d7e8637c2ebcb8f187c58d03480cccb2c9b0b4af8e809ce7f0afa4be3968926912d8cda85c452c58b4f9231caac732827dfad7c89f06e77b6f89da0cd1b1575bb5c11d6bed5f8bb6cdae785f4e32491c7797105ac625719dbba68c648f4cb57959e52a14a70a4959db4ede7a1ece5f98e231b89a75b132bae66b6db45b191abfc42f0c691a04ba2beab76973322ef5b2192ae0e475e08f6af2ff0009a5dddf88353961f126a44df958becd7516c53970c1c6d381b028c600eb8ac4f18e9b77e0af18db59ddcc8d799da93bc5be27c1c7cbf89c67afb576fe0ff04eb177ab4de20f12de5b6cb67c1b28d88dd8c655b1f757904f5ce7d39af079686070dcbcfeef2b49b776f5d92b5b7ff23eb6951cab0f1728cafd6f7bdde9656b6db6e769a8eada778abe224f6f6d7be5dbc164bba66e8ce268bf9951f9d73bfb414613c7961cf1f667ff00d1f255abcd5ecf56f16dd3dada8b63058c714b16c2a6375ba8fe53d8e0018c7183517ed1a00f19e9cc3bdb483ff233ff008d75f0acb9b32a57566ef7f9abf4d3ee35c9a92a59a508c55972cb47fe1357e2542afe1bf004808dd2c918603fe02338feb5d178420317c79d602b70c8e5bf353583f101037843c06eac4e258d4ee183d17a7b5761e1bb430fc79d61724e212c0fae761afd59fc12bf67f99c188a9cb80926fec55ffd3889ff0069b4b15f07da4f7ecab1477aac0b360676357ceb73e26f0c5a8dc3c976c7544dc71f519afa4ff696b5d2eebc051ff6bf95f678ef626cc9f741c362be717d57c1f6902c627b371fecc7bbf0e95f9be77678ab3e6d968bfafd0f91cb75a0918f2f8c61607ec3617521cf0a62c7f3c510eafe22bb0ad6fa2c89b88c6f38c7e40d5c1e2cf0f4058c323b007a24247f85463c7ba5c85b6585f123bf978af379174a6dfab7ff0000ede5697c2296f17ccbb76db458e3279c7e66ac59e91afb8df73aaed040c84c0fe42b3a0f17ddcf76d6f6da1dcca402771ce3f954e35ff1339091787dd077deadd286a51da097f5e6ca519336adbc3ec189975099cf7f989cfeb5ad6ba7da45188d8c8c00ef8ff0ae53fb47c60d1ef4b08a307b1033fa9a3ed3e2f2a1c3ac6c7af2bcd3552aff0032fbd14e9b7bb31dfc410a713584ab927f8b18fd2a7b4d674c72371b9423b15c8aa2dad2ec47171110393f2638ab106b566d182ff646047f10edf8d54e9d26b5a6ccdc9a65e92ff4d63817c531c0dd1903f4a74777652613ed762e7b64818fceab3df694c9f35bd9904e3a8a812df429d8936717a6564c62b18d3c3afe65fd7c83da48de834c826412470c4c09c83149ff00d7a956d2e2ddff0075717d1718f95c915956965a4c50158e3b9881e7e49734b1d8db2bacb06a7a94614f40f9153ee5ecab3f9a0f6aec6dfdaf558172ba80719ff96d0ff515d9f86351bd3f0a3c4bf6a8e32d2489117899b001e4647d6b82c5c151e56bf32e073be2dc2bb6f0d4572df09fc42d3ea49328ba8ce2380286e0704d7b3c3897f6843de8bdfa59ede87460a6a78aa4a4bed47f336ff6769c5bea3acbfcb86b43d7a647355acf514b0f8b6da8bb6d4563ce323263c0ee3b9f5acff84933443564fb5adac525ab0695b3b548c15ce3d4f1f8d74163f0f2ef5386db5c7d72156bdb549829b7270cc8ac07dee9cf5afbacd338c06572e6c5cf954b45bfe87d5e61530d4331c4cb112b29c54766fa7923c8b5895a5f173cf2eddef781db6e3193202718af62f8ab3236bb60a4e1563624fd2ea035425f83d1497df6abaf145bc67607056103120390397fbb5b9e21f08c9aedc594b7de26d3616f2654bb3085f94b3230f2f2fd3283ad7e4fc5d9861734cc6856c34d38c1493dfa9398e7380c457c3ce9cf48269e8ffcbc8e922b9b5659215998db422dd58f3feadf24b1e8704800fb0354e68ee2e7c3777a31b4bd5d5675651711fca86439f9b774231c807d8550b7d2356b69f4f9d7c5fa0a18e36b6ba46841592119dbff002d3e66efdb19352cb6fad1822487c5fe1d8bf784346222d1aa7418066eb8edd2be36183aaa69ae5b5efb7fc0ff0086f933e51c29a95e33bf5fb5baf975dfee3c62de69edeeedb4abe935bba9a1d42741797d265672b132b9453c819239c9cfb74ad5fda3fe6fd99f435eea6c73ff007cb7f8d57f89da1eaf61e308b548f559fc47a95c478b536d0aac36e8bc6d600b638638518f526bb1d63c1369e2ff00876be17d43c696771a7aa426d26b748c4a8c98215cef20e391c57d3d59fb3af86c5a7eea9272d1befcda25fe476e68a388c14609ebf3b75f2f3eb6ea7c89e06f186a1e153722d04844e8cbba397cb75dcbb5b070782300f19e0608afa33e0ef86aeac7c1373e28b8863b7d7fc603ec3a5c4a0816b64aa04920cf3f7140c939381eb54ed7f66bf0d3789f46d3ac7c4f777ef2cbe6de2148c04b78f991f2a78e4aa8f76f6af49b8d4a29f5bbbd46c1235b58644d1b48897eec712732328fa2633e82bec31d9ce121829e3282f7a5eea7669b7f3e9e763e732ac0559e25736aa1afcfa2fbf57e499a7e08bc8f4ef81304b660fee9a78f2783b848c39fd2b8682f6fe2b3db6faa45a4c006e9eecc4259893d446a7e51fef367d877aedb40d392d7c25e22f09c09349f62db31790e4492c8819f6fa00474ae0ffe102bcf1169c08bd9234c8610ff0004983f75bb907eb5e5663579dd2e676565d2fe5b1f5f87541ac4ce4fe29dfd53d57e6735ac7883480ef141f11fc5c2e3a0275689067fddc0c7d2ba3f83fe36d6f4cd61ad350f14dd6b365729b224ba8d59d58f7f3072690fc22b097c530ebd2f86a1b69524591ed6d9b6db3b2e3a2e72aa480768ad7f10782a2b2bb3e202b1437935d09658ad902449923eea8e87d6957af4a14ed4ea36fcd7fc032c2d2c1d57ecaad34afb3526f52f78bbc43a8f853c1c3c3fa1ea71c1753caee6ee5b54dd123396621142a96cb60647b9cd78fddea3a134c0f88bc53e20d42e8f2e67d6bc819f68d48da2bdabc6de11b7f11788a3b59e59218e4d3f01e33ca364e0d71daffc238f53bcb36bbd0ece292ce2580bd97c8b3aaf196e4724753806a70b563cb6ad377f244c69e1214e3cb04e4d5df336bf22b783afed23b72ba26b379776783e6d9dedc89f03fbd1c87907d8920fb75af5ef83b7f0cba45f582312d14bbca9f46eff00a571b7fe01b2b8bbfed5bdb78a0ba48923892d4794888a30a085c6ee3b9c9f7ad2f862069dad6aa036d11d93b1ddd3007ffaaab2eaf4e18ff71b774f72f1b4a8e232f9a82b356765aabf91e03f13e06d5fe135fca885aebc3bae79eae0f2904e4a363db7aa1fc6b81d4fe21cb7be081a4496adfdab3bbadf5f8201b8898a13bbb976f2d0312790bea49afa1a182d6fb581a46a365696b0eb9672d8cf1dbc4234951d37c6e40fe2575ebf4aa1e17f85bf0a24d2ad65d4a2bb37681a2bb88bf0b2a92ac3eef4c838e6bd6c4e6986c3e0e8d6ad094acecb97ba5a5fe5f9791e4e7796ce7984e70f754d295ad7f27b79abfccf9efe15180fc43d0880cac2f633cf39e6bec8f8ada9db58785ed754322ffa0e9b14a573dd2e6dce3eb8ae66cfe18fc22b2ba8af6d92eede787e68e44b8642add9beb5c378fed7c39ab6be9a2f83fc472b5c43201750ea72b98a53904ed62086c63254e01c719e95f3d8ec74739c652942328c617bdd7ea9e9e5e63cbb0b1a29733774eebdd767a753a8f0ec5e2ef16eb373e26b1f116977fa2ca59ade192dc3bda4a31b14c6e9f2b0eec09241c8ae9a3b7d5eca7b99ef6612cb2b4975793247e5c4ce5022448a4e76803249aafe1ff097c3dd321956d356bcb669595dbecfa8f92a1bf8b003743fa0ad3bbf0ff802ea6b869b58bb649b0151f58722303ae32fce7df35e46231939735357f67b25c9afcddf766bece2a6ee9dbca1e9e6bfa47291a22f89eef51789eddb50b54dc0c8ad1b30962f9908ec78eb4ffda0ae525f1969aabff3eced9faccdfe15d75ef86be1bdd8b5dda9ac6b6c5446b1ea407ca3f873bbd79cf5e2a09bc15f0ea6b8b6b8bbd665b868c32b093512c64c92464e78c67b62bbf2dcc296071d0c4c632718adb97caddcf6b0599e1f0f89a5889a9fb89ab72f9596b72978ee3317833c1570c8c07c85c9272081e84fa7b577de1cc4bf1cb519d5f2af621c7be768ae72dbe1df84aeed4082e750b81131466fb51f95b6ee1c638f971f9d51f83f7325b7c4cba82799e41149736caced92151c8507f002bf47cab89f079bcea50a29a9455ddd5b46fd4e5c4d4a388c1d554a4db8c67bab692927dded63d17f688fecf1f0f657d4d6236e973131f306541c9c57ccb77a8783a26242e9e095049108ce3f2afa9be32c16da8f812fa27d9304512aa8e771539c7e86be6182e7c3aebf35a60e3f8a2af95ced3fade89bd16ccf94cb15e858a3ff00091785a28c949ed632c71c4781fcaabbf8bfc3bbf22ef01783f21ad1b86f0f125becca141c7311aa6f73e1b590974894118e636e4d79d185fec4beff00f8076249bb95e3f16685f695f22e9f3db0a6ad5d78e3484c3b49281dff0077d3f5a459bc38c9bd1601838ce08a9546852c64ee80151c64e3f0e6a67157d69bfbff00e01d1050b6a8860f19e93792385f37ca030084e4d53bef1ae996d3794cd23e071f2f3fcaaee9eba279523ee8739c7dec62b9bf118b38ae008ae21209ebbc66ae95384a7cbc8fefff008054e505ad99a0ba46919c344bee039c7f3a7ae83a419010831d7fd61ff1ac3ff8452fe49437f6dcd93d704e3f9d685af8465dde549ad5cf03a02793f9d6dcd28eaaafe64ca945752ecda1686a9823affd343cd25af86f4323895b8f596aadef82848777f6d5ef1e8dff00d7a893c1301243eafa8b1038f9e9aaaedfc5fc198351bee6b4fe1dd19611b6e9d727b483fc2a483c39a5b0e2fa651ff5d17fc2a8c7e05b22809d4b516f6f3bad5a8be1f69bb7fe3ef5121bb9b822a1d7d2ceafe03508f72f0f0e69ea30baadca9f5128aeb7c21a14b2f87aef478b57d41ede5984ae23b54940c0c6e672c36819e801ae52dbc0da1c08a6596f0e3bb5d1eb5e9df08b4dd374bb2beb1b2591d6f32373485f0e141519fe13e9ee2b831198d6c2c7da50a96974764bf13a28bf6735522ddd6a72de0c926b08359b31e1e82faead99cbbdca64c780703b8ea3a0c7d6bdb7c28ca7c1be1e723ef69d0b11e9fba8eb80f095cd95cb7891a0531c82e5d98483396283231f837e55df786983f81f42655233a6c5f87eed2be473fc5d4c4d1a93ab7e6728deedf54fee3bf3dabed2a5f96ceeafff00808f92d85ec92e2f2ea211b0dc567655049c00003d4fa532dacece49678a1d526b89ad980b8856f1b7a7d406c8aa377a8db5a585c5b5c492c2e674b98a7890bed70060300091f5c1159965add88bcb9bcb67580ca7734d22f940c87ef305c0620fbf5ae1a3ed6146324e6fd1bb2febb1e6d3c3559a6e3fd6dff04eb351b6b6d336196e6fd99ca82ab78e366e3819c9a823822927963fb4ea2caafb55d2fe6c3123a7dee31deb1eebc5da36a7a738bc945bdcccaa1c4ab957dbd0e57701f438a7daf88b48fb141656f7d651bb3796ccafb23814fde6e70cc48e3d326b6ab1c64eacbd9c9c637d357f8ebbf7ede489585c4461ef45f37f5fd7fc127d5bc2fa7f883489ac7509efa5b59b1f7afa520e3904658f0319af17d2e4bdf0d789c787e6bf9ed2d2700436fa55dc8b15bcac4619d98e30c067a9e4f6e95ed17be20d2c46bb6f2131b8da0ab7ddc703a74e2b80f14695078d6fb46f0bcda8cd73f69b948208a150238e15f9a692420619f62900f505abd0e1ea95eb55784a9cd69bb6b7767dfcadd7cbae9af5d0ad5b0d4e756a6c95f5febfcbd4d5b5bcbdf0efc35d4fc6375753cba8eb856c348f39cb3fd9c676b73cfcc4b3fd365729aab1d1f4ab6b48e42b369ba5c93c87d269b0a3f1c135d37c4cd52d75af8916fa4c242e89e1b8c2155fba240067f2c2afe06bce3c53a999b4ebe998319f51b8123647dd8532100fa924fe15f479c4955c5d3c252f829e9f7e8ff0bb3e9387b2d9ca9465517bd51f34be7a25f28ddfccf70f865ad2789f4c86ff006a279b6ed1cea3bcc00ddfcb3f88ac5f0cdf9d3a77b1b8f91e26230463e95cb7c04d7edb4abfb4f0fdf9753a8cde6dbc8a33b5b69050fd401835d7fc5dd227d3ee62d5ad636f298ed95c0fbbe99af67114e55b0b1ad4f5e56cf331183861734a98392b467ac7e57ff86f91d536ad0b5bee665da06735c6eb7e22d16fa1b8b77be86011153ba570a1f9fe1cf5a8fc2362de26597ed970f6da4d9286bb917ef484f44155fc4be23d1e2d4a1d1a1f871a7bef42b6f35f5e2465d3a70dd14fb135cb4b0f3c5454aab4afb2eacc68e1214b10e9422e525abb34947aef2695edf7234f51f116896faad9dd36b366bbed587ccfc12082173ea79fcab5b49f13e9da8d925cc1202a7820f63e95e69a3788b4ed0edd1a0f0068f751dccc500b9bf49a6c83d0000ed51eb8aeec69565e23b590e9da6a681e2148b79b44903c17483bab00013ef80477ade5837057a72f7bb178bc253a165562d47652bc5fadd26da5e7d03c45adc0602b1b0c9e2b2f42d2b539b44d7aee1b7669af6c5ada05ce325f8cd60e816baadcf88edada6b4778ccc5640c0e1429c303e86ba9f8e5e23baf09f86ac6d7487f2ee2e2e0229c7dd50b93fcc54e070937cd89a9d36379d1e4ab4f0186b394edaf92d7f43c9f51d45adbe25e8968cc8cba54f6f6cfb4e572080fcf7e4b57a67c4ef0e69da0fc41f3a3b781acf5a4135b4462327fa482124554ee5818db1fef578669e1cc9a83dc93f6d8d92e1189e4b06cb7e873f857d13accda878ffe0edbeade1e20f88f46297b62460b79c80829cff79723eb8ada95358da33c1376beabd57f9afd4f438b694f2f961b130f860b924fbdecefe9b9c578efc489a1da47a2699e0b49354b98cc578b6be5acb6fb94e30b1ee60e79c123008e6ae7837c0f1e8de1eb9b6b19d752d6158225c5f22a359c5bf2541192403bf77a927a0ae6bc0ba8e8ba75ccde2dbbd2a79bc4b7c8c65102ca210cfcb1cb70bb8fde0b9ee062bb1b7d662b78749bed367926be114a2fe29617559199b73738ee49c75e31ef5f118ba352853950c2a695f56fed3dfbecb6e89f53c9961f10acdc5a6fd6d7b37df6f3bf53a8f0c43a74da42dcdb456ae659a55795d7ce284360000faf51db154ef3cebcb5be56d3ade5fb2ba9b69a18c00ff3152a47d41e955f4cbdf0e5d493de23ea3a7ddcec0cb1cc9232f031818e31ff000222ae9f1169761298625bdb90cde64d22c2d938181824019c7000e07eb5cd8683854bca9396d6d1efa5efb2b79e879f28d4f6ada4dbecfa7cfaf6fd05b1d2b4a6bb71269713dc663631c1106f993be718ebf9f7a975cd1748bcd3ef0c16f1c3776eb25c3c7b0238660796f51d719e9556cb5ed2b55b3bdd3e48b5ad264ba2ac927d9cb602e300b460e071c8f735378a7578adadb509ec6c2fb53d4f5083c8668ad6411a2807ab118ee7007ad73d5c3e36a55e795f7e9f0afc6d6feae0bdbfb7495d3ff86ebb5b7fb8b5f0f007d1ef6423e679e127ea6d63af33f0ce9d7fad78abc56fa74ceab6d7d331f289dc7748de809c0af4af8661d749bd8e452acb710ab29eaa45bc6083f8d701f06efd74ff001a78c564ba92d615bc6cbc7c1cf9ae393e9ed5ebe0b10f0f5abd44da4a34f6df635a0b96589695da4adf7a28786b54d634ef882ba55fea124f692dcc2b2ab3161b091ebf5ae5b58f234fd42f2da4d36f424133c60a0dca70d8e2bb3f1daac7f1334eba4f283dddb25c49e590417563c8c74c800e3deb8ff88675083c5f7ff67b495edcccc728fcb727b7e15ebc2bbc4548426b9bddbeaec6d99421254eb455b9a2aebcccf86fb4c91fc975b9848ebbe3e955e58b4894bc46f5461bf8e2c5476da8cab71e548b7319c64f9b1f153dc5e4539f2f64121da792831edcd75fb18c5dfd9c97a1e559df42ab5a5894dbf68b3287b1c0cd563601942c660653c01bf152dc0b57519b68cb7fb248fe555de0d3c950629a263c0d8e08fd6a97b3fe6922d73964c0b0438f2d4803a2b565df68d6d78aa254c80723e6e959f35aea1a6ea4f7aa86e2cd43129dd47b55b835fb69d37208d5fbacc08ae88c2ac257a52b8f5b16cebda879c638f473c0c8e09c83f4aa2359f17cf3398b4a882af1ca9048f6c9aecb50d434e867e6e230dc6081cff2aa72f88348446cb36f51d318fe75cf4e52dd52fccea9ae6d144e724b8f1e4ca1512dedc1e84853fe3525be8de3d9a42d2eb36f0f6c2a8c0fc855a3e2cb4f35a386d6791871c0cf3f866a587c47ac4aa7ecda3b004f05c63f9915d0dd48af862bee399d19f6161f0b789a4c35c78a27181cecc8e7bf7abd6fe0db89306e7c43a8c839e3cc233fad426ebc5f326d852dedf3d4e73fc81a963d23c5372c5ae35878c7758d703f53fd2b9e5564f7a8be4bfc9171525d523561f0668eca0dd5d5eca0f5df3715dbfc3bb3d33c3f323e92aaaa27667621a4dae54004919c719fcf35c045e14f306fbbd4a79481c8f3319fc85773e19d1348b3f85baf5c7f6cea16914770b95b69b02590a8c027afe19a8a18396633f610a8d37d7a5d1ad39de718b77bbb7dfa0ed366d36db4df18eb17da9436c24ba78a18838dcff26011ebc1adff000f7c55f0543e1ad2b4ff00ed20c6dece28a401186d210023a7a8ed5f3cf8865babab85b1b2b778a16c08e31cbc99eec7a927deb52dfc0b7b0e906e1af63498fde0bca45ec4f73fa0acb34e1fcb60952c4d56af6dbc95b6ec7d4e3b28a57be2a5dac97a58fa1adfe23f80249563fed6da7180aa675fe553dcfc40f00c0c3ced52e63ce7afda78af9474cb86b0d4920b394cd2090069c9f7e715ebfe24944ba54186dc4dc5d85279ce7cac57363327a78354e9d2a937195f5ba56fc0f36af0dd2a6e0f9a5ef79ec7a4c9f10fe1ea91bb52bc00f4245d007dc7b5249e3cf873904df5d3123f84ddd412e9f1b5edbc9749a25ade5d2a081a7977492018c84461f2fa71deb46dfc3cf3dfdc3cee89049906d71bc0017875e386cf5c707d2be6ff00b4dd149f34d27fde5afa7ba7932c3e0e1ab94bff0002fcb4feadad8cd9be237c388b97bbbe03fdfbc19fd6a1b3f1868b15b6b1e3fb0134b0dac3fd97a3acd248de64cc732c8a2424819dabff000035e65f16eca5875f8347d386f7bb91041193922671b4afb0c904fd09ab5e3078aca2d2bc276ee1acb45840720637ccc32cc7d4f7ff00811afb9c9a8468e11e6529c9bb5a376b77d744b54bf33ba39261f138ac3e1e129494bdf926ef68ad97cde8669bd962b09da5919a7ba7324ce4f2cc724e7f13595765e48634662c588500f614b71379d2606768a8ae5d972eabf747cb9e99af32941a9733ddea7ea3468a83dac4975a93e9dafd8ded8b92d6051d38ee0e715f6169eda5f8b7c256f31d92dade40ae07b11c8fc0f1f857c49a941796ba79bc9a09846ec17cc31b10c7f01923a9e3d2bd5ff67cf1b6a3e1fd2e3b4d61ddf4e99f7c5ceef2413d47fb27ae3a8cd7d3e595a9d0a5c953e17a1f11c6b81862e34feacef569eba76ff3bedf33d97c55e1ab9d37c252d87866001dae567923ce3cc03a8cfe5c7b571977a249e2948b4eb8d2254badc03c8eb858c67939e86bd92cf54b5bcb549a391248e45055d4e430a9e28a05f994019f415db89ca68e22a42aa76b763f38c367588c2c5a6bdfbb77eb7f3ee7976abf0ab48d32e20bfd1213f22fef2373b893ea2ae58f86f5b975bd36f06c823b59d64c83c95e847e22bd219e1e32450f756f026e25401572ca30eeb2adadd7dc44b3dc64e1cb51f33daef57a94db4bd36c9ae6f5208e3798992420756ee6be54fda1f5f7d47c5c9a723831d92eec67a3363fa015ed9f14bc7f16996ed6f6452e2e9be558cf45f73fe15f253e9fab6a5e3bbe3757171235cc85dae655c45b8807048c91c6054e36b539274a2f6d59f51c1986a985c553c66223eebd17969bfa1a96777136a56b792aee470239c671d38fe55e9bf03bc66be14f1349a4ddb66c2e58a2be70064fcadcf6af339fc35afda0676d367962ff009eb00f353f35cd46d33ec413091678fe51bb8217d2be7a9c9d0ab1ab0e9fd7fc03f54cc70385cd30d2a2e49c64ada3bdbb3f91ec9f1075af0c7817c617169af68d3cb67aa37dbb4e96042e06e3fbc888dc00dadc8f66f6aa03e23f8022c337877511cf7b40783df97aa2b736bf123c0ebe1ad4e744d72c71269b3c9c962bdb3f4e0fa8e6b80bd9dade7921bdb6db716e4473dbbf50d9c60fe7907b8c1a79be4942ab58ba2e7cb3dd293493ed6e973f36cb72ae5ab53058c6d4e1b6bf147ba3d8e0f1a7871b0abe0bd5c6e40e33a7a7dd3d1bef74a917c55a14d3794be0ebd590aef08d670eec7ae0be48ab7e15161abdba4375a59b84b68513cfdc191e45001010f6ea013dc1c55e9f40436732e996c4ceb36556e1c05b427862a3b0c1ced1d703d6bf38a98ca709ba72e64fce6edf9984e9e1294dc269a7ea60bf8a343334700f0b5e24af8c236970924920776f7155351f17f872c6fd2daef4a292b12150e8f06480719e5bd462abdb47241e2db20d2f99146e8b0b1e7282e900fae395fc2b9af8cf1341f11748c08c063212646daa3fd25fa9f4e6bdccb30b0c56369e1a5295a49bbf33e9ea76ba584a55129decd5ff00ad0f49f0b78ded26335ae95a26a12885b7cd1c1670c210fa901c7615ca7c2ed42cadbc7be2596f6d2ea5373334915a44edba42642402abf7b00f3d6a9785a0d72ffe265f59e98d6ed0df638824da83007f1b803a7a2b7b56abf87db44f1b7d866b8b9b7796550fe4dc070fcf7215411ec56bec305c1f56188aaa0fdc95acdeaecbd743ccface1a4ead2c2c252728a7db4ddebebd6c4fe388357d5bc6d6facbf8665d2ecad63da5cc7b4367f888383dfd2b92f8911788478beee6d396d67b76c308d9f6bfbfd6be82f12787ad34ff000ade8b73348cd6a58976cf2307381815f3df8faeb5e835d8ef2ced60bbb496ce0936e70e09419feb5cb99e5ff53c742ceeb91efea7350c67d6f0d0bc52e5d12ff8739fff00848efac815d4f469d0f03704c83f88a5b6d6fc3f76c580855cf50eb8233d473834e97c5702c1e5ea3697368c1bef14dcbf8915116f0feb206d6b5b8c9ce06037f8d28c34bd9af4d7fafbc6e0afac6c482df47bbe11b6e4e4147e9f9f154eeb47fb3de34f05d4985fba8e0107daa51e13d39149b792e2d981c858db0290693751c9997507923519008c15fc6a95571fb7a79aff00872e308df463eded6ee68cb3dba15c70aa793f8555bab5b281c89ac1598f5252b563bd92df11795bf031bd5b9c5636b9a9dbce5775c94e7907839fc688a9ca775b791cd5538abb2d2f8661690497aaecd8c61e4241abd0787b4c8705208d428e8573fa9aa1a96a7aa6a1105b7063248219401c7d4d566b5d4a6da27b86639cf52d81fcab99c1ff00cbca9f2d4f464a4fe266e32e916ec0492c6a3d030fe42925d6349b6c04058e3a2a75fc4d65c3a16f60eed296c7073b73ef5a30e916b18cca215c739c648fce97ee16c9cbf039a6a2b76427c5124bfbbb5d3d98fa9271f4e07f5a827bdf124ca7698ed9491f771903bfa9aba2ef4089fcb6b812bf609cff002e2aadc6bf36e3169fa69daa3efbf03fcfe35d108547f0534979ff00c133d2fa22bc563aacebfe95797130c71fc3fa9ff0af61f85961a5e9df0bfc430ea062d92cea50c9960afe59c60773d3a578d9935bbb9019ef1604feec4393edc7f8d7a5780ece63e07d4ad4472c80ddac85d8f3cae3a7e15ede46d4b1f084aa5ef7d16db7dc3a54a53ab08b9595d7e673e3c337171a35d5fdb46f713a36e79947099fe1e393fcab98d4ecf5eb981ad67b87f2d572c838c0f43fe15eeda68b8f0e7c2bbfb9651147753ee59380db4718fc6bc8e6d4eda67ba60ec038c024fab0afafad93e06b5772a96bdf43f42cbf1ff599d55249c632b27f72fccc2f0d787de4bb471119ca32931af5033d4d7ae78bb4eb3827b0b32ab1daade4c08f45f36dc1fd09ae2bc23addbe877b742746769c471ae3ebff00d7aed3e2abfee863f8a4b8fd6582bf3ee34a7ec71f86a34f45697fc3996712ab3c7d2a76b47a3febb1e87a7d9e9704da9ea77ee567fb4a95988dc61080044451d7b9fc4d559b5c96e36df5a49302a5fe67c461507dd62a413861c8c557d35b568adaded359d3bcddcbbd5d254f33e5e01619c138239f7ac6f194a90b59695a75b449aadeb18ed3ed6c25f201fbd2ece40083279f603935f9e61f0d5abd7860aa45b69f7e9b6abcbbefb9f0928420e52a8f9ade8d592b7aff005b1c8e9fe55cf8cb5af1bdc4df6ab2d314c56aec00135d3280c17b10bf7463fbc7d2abdbf82bc45ab46da95faa69f15c3195a6ba3b4c85b9caa7de3f962bd8ecfc37a6681a369d0ff67056b5402c6d663bfcb23acf2f66958927d013eb93513593dddc35c5d3b4b2375673935fa166b8aa74214f05455d417e3d5ff91d39567356973d78a4a52b2bbd6c968a2ba7abefd19e67a778374ab63f37daafdbbb1c449f80e4fea2ba0b5d0e38c0fb2585a5be075588337fdf4d935d9c367041ad5b594c062488cc4762838383eb9c551d3ef629de1242e27b89e150074d84e3f315e254a7886b99bb1d75737af5f56dcbf2ebd36e8cf21f8dfa5dd45e1d8a578f509bf7ea5a48240a23183cb939ca9e98f5aea748f0ba2e8b6c2304fee97049cf1815a9f1c3418754f025c335925dbdab2cf1c6f3189320e0b160474524f515a5f0aaf2d75bf0369d2c0f66ef14221956d642f1c6cbc6dc9e7a60fe35a4e9d4960e3cbbc5bbfcce78e613845d4ee57f08e91e2859ae21d12fc44f0c7e60865e524e718f635b361e28f1994ba4baf0d33bda3059bca721867a1d9cf1c76ad8b213d85d2cf6e76bafb751e95a36fa9df2ea86f9a342593632818c81d3f1aecc0e6352953507269df5eaac7978bc4fb69ca52a51976e8efd76b5efe7b1ca5b78bbc4b7b3fd9ecbc2f7b24ac70376401f5c8007e74d81bc69e20827936c3a6d9405d659cb67257390bebe99aefaf35e95e02905aec908c6e66ce2b099aece91fd99bc2dbe49200e4e4e793f5aebc4664dae5f68e4acf6d35e873d2ad17ac28c62f4deefd5ef6f43c7aff45b899da560cecd92493935c8f83fc2a750f88b7d2be95083046dbae97510ee18e06d6881caf4ee057bb5e5a476b6f24b215445524b31c018ee6b8bf81da44375ab78875f5d33428e3b9b9d905de9d72653328c96df96214e4838c2fd3a579582955942a7a5bfafe99f4388cd9ba51b74772cc5e14685b7425d0e739538ab52e8978e9b26905c2f61711aca07fdf40d7a11b651d8521b543d54573fb3aab4b9c2f399c9de5a9e5b278474d9255925d323b7995b72cd68c607523a1e32bfa537c73f0f53c5b631de69774bfdbf6d1edc4aa10ddc60eed8c4705bae1b8c1ed835e9f3d8230e145655c5ab44f95c8c1c823a8aebc36678ac15e2d73425ba7fd6e4d5c64f14e32e76a51d53edff0003c8c4f03a44344f26c0795751c84cb0ccb8647c8dca41e84723dbf1ad4d6ee2d952f53528258e0959649ae652ab1f007193d7a0e0039a8b5bd25b5446d62c2dcc9acda00f2c48fb3edd12f6247fcb45ec7bf43c1ae2752bfd3356d3ae35d974f631c1f32c523b162c0aab1393f2805d463d735f1d8dca271c42ab09374e7aa7d6fd9ebba35c2d378baae73def67eade96d7af4329b5886ffc5aa6d2110dad9adbc50a0eca2e62c0c7af7fa9aaff001c084f1be95230c811ca0f1dbed0d562f6d747b4f1004d2a49d8f971bcc1d40443f6a8b6aafe1f5fad55f8f1c78a34d6c73b2e07fe46ff00ebd7d3f0da87f6de0f976b4b7ff09f4f82a74a79950518d959effe1fe99d17853514ff0085c16124512925d622578dddb3f97f2ab5e3d731fc521e63aed122956c01bb9ae23c137322f8e74ebf66f2e286e166964270b1a2904927b0ad3f8a1e26d2ef3c4b0dfe91706611333191d0aab1dd918079c7e55fbcb4a356fd2d634ab81f6798c125a7b369be8b7ddf43e83f174e91f86eea562027f66b3658e07ddaf9835fd5aed1ec24882b2369d6edb4fba03c1fc697c41f103c4fe21b1920bbd4ddad5632be5850aa401d3000c8e075aa3aacb7863d3f6430dc43169d6a19338653e52e715f9cf103a33ab1f6724e4b47d8f80c0d4c2463530f4aaaa9384ad2e5bd968fab567f2d0af2eaf633a7977b6c50e7f8c647e75972f87b45be9bed102224847de88f1f953aedf4f9f285dade51c18a5231f9d51974f9edd44f13b277ca924578518a86e9c5fe07745dbe1762e2695add8397b2d51e58fb4527359fa8f88b5ab37027d3c303c33a03c8f7153ff6cdf5a1114c0ceadc038e7f1c55d92f6d678d5a65319c670cb91f9d5c6127ab4a48ae67d51890ebf6572d8467824ce79391fe155f54b2b3ba655bf469b1f329500ff3ab9ab787adaf5c5cc2c61936f0c9d3eb58d2e93ae412b04bd7993a0c9e7f506b5a50a49de2f958aada50b4773d02716766fba7b952aa39058fe55523d7ecf76db7818b1242e78cfaf353dce9d6ee63124818e7900e334d82c9032986058829196c609e6bc8a73a096cdb3b5c63d480de6b173232c5b618cf39231c63a64f355ffb36769565bab8926da7287a95cd6bc8b6914ccd2dd148c7fcb307269b3eaeb1e22b3b46638fbcdc93f80ae8a752bcb4a6925fd7566138df6456b7d1625712c368aadfc4cfff00d7a7ddcda6d9b0fb55c82c9c944e4fe555ee9754b96cdcdc9488f545e0fe43fad476da643e60f22dfce627e6771c7f855354af7ad3727e460a2efa9243ae19d9a3d2f4fd9b7912483f9f6fd6bdafc2b2ea7e10f0d59c2348875bb9d5201777120977018e02800630030e9dc9e6bca63b0b3b7b9b71777489bdd5420cf009fee8afa35534e97c3fa4ceb30fb48b544fddc0615f2ced3911f551c018a9c5e3aae07092c56192834d2d77774ef6bfcbf1309384651e78f32bf9fe68e0fc55e2f4bcf07b78775af0ddd6936f74dfbb9b9d88fd40e477ae2e5f863a8cb2436f6cb28c0562fb72369e73fa1af69d467d2bed9a741a9c5682ce49248dd245e198c4db7af5e6bc96f2d75ed3bc3f0eab73e239a348a48fecb0194969194f2de9b5493d7af3d38cfa590f1347174635718aeefa5bf55f919e2f8a3fb0e8f353a32e5776edaa5e7ab5dbbbfbce2bc41a75c5a5e5bcaf1b206f2ce08c10411c1af40f899895c479fbaf2939f433402b3fc51e2683c49a6cf73a85bc70ea02350ee9f7657040dc076ce07157fe232e2e198f470f8ffbff006e69f1857a58ac7e0ead37a38cbf347d8e033ea39e53c2e2e93d2cfcfb69ea8ebbc3961a7d9dd596a220446b9758e01bd8054391b88cf5c2337e2a3bd5ff0083ba08d5fc57ac78cf5158e668667b0b27192adb5b323ae7b670a3fdd35cd6a52aeada45869da7cd18be9635b7407fe59103993e81726bd27c197969a2f862db45b188886d231144c7ab81d5cfb93963ee6b9f0d4e860ab7b6d9b56f3f33e53378d674f962db72defd127a7deff226d69fed5aa4ae79553b17e82a9cd88e1988c66385a53f45eb53e7273d73591e269648740d5ae63049487cafcf93fa579907ed2a394badd9cf429df969af25fa141ee6e2ebc4d6c6d712791a7c9bf271c332ff008560e822ee33a53cb1308a3d4e612c9d816257f9915d1493c169ace9e2d181796c9a2655fe2c2af3fa560dcdf4b169baac4916c36d3b4d8f4dc4303fa57755a5cb1d5dcf770fcce3cb18e8d2ff00db97ea7a0789746336913dacaa1d258ca30db90c0f0463b8af2ffd9ee4bbd367d77c25782573a75c928f1d8886dc0e010ac31b89ca9e47e75eea1a193c3d14f2c802180485bd06339af01d5648f40f8d3a76b2f36c82fa3114a6eeff00ca8d3f846d8cf5241071edf8d742a31a55393a497e2bfa67cee0ea4abd39c1ee8f6958548e82895638919dc80aa3249a922cb018eb585afddbd8f89eca09cc9b64884b0c7d11d94b061924007eef273e8064d44e168de31bb396f776b97f4fb9b7bf804f0ee00920abae181f423b55af28570da76af25df8ab46b0b7bb60da864c6ce55e4748c12fbca9c64e0761dcf3cd7730cf148f2468db9a2628dc7191c1fd6b08529b4dd485bd7a9ad58f2bd1ff0057b1c87c5cbffec7f036a57715cda5aca222a935d2178949e3e650096ebd3073e947c05d105afc37d3e758f4a5174ad72f2e9b118e190b1e180201ce001d07d2b03e3e5e6ed2ed3458b54d16d2e2fa70891ea70195241ec36b01f315e48fc457b458592e9de1bb5b248e08c5bc091ed85364636a81f28ec3dabbf07417b293b75fc88c55674a9422b76644a98278aae640091c55bba70339ae6751d4960ba0ac7018e2bc8c6d554e46986a52abb1d046430a8aead83ae76d52d36f44c700835aca7725694b92bc099c654a466e86a6df5c831c6495fcc579dfc50b13e11f1c0b88204974ad6525f32d5c7c8ccdb4cabed9c0618e86bd1a775b6ba4b87215518124fd6b3be3de9d16a9f0ee5d4226ccba7c897513a1e40ce1bf43fa52a5875530b529be8eff0081e865d8af679853e6f867eebf9edf73b6a7925f4d6d26a5145636515adbc168a542cc65663f688ce598fd2aa7c7b18f13699c755b9ffd18a7fad53d16f84f23cae4b14b43b8b1c9c0910d5afda12458bc4fa4b31e18dd63f388d70640951cf70aa5a5b9ff0023ed7ddc1667479dd92bddb7e5bb6ce7acf5ab9d16506cd22fb4c8a546fe5707d477fa565bc73dcde497b7d289ee243924a80a3e83a52411c971702e253f37f083dabb6f0ff835b525884b7c8925cbba5ac70ed73204203c996651b0138e0924838e99afbfce335ad8dace9507ee2f91fcfbe217196273dcc2a6132ca8dd049276d399af3ddabedd3c8e22e9765acedfec1fe552f8924b8b1d57698dd6358a250ebcfdd8d4723b74adaf1a7856eb43b3d5e2bdbcb6f36d655b748d724dc06e37a1e981fcc11d6b9af107891e3f15dfd85d43b00b9644771c32838ebf41debe625465ed173c6f64ff0043bbc39a152860abf3ad5cd7e08a53dec376c5aee25b8c8e1c70c3f1ff001a4b782e406934cbd3b7bc128c7e1e9536a7a4da5c3f9d65379321191b46074f4acb95aeaccaa5cc6483c0953a57541371fdccaebb33f41bea596d493cdd9a8dab4320ee075357b4d114f1b62559b192bce08f6aa56d762e22dac893c5d083ce2a0961b759512d6636d2ee2793c7d2b271a7276b72c8a8cdad8d19e4292616778d41fbac322b2aeb5c9ad9c6200edd329c8c54579a95fc4592ea313440f0c3bfe238ef4fd2e5d3ae812b2089b1ca49dbf3ad9d39c23cd25cc8b9abc6c8ec6eb5584798b69102e39cb7cb8acc9e5d56ef7a3bbc519209fe1c63b0ef5be2c176131c43271b9c9193eb9fafb5235904224b8608a78c9f4fe75e052c5538694e37f53d3692d0c9b3d3e1c0799bcc3df03033fd6b592d25642d022c6800070314d92e23b64616f19763dd860544e97b700bbc863848c1c70318f4ef572552a7bd525646738c98acfa7d9c6448e2e255e36f1c9faf4aa8d77a8de3b2c11082df919071faff00855e834d8e570122dec7925b8e7b71f956c1d31628d5eedb6607193d7fce292c4d2a7a538ddf999382ea6778234d46f1569cd9b89a749d5c18f9248390403d4fa66bdbe1337db2da39cccae9a7c7b9669bcd932589259ba13c5790e9f7c62bdb76b5855634957cc67e8cb9e41c73d3f1af4cb36b982d2c4c6b69f26968d2c6018d9230c76b2a1e704f1cf3deb8f3c756be5ae1bcb9afa744a2fee22546ed334bc47a7d95ee988d7f711db411ca92ac92c8a80b29c8c6eeb5cbdc5f783577acbab5a973b7e75258a81d02fc84003d0715c0f8af56bad42f6596e26672588009e147603dab91ba6756c8cfe75c797e4d154945ce4bae8cfadc1708c7114d7d667f2495bf1b9db789d3c2776025bebf223070c4fd959c71f82d2f8cbc4ba56a56b8b6bab89660ac32d06d1cb2367aff00b1fad79fb48ddcd49691bdcdcc56f0a979657088a3bb13802be8618184546f76e37b5fccfa0c3f0ce0f08b9e2dab6bf657cf448f57f8416d2cb6779abce599e56fb2db16ecbd6461ff008eafe26bd5ec62291a8ae5fc1fa6c7a7da5bd8c443476b1f9608fe26eacdf8b66bb2b54e95c95ea3ab56dd1687e6b9bd7552bce51d9fe5d3faee4f1c7c573bafc32dce89ac4113c82457385519de36f4aeba24f93915976df26ad7b1e3f895bf3515d50a3c9285fae9f81e461eb38c9c974b3fb9a386f10dd5ec16da2eb6ba7982380a2dc1c60ae460e696eacdeeaf2ee76942dbdedb08d801cab027e6f7e0d5ff00881a9cf716b2e9b1d9c91c0c76c8ec301b1ce07f8d715a87886eec747964125be21877ef9a4088bd802c7a7381f8d76d5ab0955f671d6e7d3e16339e1d54b28b57fbaf75f89e93a2f89ad350f075ae8d1de46750b0923b5bc8558175d83824760d8535c9fc69d28dcf841b57b7f2a3bed3ae127498d98b8900e8762ff7b918fa53be0df85e6d2fc3516a3a9c9e6dfea005c5c48d20933bb90378fbc0035d36a93699af786354b7b4ba59a34f36de664729b5c0c32eeed8cf51538a94a956537f66c780d53a753f77b377fbc6d8788f5193c19a66b6a4c42680098ddc0565f341c7318cf520f03a66a96b97ba7f8e3c42b36a5e199eef47813ec76d23649372079ae484cb201b5467dfa5719f0a266d43e0e6ad6b63269f049672bcd6cb6b33cbb1c00e3797e739047a62b67e18689af69ada35d5bcd2a5adcc6d35d8690905a451f315e9904fd78af47095a70c449415d2b69ff04b9e028d4a13a8e4a338b76f3babff00c316e6bab5f0deab2f89edbc2aefa8dbcbf6bbb9600c07d981f2c025b1921598f009c28ce33c753e13d56d6eaf6e92d2ed6ead6e5def2d2407394690874ff80bfe8c2ac5e5a5cffc2397f6379a84b76d3db4d1ee902e7e6002f403a735c3fc30f0cdf681e209e792763602d47908c39df290cff80d8bf9d3ccf14aa454dab1cf86c352961a7394bdf4f4f35f3ecff321f1affc4ffe32786b408351d1a39ada659de0bdb4f365dbb83feeced2012b19ee3a835f405d6d16ad9c0e2bc1346d58c9f1fa78a3d4bc3ecb6d66544260cdf06da0902423a739c06e9dabd62ef5495e221db1c74ae6862e1430ea32ddabfde7063f0f3a93825b248a9aa4c1558035e6fe37bd68626911b0ca770aebf52bb041e6bccfc7d76a609067b1af96ab3f6f5d1f4b91616f5629a3a6f046a8d35b348ec7fd6123e99e2ba9d5f5c934ed305cc706f047058f02bcd3e1acfbf4b8c9392464d7a635a47a8f875e162377419af732274238b71c42f74cf38a10a38b5ccbddbea79beade319f5082e5b7b34883851d07e15abe0fd76e35eb29349b973e55f5acb6e549e012a71c7d454707835adae277116f4913154f46860d2756b79372a34328254f6e6beb731c4e5f4d4e928e8de8fd4ef9fd5274a50a2b55aa3cdf43f3a23751ac61cc90490e7cc55c31c63a9f515d07c5290eb5368b7d18849804de60fb447952c100fe2ff64f4ae3efde4b5f12dfc10b0f2c5dc8aa33c6371c559b7d4dfcdf2e4519071935f055b073a75a3884b557fc558fa6cff87219d619c272b4671d6dbda4beefc075a5b96b98c4b8f2378f30a3a3305cf38e704e2bd20eb7e16b88ad638f4fb94974d884102496a932cc81d9f3b7782992482013dbd083c741246543b430c807556257f9543777d6f9cc36f6f0b74c47b8ff00335a51cd2b52ba514fd4fce70de126514138519ceefab717fa22df88356d12f2cac7c3fa458deda7da75b8a6b859e41ddd7e50ab80a063b8278eb5c85dcd61accf7372ac970924af9c0e549639abf0eb17d6323f91346be6127e68d58eef504d713a86957f65336a3a13b073f7a1273f5033d7e86bd2a329d797b4959696472617879f0ff3e0a55399def7b72e8d2b689b24d56cf50d3e4f3b4f732c2bc9889231f43da9da578812e144774bb1cf0c8e3e6c7d3a1a4d27c4f05d4652ed04370adb5d4ae013fd2ac5e699657ff3e023e723038fad754927a4d59f73af9afb9349636930f3ac25f2a439c01d33f4ed59974f35bc816e93279c151cfe354ee0ea3a4cd960d2460f07f8b1fc8d4b69aa24cc773ab839ea3a7d453b492f7f55dffe096afba2c46b22c65a262f1b2e307903eb501b6b6e778785bbede86a79a349a2ff004771101dbb7e07b5234ae1545c44b211c739fe749464be0669192d8f5192ec8665842a2b746720eefa76aacba6c97418cec768e41393d7daafc902230c052a0e0923a7a1c9abd6f6bba3dece366067e6ed5f17f59e4fe19ecb4b73122b68edb10a46ce58fccec339ff0022afc3a6a3445e7915403919ed535ddc451a379081dc64ff00875aa36c92dcdc234eadb1bb6ee80d5fbd25cf51d84d36b5d0b0d2a2122d902ec039fe1fc31d698527bbf2e59fae323b023e9fe7ad6bdbdbc4df7792179246307d4d40225b5958c920273c3672323ae2a5625bf7692f9992b5f444505a37987f7612323800fde1eb5b5e1ab9b44d516dae26df1c56f23104938508c7fa74ac2d52f1a75f2e02d82df7571961fd2974bb2b8b759ee704e209067b28653dfd6b5a4e34be37abe852a4e6ecdd8e6bc52a05e79d6edbade6f9e36f515cf5c3b9186ab5772cd1bb44ccc62ce403d8d5495c30af6f0d49c2296e7eb783a6e9c127a958924575bf0c2c8cbaf9bedb9165197527a798df2a7e44e7f0ae4bbe057b4780b46fecbd26dad5d7fd266617173c7dd38f953f01fa9adebd5f654db387883191c3e15c3acb4f975fc3f33b8f0f4061b78d4f5c575562bd2b1f4d8be51c56ddb808a335e3e195e5cccfc671d539e4cd150027358b712245af0e40f362f5f4353df6a705b280f27cc78541c96fa0ae275fd42fd757b7b95b670a9fc3d4e2bbb178a8a8c547a332c0e0e7524d6da1d478a6d23b9d35d59432b0af28f135ac7a7fc39d69a5b6325c332855166b76597780008db83d4f5e99cd7a24badadcd985457391d08af34f8b93bc3e13ba0c84891901c5c7958cb8c1ddf5ed5bc31d4a58984a0b5763d5c1d3a91a12a337a6ff0071e87a76b28fe1cd36de35db31b4894af9222da760ce507ddfa76e9587f0fa468ae7c53a64b3c5204bf668d05ef9ec8ac38053a463fd9efce69de12b098e976d33b659e15c1ddbb8c0c73dea1f01d8487c47e2b7f2dd49be5058f97f37ca7a15f9bbff001579f571b56bcaab6bfaba329d1a54d72c5ec667c0bd420f275cd362bdb7b810dc90f143a6adb46872ca795fbf9c77e78af4ed2ecc47297479429e89bcec1f45e82bcd7e1fda5ce9ff00123c41a61fed892176332bdccc9e402c777eed4727ae33ed5ebf630ed419ae99babf58e78bb2697e28e3c74a306edd486e5084e958f7d31815db9e013c574b3a02b8ef5cf7885161b29a675caa2963f415c58f8d4ee61849a72b33c97e1a5d4b7ff1435bd4db57d0efe3b7568c2c36412ea2dcc00567280e06d23ef366bd567bdcafdeaf2ff834ff00da8dad6a69ab4d7f1b5c889564b1580c7805b04824bf0c073e95ddcf672b13890806b9f34a95156e45b2497e07ad3a74dcca9ac6a2b1c6df3579b7881e6bf76001099c927d2bd06eb481213e63161e9587af69cb1c0cb1a63deb9b0d523092ee7bb96d5a7464adb985f0eaf0d9cf258b9230d95fa57b4787a6436cc8fdc715f3edbcaf6bac472038c1dadf4af64f0cde096cd195b922bd195474aaa9f4647116179d7b4ee773a7c61ed5b382795af0ef8e86ebc3de2182e1415b7bb8ce08e9915ed5a0ce3cb2b213cd739f17fc351789b4f86df3f3c60b2715f4549d39d34dab9f279462560f1cbda7c2f43e648244d426b9bdf33e72779fa8eb52dbcc93bc9328cf9786ff001ad45f095ee9af318e166556c30c562411359dd3841b472aca6aa9b535252f87a33f5acbb1cb12f963b5bfa4763e224b48ad6ceead81114f1839cf7ae72572928ed517f6bdc49a6258c83e481f7267ae3d29eea665120ce1b9e6bc8c4538c6775b171a552942d2dd3ff86327c6b6779716505c58332cb049b860e33c566683e228ae01b2bafdc5d271b58e031fe95d06b97896896d148c0077239e84e071fad737ace896fa823cb0058ae0fdd703a57a9858f2d18c6a6cf547e71c4757dae633f2b7e489f55d120d49b795f26e0f59501ffc7bd6b1d2f757f0fddadbdefefadc9c2b67afb83fd2a7f0e6a779a64a6c755cc899c2484741ef5d1dc4967770f97322cb0b8ce00ebef5bc9b8692d51e37335a32b1bdb6d46c8bc615d7d0f6fa8ac0d43463bcc964c6371ce377e9505f6977fa75c9bab19e468d4e42e32c83d3dc56a69babdbdc46ab3aac73e3193f74d38a74d5e0ee8d169aa30e2d56e2d26f2aee3603a336defefe95ab0ead1c91615d71d7b9149a8c50dcc6f1dc0039c061d47d2b9fbdb19e161f647711ff00b07fa66b454e9d4db4668a5767bc4fa90ff55016936b1f9863939e41ab56734f22ed9dce0ff0f1f2f03dba562db5a15bb323a82a40e07dd5fc2b7110c8328db4807e5239f6e7fa66be16a384172c0f7da8a2f2c56ef262341e613938f51e9576da02b2072c8adc0284f26a8473c36ab16f604b640cf538a1f51dd285c10a33f264f22b8dd294f566324dbd0d7965424240bd70548e42d62dc6f9a7c8c7cb9c96e76fb7bfff005e9d0492994aed1247cfca1b38fcba74a9e165f34f98db9460a938ca8f63df355194a2ed0252f67d47d95944c4b480209065b70cb135bba235bcba89b39190868240508e7051ab9eb8d4042ecc8e242cdd719c7b559f054c2e7c4714ac55235deac0f539523afe35d385a37ad14fab5f899d5e6e4949bd91e7fafc68971228ec48ac190fa74ae87c610a26ad3985f285cf7f7aa9e18d0e6d77541691c8b0c31a34d733b0f9608979673fe1dce2be8b07ad24cfd770f88852c37b6a8ec92bb35be18e882fb529755b94cdae9fb5b07a3ca7ee8fc3afe55ecda34230667e5dce4d605be991e89a2695a2dac4e64953ed32aedf9dddf95c8f50b8e3b5751a6e9d7262559e529ff4ce33f30fa9ed5e6e6152539f2ae87e719d665f5ca8eadfddd97a2ff3dcd782e21800c91b8f451c93f854fbaf6ec6d8d7ece87bb72d8fa76a4d374e58fee46173d4f527f1adbb6b708b9228c361e735aec7c856ad18bba33ec74a8a0cbe0b48df79d8e58fe34979670ee0ec06e02b4a799501031587a8ddedc9278aac5ba54e3cab56451752a4ae65ea92c36913390a00af32f154936b5a2ea924467010288c436e93bb6186708e403e9d7d6b6bc69aabcd28b481be67e383d0564ebda4c4fe02d55658a0744b52fb672e10ed21b2767cddbb572611a855849f75f99f574f0ea8e15ca7bb3d3bc2ea3fb22cf7ef2c2040c5d02b6768ea0700fb5667c3840de25f184bb080da92a8cdb2479c463f894e5faf534ef86772b75e09d22e018886b54cf96085e0638ddcf6ef4cf84702b0d7355469366a1aa48e9e65bac470a02e7209dc09cf27f215df86567513feb53e7311a291c978d2d2d3c2bf19349f16cc60852f03412bbf98eee40c615470bf29ea7d2bdc2db1e58c1e31c5735f137c167c57e0f9adade79609d4ef431b05dcc01f958907e53920d731e00f1ee97a1d9d8f84fc506e34bd46ddc59446e518acec380158e4b000805fee93debd6a749b8462f75f91cd566b13454a1aca3a33d35d7ad711f16f55fecaf08df4eb05ecec632bb2cffd70cf195e0f4ce7a1e95d0eabe2ef09db58c579ff00091e96f0485d5192e15f7b28cb2a8049247a0af16324bf19bc4e2616b8f07e9d3ee82ee395e1b89240a32857a107d71c0ef9245454c32bdea6896accf071b3e796c8ec7e12e9ad6be07b1964b8d4e77bbcdcb1d406265dfc8523b0000aea668c28adcb7d3443a79b9906d455f957d7b0ac4ba6393c57878fa6f99cdaf8b53aa9e23db4dd8ceb80bc9ae7bc40ebe4b0c0cd6ddeb1c1c573baa23c8ac2bca8a4a499ee60e3ef26cf35d6415bddcbc75aee7e1feaa1e058d9b91c1ae635bb17425f1cd54d06edecef7703853d6bd69daad33eb6bd158ac2f29f4268f3a141c8cd5ebb983c8afb73b066b83f0eeb69244b97e715d25aea6be6649ca907ad4d0c638254d9f9de2f01284dbb1c5cfacdba788afacae630b14d9c311d08af24f14c70b78ba6b18593cb721948af58f12595bea06ea68c80f19c923ae0d78c7896c2ef4af1046f292dc078e43d1d7b1fe95ef61ea5a9462fafe67daf0ca8aaef93476b5bcfb9a579a14b6b68970a37071f5a6ac6022c65816c72a3b5693ebb05de8df6404871c035990b4502ac3111248c7e6c570e3a2b99721f550f6d28bf6cb54ce7be20e9b3dee991bdbfcb2c128653db041047e82b9df0feb0cacf657aac922103e6edfe23debbed7268d2cc2b9505dc2807be01ce2b85d734d32b7da21214a0e0f71edf4af530b59ba108d45a58fccb3fe4798544bcbf235afed6dae6df6b0c311f78572eb25f693785651e65b93c0c74156745d58b4ff66b9dd1ed5dbcfd7b7b5695d46265292624041ed906b6b4a968f54cf1569a31b69790caa5e37cff00b24f23eb516b7a6c777034b0623b8e492470dc74ff00ebd60de47716379e742c7c9c649eb8fad69e97ad5bdfc450b0865e4609ea3daa9d36bdf86c691ee73d6da85dd8dc08ae031407a1e71f435b3f698ee541848c7a01cd3248e39498e75570a7ae3dea85ed8bc0fba0676ddd76f515b3e59beccbbc647bf5ba18c299186f5270720fa607d7ae6abea17eb1e0a233679dddba7e5d2aadfea292000388c1cfcb9ebea3eb595733c92333b3111e3002b723d0e3d3bd7c4d3a0bed1ee28b7ef32fcd7b24cac4610e464b0e79ebc7af15a304e4a6721c007e7fbc7b702b0a1942c19272840c77c74fe98e2a53a979512b1c9da0955c707ebe9552a0ea6837257b247403508625fdf305c8e4f193cf5aa9ac5f4a553ecc48461928cbf78faf238fa571735dc9713b12d91c6194f0067afebdeba6d05a530a34f22cd8ced603afb0ad65868d1b35b8b95457332de9f1bcd389e619607924743e98f6ab9f6f5b38d6589ca8464273d7ef0c9fc8d67b4ff6695c0ca06cb2f3d8fbd62eb9a8add59b5942c36c8a119fafe5f9d146873544d91acd90eb9348d7ac1893cf35e9be14d04693e1ef0f69f74bb2efc53a8c6d703b8b48ce421ff78f247d2b9cf0468116bfe3b48dd77da5b033cc0f4214f03f138aefbe2d5f7f65f8cbc23781bf7365b64e0f1812e1bf4ad619a52a78986116ed2bff005e88fafce318eb55a597d2dece4fd545b8afbecfe48ec2680cba8cf72a41b8998ef931c81fdd5f415bda5e9e238d7701d2b9e3746d7519a12dbb0e4a9f507915ab16a6db061ab929d6a6a4dd5dcfce6bd3a8e0947637d3c9857248c8aaf717abd14f15886ee494fde38a64d36c524b5555ccdf2f2c1591c90c1b6f52d5e5d0e4e6b8ff0013eb0b0c6c0364e38e699e22d7a3b746f9c0c0f5ae3adae5b57be57639894f03d4d72454aa7bd2d8fa6cb72de55ed27b22ce97653dddcb5dcc092c7233d8575b1d9bc9a7cd6e0b2996264caf046411c66ac68f69108978038adeb7b68c8c605439b94d588c7e3f9fddb688f30f0178a21b0f867a90baba68eef4832c128b8ba49595f3f282c001d4e3b0e2bd1be11e9525a782b4ab6318495e2f3e501117e690972711fcbfc5da9b2780bc3377ae45accfa6c6d748181c122390b752e83e573ee41e83d063d0b41b48a14ca803d303a57d361e846bcbddd2eeecf98c7e2d28e88bd0db88ed3ca3cf1cd73d75e1dd1f56bb89b53d36d2f0c05bcb33c2ae533c1c1238cfb5750e42ae49ed552c36b4d230e79af6e504a5148f069d5945368e2b51f847e0165b192dfc35670b5848d2db84dc02b3609c8ce0f41d73d2b534ad2e18a658218922881ced45007e42bae6008e6b3ed2354bd97f4acb11454e716cda9e2aa3838b771756837e9ed1a8e98200ae36eed8e4d7a032865c1e4572daca470cce3b57066d868c97b466b97d669f29c8dd5b75acbbcb640a491d056fdf4e832462b96d72fd511b07b57c7ca2b9ac99f5d82552a3491c9f8a5e28d180515c225da0bc29dcf2056cf8a751f30b006b856b9dba8a4b9e15abdbc250bc0fd2f2bc0b746ccf5ef0a422e906d72a4fa1af41d2b4990444162c76f5af28f01ea5e5dd0889ea78af6dd067df1af3dab93d8a75ad33e2388554a13763cbefed7508354b98be608e48fad1aaf86cf88bc18d6be581a959664b56eedea9f88fd715eada86956f33193cb5dc7dab1e6b616ec7cb1b4fb715d58ac4ba2f43cfc366b2ba9415a49a6be47cb8bbe372ad9520e181e0835ada4b10f88c7ef0f009fe11eb5d1fc5ff000f7d835c1ab5ac5b6daf8966007092ff0010fc7afe75cd693b95f0072456b3a91a94d4d1fac51c5c31b848d68754733e3dbc94eaef651b81159ba952072498d4927f127f3aa7697e66410bc837119047471ea2aff8e555f5c9995556740a0903bed039ae3be6b476609841cfba1f6f6af770d6a9460a5d95bee3f1cc7b73c4546f7bbfccd3d56d159015c2903861d57ffad54f42d4278aeda099b7e3fce455a8e7f370c48dd8c91ea3d6965b68c40182ed6e4820723f1add3e45cb2d8e069b5a9a57ad0cb06fd81948e42f5ae2f53b0915c4f6f90a4fdd06b660b9955d8b9e40c2f380d50c322c85b72e393d7b7b55d34e9bbad89bb5a15ac3556d891dce5b1901f1deb5e058651bd66c6ee4826b2afade364de8a03f5e2b3ed6f2e602c8393d70c7a53705515e3a1ac7de3d4ad6665c1f5e41ce39f415a0b34290ab3a82dfc0319cd645bcca1009085009f98b62a19af72cfe49f941c1dd5f37ec7999f45f13b1a0f7cab33ac65b683963d76fa7f4aa97b39b962a921524f043feb555d4cb135c95d91a9e580c8ab96691f58b001391b7b8f707bd69caa3aa1ec5eb7b35b64ca857c9e064649c74c55fb695d2004b2c595c1c1c9fc6b3669248d14c92f0bf871fd6b12ef555b873e5c863407071dcfe3531a2e666af27ef1a3ae6b123bfd9e06c63386ee5bfc296c20c5b09251bae0a9da31922a8d95a38945cc9c93ca82738f73d6b518ed55ded8c36739c0adb9631492072e88f64f811129d1b52d5f00b4f24502fe5b8ff003a6fc428df5af09e99aba8dc609e6b7987a02e71fa8a4f8012bbf81f501b18243ab00188ea362f1f8645741a441041ae6abe13d439b4bf2d3db1f73c9c7b83cfe15f9ee36a3a39a55a9d62d3ff00b76d67f83b9d14b1ce58b9e2f7945a7f24b95fe7731fc13ad1d634c8ec26931a9d847b30c799e21f7587ab0e87db9aea6c19d80dcd8f5af36f1b787b53f0d6a50ea56c1a36460dbd7b38ee3d8f5fc6bacb4d76df58d262d52ce7b78a629fe95034aa86390753827ee9ea2bdda91862a0abd277bee7563b094e518d7c3bbd39fe0fb7a3e9f7763a6b8bf8ad93ef0e3deb99d7bc5091a32ab8cd735adebade5b9590cf8ebe4e4a8fab1e3f2cd62db5a4fa8013cee0c44e4221e0fd4d4468c60b9aa33a30593c12f6957619aa4b7faeb4b15ab30628cc87fbd81dab1fc2fae4f6322a4a1979efd2bb0951b4d92cf54b68fe5b57fde201fc07ad3fe36ea71dd685a34169a3595b5a459686eadd305b23ee9fe7ef5df80c552acdd29e89edebd57dd667b34ebc1d6a78754ef09e97bfc36fcefa1d3f86bc4d6d3c4aace01aec2caf919432b035f30586ab716cc0abb102bb3f0f78e64b7da92bf1d3069e232e945f35338b33e1696b2a5a9f405b5fe056ce9dac98bbe7dabc834bf1ada4c8bbdc03f5addb4f115ab8044cbf9d65471588c3bd8f8ac5e45555d4a27a55ceb5e62954f973df3526997e90b618f07a9ae0a2d5a194e44a3f3ab035303fe5a01f8d752ce6aa97348f26794b4b9523d1e5d4ed153779a0f1d2b1a4d5556e4ca0f53eb5c74baa803fd60fcea8cfaca03cc9c7d68ad9e55a96e5560a39233d124f1440b19c4677fd6b95d575469e47919ba9ae56ebc416d18e665fceb9fd53c5f6910399d7f3ae6af8cc4e2d72cb63d8c0f0f494af08b3a7d575258e26f987e75e79e25d680dff0038e3deb0f5af193cee56df2e7d7b57352a6aba9b79821b8947fb0848fd2af0d8169f34cfbecb320f6169567619aaea6d70e427233d6b2e55643f38c13cd5df25add8878984a3b30c63f0aab36f772ce4926bdaa765a23ed68c6118f2c363a4f0a5e9468650df34642bff00435ef5e11d4d25b68d8303c0ef5f32e9f70d69701c7dd3c30f515e91e09f11fd96648ddf319e86b831b4657e78743e3f8932995783944fa261759a2c8c565ea5000c4d56f0cea915c46bb5c1047ad6d5e2078f701dab1a8962295faa3f279c2587ad6670be2ad25358d12eb4f6506465df0923a38e9fe15e3b6702c2e1d90823b1f51dabdf2f536b647041cd79378e6c56cbc4b2955db05c6275f604fcc3f3cd79f45c92e43edb8771ae2a541bd1eabf53c33c5f772c3e2fbe49d836f752c7a6d62aa7fad509b0e09e727afa91537c468d8f8aaf670a541281bfdaf9179fad6469f70c42c59de71c63bd7e83eca2e0add343e42b372a929f7636590db32ed5217390d9e9ed576db53f38343b36907e620673ff00d6a65c2acc850aed38c383e9552da55b37d9212840f91c753ec4d2569c6cd6a616bec6a6a5143259a10c4c9f780c01b3d88ac76965b69faee017923a1f4ab82e56e496c004ff00091c93eb535bd92359bc6137b9ec6945f268c1a2946ece370c953f78fbd3ae922963561102dd3d2ab1df64e778238c0dc339f6a9eda58cae71803b648aa92ea86ac745717cb1b09183343e8075f5149a60fb5ccd2e5b60e89939aad75091132f2583a90d9c607ad496b2c768701fef1f4fe55e638ae4f7773e8b9bb9b574244b7010b8e092aadc1a34c91180695c29420e08c74ea7da9d6e8b2db33acab86249cf3d6b3f50b96460a318c10083d7d335cf18dfdd134a4ac5af11dfc77113445d914ae5081cf5ac4b6b468c6e6015c1ced269d6f219e459255cb0391dbf4ad68d52785cc52382b838c63f3ae88fee9584e4ed641a7df3a1689972ed8396ee334ba9ea2b7310814285db90a79aa17ca5a32f1b6c6f6e38a7699a44c4ade4ee5237e5500c3483d79e8befdfb7ad1cb097bd7b1be170d53115153a71bb7fd6a7d01fb2adfc177a46bbe139645fb5338d42dd09f998602381f4c21fc6bb4f1ae893ea16315eda662d46c9b2aca79047f438af9cb42b9d4348d46d753d1ae5ec2fad1f7c13463ee9c60823b823820f5afa0be1f7c4fd1fc52f1e9daf341a16bccb82646c5add9f5463f749fee9e7d335f3b9d641531d358bc03fdec559c5fda4baae9b68d791cd9ae5b8cc8711eddae6a6f5bad93ea9f93ee4ba3ebb65e20b13a5ebb084ba51b4823835c2f8bfc0375a7ce6f74b413dbe776c2338af4df147832467179143244dda68c6f5c7be3b567d9df6aba57ee6f2017308e37c7f3061fcebe3b9b1596d5bc22e0def0969f71d180cc5517ed7032d1ef06f4f918be05bbd0759d3c689a9daa5a5daae36901777d3d7f9d51d6fc05ae6893b4fa4c66fec492764672c83e86bb092c3c2faee2496036b72391227c8ca7d6b5b488750b12231a88bb88742fc363eb5c757319519ba949efbc657b5fc9913cd6a50a92a946eafbc25aaf933cc2d596e0181c9865c61e2986c3f4e7ad2fd8a3b6d366d375384dc69d31c0504129ee0f6c57b2cd6d657a9fe9b6304d9eec809acad47c2ba1cb0b341666261ce2391941fc338ace19e53e6b34d7f5dcc5f1026ace0d7a6baf93d0f987c4de1bbcd1a679a156bab02729320c951fed0ec7f4ac9b18daf678e0823324b2305555ea49e82bea1ff008466c8a6040e14f5c9eb59c7e1ff0086d2f23bd8ac7ec9771c82449a16285581ce700e2bea30dc6141251ac9bf347bb80e399423cb5e0df67fe7afe47836b9a26b9e1bd48d86a76f3595c850e11fba9e847ad321d4f53871b65638afa4affc29e12f106aaf71e259750bdba316119a763b467a0c74fa562cbf0c7c1a72561ba8c7b5c1af4311c4d818c23515da95ecacaeaddd5f4bf4ee7761f8db09529a8e269be74b5b2d2fe5adcf25f07eafaa6a7e21b3d27ed5f67fb43ecf308cede09ce3f0ab5e23d775cd1f569ac5a6597cb62038c80467d3f0af52d2be16f872cf538f51b3b9ba59a2c94df20201c633d39ac5f157c26d5ef6e26bdb2d52dae64762c124429d4e71919ae0a7c4181af89d1da36eaada99473fcaaae2f99e90b6cd75bff91e68de30d69c1c915d1f8821beb7f024badb6a2ff698ef440630a36942a0e7ebcd60dff85b5dd21a63ab5b5ada2c58037dd2032139e101c67a56d35c0d7b466d012e205f32f14c9ba740432aa8c019e4e41e07e62bdcaf87ab2f67528c7dd6f56b54d1db89c5e0e53a53c35b953d7cd697f5f91c3f9faeddf45bc707a6d8db9fca96c348d5f53d4459416934b724f28472bee7d3f1afa134cf867e1e6d220497c4de2067551ba05936213e981dbf1ad57b3d07c1da14d72618aced220598aaf2c7dfb93f5af42ac6a53b28a4efb59dce5a9c6d455e9e169de5b2d1afcf57fd6a796e83f0e059a24fab3ac928e4c6bca2ff008d75d676fa659aaef8c85040ce381fe15cadefc62d2ae1e630e8d786dd3fe5a71803d49e83e95bde18d5f4ef10598b88814079daddc579d5e9e268be6a8b43cac6e231d55b78bba7d8d1f177846cb54d3c19a089f2bfbb95181913dc11fc8d786f89bc35a8e8770cb75197849f92640769fafa1f6afa5f4b688208c018a9ef748b3bd88ac90a3061c820106bbf0d38d4578bb7918655c495f2c9724fde89f2314f6353595dcb6afd0943d40ea3dc57d1f77f0d7c377249361146c7bae57f9573fac7c26d2442df6632c67b10e4e3f035def0f5396f6d0fac8719e5f885c934d183f0ebc51e5ca913cbb949e0f7af71d2ef12f2d0303d457cd3a8f8475dd06f3cdb646b9894f58bafe2bd6bd3be17f88da5885ace48917821b835e54e1eca778eccf9de22cb68d787d670cee8ef752840cd79bfc55b7ff8a796f76e5ed1c827fd86edf98af52ba025883afa5723e2ab286ef4dbab2b91fb9b989a263e991d7f03835e6548fb2aca5d0f9acb710e8d48c9f467c91e2f95aef55bb91172c5f0463af02b968217b6ba002020fdde7953e95d76bd0ad95d5fc53f1736d215704f7fea2b9ab81e72a36d2a59b2028e6bee69cdeafa339e715ced2271709326594a3af727826b3f524620f9a303a715652da6493f7987209c638183da96f2357400fcd90473dfdaad349e866e2cc6b49dedee932c4e0e41ecc3d2bb1d37e78649bcc003f217aecffeb572f259f9cd81803195357ac279ecc2c0a4be4f56edf4ababcb35a6e0a2fa96354890443e5278e47a563a31f35908000fba73c62b62e241346f20c29e9d7bd67089c03b93bf4ed514df2a69872db63b2daa876e491d0f1546f6245224272bb73c9f7e942dc931b396ce064a608159d797c76e508c7704e31ed5e752a52e6d0f6f9d2dcd2b1764c95660a3a2023b7ad586dd34664906f7380a0f056b9b8ae6600f964b29e411d7a56a69da8a0888b83f32fdd278cf35a54a124ee899578a2479423156519edcf20d4315f35bc819df2be80d3669e1539c659ba67ad5093218004f1fc5ed9ab8534f4688f6a8eef4d4b69edbedb3c6b2c6aa0283fc4e7a03fccd4fbde594bc84b313926a1b78d6df45d3add73cc3e69cfab74fd00a7c26b82dbd8fd4b87b031c3e12352def4b5ff806a5a840a0902997b1c72a18dd15d4f504645451be00e6ac41be46015727e95c8f9a12e63d3a94d3bf36c6b7853c61e37f0d154d0bc457d15b2f4b5b83e7c3f4dafc81f422bd07c3bf16a49ef57fe130f0d0f2db892ef4c39dbfed188f3f9135e73059b9c1964007a0ad5b71688bca963ea4d6b573ca9cbc9562aa45f46aff0099f159970be57887cd4a9f24bbc74fc36fc0f78867f056b5a70bdf0ff89b4d9b3c1867995240de854e194fb1157adfc33abf961d210c9d414954d7ced7f69a55f01f68b681d8742541351436cd67b4e99a85e5915e9f67b9923c7fdf2c2bc6ab81c8b17f1d19537fdd7a7dccf9a970be610d29564d7f793fcd1f444f6da8daee43e7c0c3bb45b80fcaa83ea1aedab6ef22d6fa307a2318dff5c8af16b2f1578ef4a955ed7c5faac807f05c3acea7d8ef04feb5d3697f1b3c4b6cbe4ebda0e93ac47ff3d21536f28fc3953fa571cb83b2eadfeef88f94e3faa396a6499ad057951535fdd7ff000ccf468fc4d66ee23be8ee34e949c7fa42613f061f2feb5a44992305583a9e4329ce6b92f0bfc41f04789ee3ec53de36857520c2db6a4a046e7d15f254fe79f6ad4d4746b8d12e81d3e7fb1ef3954cefb69b3d87a1fa60d7cf66bc218ccbe3ed1c7ddfe68fbd1ff35f34792fd94a6e934e9cd7497f5fe66d5bc56e41dede5b7761fe15c5fc5bf11d9598d36cf478efa4bc3cce02614ae3ae7d73fa5749a5eab0dec8d697111b4be8fef44c7a8fef29ee2accf1d899d63d46da2943f09232ff0023ebed5e565b8b860a738d7a4a5ccbaeebadd15422b0f5d4aa26edd2fbff009a3cf7e17789b56d4f5c92d6589c4318e43d7aa23b9467b7e2551909d326a947e19d3a03f6bd2505b4e790ebc83f5a9ac676b89bec9768b6f7abf748e164fa7bfb5638dab4b1788552842d6b684e36b51c44b9e946c96ebfae87ca9e30b9b8d57c7d72fe299ae6d60f3dcb0d8cbb1874519ced078e79eb5cefc40b0d0ec350483c337b73342edb59edc7258f38ddce589cfdd38e2bec1d7bc3da26baeabad6976d713444ed6917ebfe359de0ff00027857c3d348da7e98a2e18e7cd95cc8411d319e07e15fa0d1e37c04651a93538b8ab72ab357fccfa3adc4387a9453e59294559455b95fcf7b18df097c5b71aaf87231acc02d7508a35758d9190c90fdd120dc79e4329f4239c64545f112fec3c41a749a64e2555ec54820feb5d878a3c3377ae69c2e747da9ae698e64b42c408d811f344fdf638e3d8807b579c6a9e20d0d2c45dcf0ac32303be29461e37070c8c3d41041fa57d73ad85c32862a9479e9d4578b5fe573c2c92bac562db8c2d34ee92e870d3f8435d6b1feccb3d42dedac0fde72bc81f5ee7e98fad6df822cacbc1f247e4bfdbe456dced703e56f6c7615cf6b5e38f30b456106d53dcf03f2ae666d6f5277f9a4209e8318af36a2ab56fca94637bfcfccfd32192e231507ed9249f4dafea7d10de2c8b539d6416b676a07f0c0b8fceb563d6963b632290c40e06eaf99a1d7b53b67c33b03d79aded27c71750b05ba05908e7be6b96785afcfed13bb3ccc4f0738c6d4b6ec7a66b7f126f2ceec411e9f6d264e3fd6927f215d2e83acdf6b165e6cf62f6c98c962842fe66bcd34df11f86eea5592482d44d9ce5860feb5bfaeeb92dd69021b4bb58d7180927dc3f8ee15ec657529e26b2a15db827d7fa67858ac95c65182a7cbe7a9b70db6ae2fdd9a7d32ead99b2844bb1947b83c7eb547c4169616ce6f96ff004e86fa2c14559c6e7e47ca7d6bcc5ccd670b79ab71106e0fd96e832b7be189aa371aa8125adad9cb7199254571380483b86306be9f1dc3382a3454a3397cecd7e0cf529e51513e653d3d3f3d6c7d1be1cbff00b55aed720b0183839a357b60e872b9ac8f03ab6d70c790c7f9d75b34408e457e7decbdb533e37116a35dd8f947e3b7859ad75e1acc4ac2deed424c138c480707f1007e46bcc4da2452e0b0e7eeb0edf5f7afb2fc6de1db4d6747bab0b84dd1cc98c81ca9ea187b83cd7c81e2cb4bbd17c452e8b7abe5cb6edf7870187623d41eb5ede5f5e5569f24b75f97734f765aa28ca42819624e3393c1f6aaf09562245046061aad32c721193c1c8c62abbc399729f4ebd47a9aee83495825023788a65412548cf4a8048ec98ce5bd57b7b1ad054c230c103391938a5b7d3ae6e21bab8b71fbbb6024909e3033c63dff00faf56a5dc5651dca16f2a79c5265c77e3ae6a5925836aab05c0ce5b3824fbd36ea07688cf1386eb91dea86e93716743cd68a2a5a8f9536745a2e9fa8eaeb24b6f04c208facac36a11dfe63c5655f8025707682383df35f407c28f1ceadaaea52e9afa65b49a77947cc8a3b6511a464e318c63e99e6bc63e2e6887c3be3bd474e552b12c82445feeab738fa7358d17cd3b5ac73431339cda92b13f843c3b2eade1fb8ba8d65fb52b136fb73870a3e65c74e7fa7bd739a94c36e42fd38e457b7f82ed8dbf85ac11bcc597c95621b04af70323b7a5793fc40d87c517c205458c3608450003819c0e839cd5c27cd51dce7a35e539ca37d0e5d6ee65914e793839c56f7990adb01b761c678ef5cf80bb867ae386e9fe4d5d3e570e01042f049e95d15229d8e9737d0f4d92559ec34e9d7043d9c4323a6546d3fcaa3538ac2f06eac977a59b0958096d58b203d4c6c79fc8ff3adce2bc795274db8b3f6be1cc6c31797d36b74acfd513c6fcd5f827080638acb42054ab2115cd529f31ed54a7cc8da177f2f534c370e4f0c7f3acb131f5a952418ae478748e678648d013b03d6a68ee4f626b28c87d69d1ca73803350e82b19ca823685d9db8e4d3184646e91c28aa2090b9638a8fce50ff002f27deb28d0ec62a8762cdc25b4d1b46b6a25078264185adef87de3dbcf09de0d2f560fadf86a51b2e2c6425da053d5a2279e3aede9e9835cc4b70e5764679eec7a0ab1a74515b59c97aeb91f7549eac6bd4c262ea61355b3e9dcf3335c93098fa2e35e3af46b74fba67d137ba5dadc69169abe97a81bdd22e143e9d7fbf32c04f4566fe21db279ec79e4dbd16e4eada7cb63a8c605cc476cca38cfa38f4af1cf813e2b3a5f8857c2bac3799e1cd718c26373816f3b70aea7b063c1f720fad7acddc373a36b22494ef9616f22761d241d55bf15c7e35f1fc5f9251a2a38bc32b426f6fe5976f47f99f97627095f095e781c43bce3ac5f75d1fe8fccb9a76a371a0dfae9da94865b797fe3de73c6e1e87deba2d56ca2beb70518070331c8a7906b3afecadb59d28d9ce014906636eea7b1159be03d52e62b99fc3dab362ee062118ff00101debe1a34feb1073a7a497f5f8f53cea94fdac5d686938eebbaeff00e66bdb492de42d0dc002f20e1fd5c766a62c8cb2ed390e3bd4bac43246e9a95b644b09f9c63a8ef4cbb513da8bd846548cf1d8fa56135ed52a96d7a98c6cd5fa3fc19ab69782d9d6fd431555db2a8feefa9fa75af04fda3fc2834bf1343e2ab5889d37583fbf543958ae71c9fa3a8cfd41f5af68d1af632e52420ab0c1cd56d6344b7f10e81abf82f536fdd49196b497baae728c3dd1ff004c57ea3c0d8f588a32cbaab5addc7c9f55f3dd7cc3078aa99563a18b87d9dd778bd1ff005fe47cc163a2e9daa2882daf3ecb7cc3f771cc7f7737fbadd8fb1aa173677ba5dc9b5bfb520a1e639467f23fe1505c4175637975a56a0863bbb399a0957a6d7538c8f63c11f515d4e89ad5b6b76cba27885f32e36dade9fbca7b2b7b7bd7ab8855a849df54b75d57a1fb9c71337496229be7a6d5fcd2eebf55b99711b0b8b7f2a50cf0f607fd6427d41ee3daab49a7082516739531ca736f38e99f434fd46c26d36fe4b6946248dba8ee3d47b53e0bb5f25ad6e977c0c7f153ea2b2526bde83ba6742ba5cd49dd3d7fe0afeb531e6b692298c4e30ea70455bb1bfd4ac38b69d821eb1b72adf855dd52072ab26e0e40f924fefafbfbd32ceea06411dc4208f5ee2b4759ca17b5cda55155a77946e57bbd5efe4054c30c47b954c135069978c356b396702654b88c90dfef0ad7b9b6511ee4fdf43fa8ac5b8b708c5d0e01391ed5d14719292e552762610a35694a0a36be87d53e19bcb2491d12c6242188c863cf35d24a5244dc8001ed5e41e0cd5df55d2525b59552e248b1f31e16403041fc7f9d74de13f13c9701ad6ed7cbb989bcb9533f75857360f11ca9d3a9d0fc571f955484e4e3bc7746fea1b464362bc47e3c783edf5bb217b6f0a0bfb7e637c7df5fee1fe9e87eb5e8de25d766fed9b7d361898bccacdbb3c0da338fad703e29bcd46f74cd63800dacaa8a0770533fceb0856942ba9c3fae875e0b032714e5d4f9da312953ff002ce55f9594f5ff00f5d10860598a82d8e73d6b63e2169c34cd716540592ea149faf1c8e7fad73d2dd4690028cf93c15ed5f4d15ceaf1ea635138c9a7d092e646421576367be7f315eb1e1cf0edb41e174d3cb798665324ee011b99874ea7a0e2bc560b8f32665765552381d8d7b7781f574d47428f122fda20511baeee4606037d0d3ab171491e4e6129382e5dae79034874ed5a7b29564558672bb64c16001e338ef5ee9a0f847c19a7f82f4fbdf14219aeeec9748d1550229c9fbc0649f635cbc1f0a7c45e2ff1cbae956304568d22c935cbc8a888a7058e33927a9c015f416b7e0cd27549134ef2e2ba8ada340b9dc982abb73f8e4d2ac9cd27039f11895cb18a7aee51d0eefe16e91e18b5b4f0f6b1611b2a29962b89844cc71c96048249f5e6b9df8a1a57c2af880619df5eb28bc4a144282c6f10f9aa071b93e6ce31d462be7ef064126b97926957237c7140d28fdc1948c7a7078f5f4aa5e2cb59fc3de249adf4ebac18b6c91cb1a6c7008047b83f4a719cb9dc1e8da2160ea42afc5aa3d0fc61e26d3bc291b6930299afa2411084ff0001031973fd2bc6deea767967948919d8b339ee4f5a6c82eae67df3ee7773b99d892c49ee4f7cd0d0cb1624d848efc735d30a7182b753be961e34d69b8e761b86d272795c8e82a5541e59565c822aaa7fad5675daa727152dcce8a988c64b5538bd9172a7d0640e6c6f926b525593b7afa8fc45779a25f2df5a0957008e1867907d2b81b704b7984f3d31d2bb7f84be1bd67c45e223169b095b6561f6a94a12889efefe959e2145c6f2e87b39366f532aaaa4b58bdd77ff00826bf23ad3b35d5f8cfc13a8680a268035fd9313b2e201b801e8cbd47f2ae4f61da1c9001e9938af25352d533f61c166543174d4e9cae85fc69ea5bb544c4ae2956523a0a4e2775d49685948cb1cb1c0ab0b2451ae05516690f5cd2a263973584a9df732942fb96da53274e94d660a3af350197f857a558b6b61febae5b6a0e71dcd2e5515a90d282bb2c69f6cd700cb2feeedd392debec2ac4eefaa5c25b423cbb78fd3a28f5a81a596f9d60806c887403a0ab17b711e9f626d2dce6493efb562efccbbf4f238e5cce6bf9ba2ede6cccd4dcc970c2d89558401130ec4743f5cf35f4de8facc7e2df87da378824004f7508b7bac76997239ff00812b7e62be5e4204640ea7935ec7fb36ea2752d13c45e0d2e16643f6cb4ddd39c1fd1c7eb5e97d4966380af827bb578ff896c7c3f1e60fd9c686322be17cadf93ebfd773d2fc33785e37b493efc476e0d51f1d5bcb6f7567e21b7c87808572bdfeb55a3b836da85adefdd170a1641e8c3823fcfa5747aa20bfd2a7b63caca9c7b1ed5f885fead5eef67bfe4cf8c95a86223556cf7f9e8cd2b2bd8afb4f86f233986e93047a1aa5a5ca6caeee34e9803149f773dbd0d739e03bd962171a2dc1c11978c9ec4751fd6b73564322c17a9f794ec7a8a8de1f12e31d9fea72d4c22a356545ecf6fd0a12eeb3d45e03c29395fa56a5cceec20be81775cdb72173f7d4f057f1159faba34f6c9703efa77f6a4d3ae37a019f6ad30d8bab85a90c45176945a7f71ace92ab0527bad19e5dfb457876396e20f1e69499866448b510074ec929f704ed3f87a5791c832a1d6bea9d4d2d7ec7358df42b2e9f781a29d5ba0dc318f653ebea6be6cf18787eefc29e209b47b92d24382f693b0ff5f0f63fef0e8c3d79ef5fb843174737c1c730c3fa497667d7f02e70f0f3796d77a6f06faf75ea5987506d634d48a73bafed570afde58c763ee2a910b22fa1acc8de4b6b959e162aca7208ed57ee2e526717118dbe672ca3f85bbd7972a3caef1d8fd13eafeca5687c2ff02c5a5d7971bdace3319e57d8d569936392bc834c91b7af3512cc57e56e451186b74691a56775d4bd6b75243c03953d41a65e9563b90633d4556f317b531e438ef4d52b4ae38d1b4ae6df8435d9744bf0f96681dbe751d41fef0f7fe75dc78bf534d1ee34ef14452848aee410ca01e2418ca483f0c835e4e5fde8bab89ee6de3b69a691e088931c6cdf2a93d4815aaa1194b999e4e65927d66aaab4da4f67e68f76d5afa1bcfec6d6e060019555fdb3f291fad54bb4b637babc323011c90a484fb82c3fad731a0ce0f80b49467f99af04601ff7b1fc85278c35bd3ec2d3579fce5679c082300fa1258fd064579ff566e6e11eeff347c34f0fec9b8ae8dafb99e61f15e653fd86ea0f982c76363b7cdc7e95c2adbb4ee187de6e8077fad68ebd7f2ea778661b82a284553fc2a3a553b38da37da09ce78afa9a31f674d23e7abcd4eb49adae664b0b6fc052390391839ad5d1af67b27592d2e658675e4143820fa7d2b6f4cf0d5e6aeeaf0c6779e48c75e7bd4fa9782f51d350caf0b63af23b56b2a8a51d4c1ba77b337ffe16cf89ad34ab4b5d22ea4d2ef23044f71081279d91839560719eff00a62b634ff1c7c4b7b38aee4d66e16295432b8b08be6ce707eefb1fcabce344d0df50d5a28e6692052c14b952d815ee5169915959c115d2dd4c16244470b20c850470030c66b86bd45071844f3f15429c3548c6f83de14d4ae6431d958db33ce3995e2cc8071f2e73d2a4f8d1e0f9ad658a196ce10eabb9a7f2f0e7b6335d8fc2af187877c19653c9a8788f46bbba58b30a413165c80481bb1dce01e38a7fc4df1bf84bc71e17b3bbb2f10e9b61ad1893cf80b978d1dbefa96032403dc56ae1497ef1bd56864ab4de2345a773c7bc19e0e3aa5dac6507615de78afe11c7a769315c9001962debdf23247f4ae6f42d634df0cea0cd71e30d166006e22da0b990fd398c55af1ffc6cbad450e996173677b6910096d3471ba10bb5721837fb5b88fad75518c5a6e5b9529569d45ecf63c83c41a79b0d4368c3468c78ec79ac4b940d2078b186ed8c01ed5adac5cdfde4cf71703193ce0f1f85697827c23a878a2f85b4116c887324841c28cf7a72ab1a31739bb2474d7af0c3d2752abb2445e07f09dff893505b68207dbd58e7b77fa0f7feb5f4af84acb56f06f869f4cb3d2e29ecc334f24c8c11c9da3ae7d31c1cd697c2ff000e697e1ed3a5d3a14b70e62c9965c0691874e7d073815bcd6511ff00593c12c7902440d9f949c1fc2be6f1b98cebb8ba5ac19f153e2aaaf14abd249c16967f9faf6174680d84315d6b73db89dbf78912beed991d49eedcd715f10fe1c2ded9cfe20d3592d642c5daddfe50e3fbc3fba7daba1f10cb6fe18be6d52eade19560c186dcbe5769214320f615ca786be2ae8faedaeafa8eb3f6ab64b074305b797f23b3360163f5ed55428d4a89d4a717a6e7e8795711d37516230f55465d53b2f95bb799e617f657567fe8f7b6f2dbcca73b6442b907bf3551b0bc77af53f1cf8f2d21d1aef54beb24d56fa48d552329f25b2e78dd9ee78af1cf0eeaa9ac5e7d8e611c17d2b9f2940c2499fe11fdd3f5e3e95e8d1c3e22a45c9c1a3f46c0f1b60a55a387c44d464fb3babfaf4f99a02520714aa2490e492055cbad26f2d66f2a754865033b24600fe1eb55e486e55b6b0fd4562f73ed215a13578bb8f89d20e4005bd4d3d4cb772e198e3be6a1480fde91801ee69d2cf85f2e3240f515938df613577eeee5e7bb8ed23315bf2fddab3657677dce726913960aa0b31ec07269f3ac76adb2f258e2948e222e03fe23b55428db5239a950f89d9bee319b2302ba8f83bae1f0f7c52d22e59f6c379bace43eedcafea2b949a589577b4b1818e3e6ac6d4b5eb3813f7170df698dd6489907dd7539539fa815ea658e70c44671575d4f9de2caf83a99655a556ac536b4bb5ab47d87aec092cfa85a42147932f9b16d1d980707a7b9157b41b9fb569eaddd783593a65d457d6ba0eb31bf1ac698b2c833d1d406c7fe3cc3f0a9b422d6ba9dc5a138cb1651ed5f91718e03ea999e228ad93e65e8cfc970b5162305192ec9fe8ff129eaa1ac35b17710f9d5d5fea3a115d4472a48aca08292ae47d6b23c4f68658e3987055b06a4d1d9df4782424864ca1cfb1e3f4af9aab6ab4632eab43a2b5aad184faad0b391b4c47a11d2b263636d74467826b4a604af989fc3d6a86a8aa6259c118a547b3ea3a3fcbdcbf298e6b62ad8208ae43c55a458ebf67ff08eeb7b919897d32f872f148074cfafb7f10e3ad749a66e9a22aa19c8e9819cd41ade91f6eb57b6bb89d10f21ba143d981ec4715f49c359e55c9315cdbc25a4a3dd7f9ae844e9536f9652b35aa7d53ee8f9b75dd2b50d07569748d5e1115cc6372b2fdc950f4743dd4fe9d0f3543e64c95e54f515ec3e394b19740934bf1eca6c25b56cd8eb24038241c646724e061940c1f635e18bae694277806a313b2315f300211fdd49ec7debf5baf87a55231c460df3424afe9ea7e85c3dc594eaafaae61351a91da57f765e69f7ee8d349c8e0d23b03c8a6234728051d581e854e45385bcac3e500fe22b8390fba8d4a6d5d356143f1d690c829ff65955434ad1c2bfde91c28fcc9accbed5f47b2cabdeadcc83f86dd4b81f56e9f95744309527aa8b387159c60308af5eb463ead177764d1cd675beb0d7099b1d0af2e98f4da700fe59abd1dbf8f6fe1234af0b8b719ff58f866fd4e3f4ad9612caf3928fab47cb63fc46c8b089daaa93f2ff003d8db8758bdd334681eeae21b3b0b59ccd1c930e4bf38007562324802ae68d2f81fc41a67d92d355fb56a2c870b73949324e48456e3afa64d7283e1378ef589c5c6af756b093d1a7b8de547a00a0e3e9c5765e06f83f63a2dec5a96a37e6fee213ba3454d91ab7afa9c5618d9e5d4a9dd56f797f2eb7f5ff00873f11e2be398662a54f0ef922fa2ddfabede87987893489748d4648a50de5b6761c552b760195bcbdc07565f4cd7b8f8f3c2f16a7632c4eadb80ca381c835e273594fa75d4969740acd1b1ce46323fad5617131c4d3e65b95c399c2c752f6737efc57de8f5ff84faf68105c2417971146c700efe2bbcf8afe20f08ea164d7da55c432da4c998a545c29c0c1fd41af97e77db751b23b0c7200e9d2b7edbc63e24b68e2823f11ea96d6e8a515227c0407dba11ed5dcaa2f67c963d9af847cfed22efe476ff0cbec5aa78ae2b3b3533bcad80aa3231dc9f4afaa974ff0cb22e8ecf6b2dfdac71cb345d5d11c10848f43b5abe53d27c43e31beb785ad3c47abddb44bb9648e0076f1d7217d3bd633f88bc783529ee575fd61eea450923ed21caae7682401c0c9fceb8a96329a9497e672e2e8cea72caf63535af0540f207b692d623b7711e51009c74e0d58f09f83c4da6dedc3dfc101862f33698321b1dbad73df063c3371e2fd5af2dee25b86b6b780310b2b0c12dc743e80d741f1a3c1169a0f80ec354d3d248cadd4b05c6d7639c1f973cd71d6a0f9952e67af91d1461ecab7249ec79a7c40ba9d6fa4d3f3108538631a805f9e9f4f6ae56dd5c3808a431efde9b70c490413c1cf3c8abfa53412152e7907eef722bdda74fd8525147728a4ecb73a4f0769a9abde25bdfdc7d9ad73ba590a9391ed81d6bde3c3d7fe16d1ec63d3f4db88e189140fb872c7d49c735a5f04bc6be2ad7fc392a787742f0ee99a4e928b048d348c9b99572cd900f6e4fd7a9adbf16fc4bf19f85ed62bdd4b45d15ac26c7937b05d4b2c3283d08648cf5f7ad715c3d1c628f3cdaf247e7f9c45e6552d39349745fae9b9911ebba4330235280e3a738a966d674c11161aadbc78e3719801dc73cfd0fe154f4cf8ebe23d52ec5ae9ba3699753104848dae58e3d788aa4b9f8c5e2bb85bbd364d074b491632b3237da7726ee0120c5ee315c3fea453bdd4dfdc8f2e964b4a9c93e67f87f910699ab43711b4b2ea76d24ab691bc59b85ca3ed21b1cfa8e94d9755b1b98a1871a730296ef1c984dc2570c0b7b6d4c9e7a1350f847e2178eafed2fb51d3fc3761730436d2acaf89b0a010e7a46724798781daaa47f133c5969a6dadcae8ba5ba845485b13962eb088978f2f39f9ce3b1391db9e8a7c2decdfb9559d6b2da69deeff000ff234ec341f06ea9a6de8bb82d8ade9ce7cfc96c39c1273ce719ae7ef3e1d780e14b8996efec12b44d144c9700e0b704807db35dce99e3af887a341a66892f8574fb7cc291c06686e80650a0649f23038e6afe97e3cf887abeb32e8f65e17d227bd8725d48b80a8319c9630edc1ec73cf6ae88f0fd7a6d38e225a192cb629de3268f145f0645a7218b4af88cb1c007c905c46b220fc0b63f4a353d375b8e57fb3789bc3126d8d5466d5149c0009c85ee79af599be25f8de3beb9b2b8f0e6916f716d8f363921b80c093c0e611d7b56c689e22f89fae68d26afa6785b4496d50e32639919fd76ab460b63daba5655888abceadfd544f630f8bc7e1e3cb4f1134bd4f9c13c33e229e7569fc57a520ce4b29ce3f00b57bfe11dd7e17c47aef87af13fbd2c2ca7f2515ecd2fc4af1d456ef74da56951471c9e53ffa1dc021bd0feef23d2b42ff00c77f1574bd260d5af340b18ace703639b59ce3d3700995cfb8156f2aa8bed2fb91d91cdb364eeb173ffc08f1a8f40f10dcc611fc57a469719187163664363fdec03fad4a7e19f829a301f5bb89ae98e649646c963f971f9d7afdc7c47f89106b5168ed61a735fcaa0a430dacf2127009190b8c8cf3e94ebbf1ff00c4f835c3a2cd616f0df056711b58cd82aa32486fba471d73ed5954c9ebced6acd7a24bf43cbc67d6f18ef5abce4fd4f145f861e131261bc533aa9fe11c7f3ad8d3fe1f7c3bb5b770d709732ec6c3cacc4eec71edd6bd3fc35e3bf899e2292e4691141702d831988d3260108eab962016ff0067afb5429f10fe2349a7df5fadc5ac7058e7ed0d26933295c7500160491d480381cd675323c4cf478997e1fe4737d4a527ef5593f9997f09fc41a45f782f40d29b56821d47470cb35bcc4a3a8e4630c064608e95d943aae8f73e26b38adf58b26b89adc4a104a3e652032b0f50464e6bce753d63c457fa726bd7ba6d94b6724ac45d9f0ecfb59cf5c90fce4e3af191ea2b2b578b5ad3a4d3d2eecadeda69977dbe349b82d221ff009667121f51f29c119f7af3388382e9e758a78995571938f2ec9ad3a9f4b81cc1e1a92a296893fc7fe09efb70fa75dd9c9b751b7645c6e759010a73c7eb5505de8563a63dcdc6ad0c56acc72c5b1c8e0d794b45e2db4bf8f4a97c3b616d717ea02ab68532e41e720f9985c7524118ef8ad2f0add78f2ef589f47d26cb4dfb6592959c9d15c041d7976939cf51c9ce78af9787856968f13eeff87fe095fda9251b236fc45f12343d0d7cad16c350f105c32139b484bc69e859ba63af1d78f7ae62f3e3078c250174ff0087b6fb15572b72ef927f8b185031e95af6de32f8856af776f0c091b59233dc22e8130f2c0ea4fef3f956be89e31f89dace9536a9a65bdbdc5ac03e77fec8946eff00741972df866bddc2f87595d18ae75cefbb6ff24d2386be32bd495d3b1e5175e2af8cfad2cb0dba0d0a09a4cffa342c194100100e0e064673d793db8aa56be08f1c6a133b6a7e32d6d8b804b24931c9c15fe448fa1af5c87c7bf1126d2e7d490581b58582b93a34a1cfae14c9920120120719156f59f177c4dd205badfe9f6511b9c795b74795c313d06564201f63cd7b51e1da34172d05187a451c356388ab2bba8ff03c587c0f8ae25696f351d5ae9d8e49303b13ef92b5b3a57c13d12241e7586a570c4632d1be3a7b015e9969e38f88d71ab36990d9dabde460978d34497e50bd493e663dbeb5047f10fc75234a8915a968159a61fd833fc817a93f3f14e59262671b7d66497a24724b03526f5a8cf3ab8f8136121cdada6a70e7a94493fa8354e6f803307ca36b0573d0ee1ffb257ab47e39f8837162f7b0c1a7b5ac6c04930d1a62aa4f201f9fdc5413f8dfe2325a7db1c696906fd85ffb1e7c6ee38ea7d45690c8f1297fbc37f246d0c2d78ae58d592f99e6d67f01ecd64125dd9ea92a8fe0c3907f4cd759a67c3cd334d8047078719547736e73f9e335b72f8e3e23c314134ada52473a96858e8d3ed71ea0e79a9a6f19fc4f8b50b7d3d93451717414c31b6917397ddd3e9fd3bd6188e1baf5fe3c4cadf2396ae593abf1d46fe6518fc3688abb7459303a13037f855f4d2350d8163d36e40ec042d515ff008c7e25596b074aba83404bc0c0796348ba6c923b103047b838a4b6f1bfc4fb8fb47d9c685225a826629a45d108075e40ae27c15196b2acdfa9c72c8a0f797e43df46d59ffe619799ec7c96ff000a4fec8d5570bfd9d778ff00ae0dfe152e9de3af89579a4dd6a509f0bcd6768544d23585caf27a000f24fd3351bfc45f1dc1a7417f756fe155b2b862914ed637688ec3a8076d37c1505a2abf818ffabd0beb27f819f79a26aac5b3a7de1cfa40dfe15e71f123c07a9ea5666eacf4bbb7be8f240fb3b6641fdde057adcff11bc6301b747b1f0799275df12986ed4bafae3671d33cf6e7a513f8c3c75a95818e7f0f6862d6ee3721eca49bcd2a07de4c80a79c7f10c8ef9ade870b4b0d2baa9f87fc13b305973c1578d6a5369a7fd2f99f1848ef04cc2752a54e0e473c1ef562d6e1679f10e5c1e9918356bc76f0ddf8c353b9b481a08649dd9632a414e7a60f3d4d67e9a7ecccde647b0e47cfd052a908a5a6a7ea94e7cd152ee7a27847c5baa7875160d32dad9c481a271216cfcc31d8d76775a2f8d2c75097cab7d35dd910be0c831919feb5e7df0ead3fb67c67a5d847f3896e50b7d322beb25302f887545b98d182b2283e9f2f4af0ebc210aba2f53871cd5944f20fd9bee2cb49f09dddfc84acf7170c2423d06005fe67f1ae8fe213697abfc28d62d1a4124df6969a23b872073c8ebebf9578b7c285d7f54b99740d22d4c82ec3bc6649422a151cb6e3c7a71f4ad4f13691e35d2f498adca2b9bd695037da1485da79c9e83af1cf7ad3134ea3a8ada12e9496225ccf7d4f18b9003f238e7383fa52412aae02fca73d6a6d4e06b59e586550b223608c83cfd475aa40e73dc9e87dfd2be862ae8eb73b6a7b07c2ef0ef8d754f04eb973e0ed7a440a9fe9fa643394927880e59463078c8ea09e457d17f05eefc0fae7c3f7f0458437b7da70b7796e64b90c445b8a8c02546d62f9200c8041e4d78b7ec7de32d2bc33adead63accd042d7b1a1b7f36411891b2432066e01c1e012338afa5fc2563a3e9fa224915cdc43a3e951b3949d447c025806c121b1ebed5e8e1aa4dc146f73e3b308c61565756bec725a25be93a5f862fecfc39656f36bb6d2b4573160ae7cb936166208e31c804819615b3a6dbf87a2b1821d66585352112b4cc4b1550edb42ab364953bb03248ce715e57e1782ff00559350f12dbcd6f6d26a7793ceae35fb781c23b9e0a3a920e31d7eb536b7e187d4ad8c17dafc49117577cf8aad46f64e149222c9c76f7e7af35ec28fbdcd293b9c92a8bd9fb2496f7bf5f4f43a0d4efec348f125aa68d7c21d32532ed546651821f70503ef1f9d8719e54e78ad3f096b9a1deea9621e788a5ac8ec4e0603ee20003a67718c8f74af32d6fc0da8ebb71656fa678aac6796072e231e20b796424f70238b25b93c9cf5aaba3782e6f0edfdc8d67c5ba45a5e7fabf27fb7ede35119c1c346f0b03cf3c8ed58a9d1f68e9dfdeded7d6de81ecdf2f35cf78d2b5dbe8358bcfedbbab66b792e0436d124acccefbc9f98313b485da7800e73daad6b7ad58cb673db68f756d2cf0babdcb89555594838627bf6c67231d2bc22e74ad225179e77c48b20d7849b8ff8a9e0f9f23070441c0c0038c7031556dfc3de1b4b26b48bc7961e43204655f13439da390b910676fb67153cb4a31e57265d6a73aeee95bd11f4249aa6813854bdb8b7f3ed8471ce5e40c15dbe5d80939c1c9c0aadaaea57525fe933dade5ad9dbb30778ee24daed18392235ec36f43c7ae4d7834fe1ff000d6a17b671cfe338f51904e9e5dbaf899242cdbbd040327ea7f1aed7e28f84ef358f18b6aad73aa08e2d82d3c8be78d63f900f955607c67d73cd7819ce7146857a786854e56d37769bd1595acadbb7f726766030734f99c6fe4d7f99eb93ea7a4e65b9bb68815ccfb5994b32ae14bfe1b8027e95126a1762ff0053babab8825b1f2565b686350ad1292792c3ef0207a9ce3b57866ada3c5a647a6eadaf6b13e8b3db96822bd9f536b766523a67c92d26475f900f5aa8979e179352fb55bfc4b8a3ba6885b868b5b9d094ec802da818c9e95df9662e18cc346acb46ae9db6bad3f1dce7c7e0e186adc9cdb59fdfd0f7bbed6acad619a0d14dabeb4d6ceb6a64607cb7550c11b9ec0e48fa51e1ff0011baf85eceebc597362f7c90b4f34f0ae218c672bcf6fe11db27b57ced2691e09d0af6fec26f8811e9f72cc56f63fedab952cc7a87ff0045e4f3dfd6a2b8d37e1f5dd92da49f10609aca1c1485f5ab931a1f65fb36077aedbd16f9f9bfc81467ec791474bdef6d7d2fd8fa2b5bbc9e6b3165e1a6d363115ce2f1267009dc46d2170739cf5c73c608ad0bed47489a296ce56471b8c52a87dfb9154bb460ff00174fcb35f3b5b5c78412c56c87c49b39eda34f2d219754b875551d31fe8dc63a8fee9e460d54d9e0b5bb867ff858b65f6884111336ad785a3cf5da7c8f97ea29de8a7f119470b52fcd67f733e8b8355d6a2f12c8186983c22ba789618d3066e001f773b428e98fa54b737da45deb31a8787ccb255f2536e6449a452d8cf55620e33d793debe7bf33c301032fc4ad3d18ee5330d56f048c1b1952e22048e0719c0e696ccf85ac88fb1fc46d2226750859755bd1b8649192107724fe353154ba48e8ab194f571b5925a2b6dd5f9f99eefe1cd76f1b4e13788208adae8dc88512290ba374c83966dac0e71c8240e40aafac6ab35e7852f67f0ccfa6ff006a99b7f9d738f2f1bca9e39ce3ee83838af18d5f4fd32c2d2d3ed7e37d0ec2da6198e35bfbd8ccc067e760abb98f246e3c91c66a840de19b7953fb3fc77e13812352ab1aea37eaa7e5da495036e4f72464d2fdcce3652fb9934294a938cd2bdb5d55d3f5ee8fa0d75a3159886f2e2d85f6c8a3b86b76dc81cf042b1ee79c0e71da98d7dac0d674b3a54b64fa13c189638e7f2de27192718e0000afa77ce6bc123bad395768f1ff0082e74f2cc6a27d5af9f6038fbbb81da781823047ad685a6b1731b2ca3e227830b6300b6b77a72339c118e4640ebe95ab549ed233a945cb7d3f03dbceb50c97d15aac88599de47098f98a900b03df1b89240c679acaf0f6a3e31b6babd8fc4d71a6496ed77b6dbc9b82cca8339c820f23e521b23be6bc92ff00516bbb8134fe3cf03190387565d5ef50a1008f9481c704f4aa57d722e2dbec9278dbc11f66202b44be20b945703fbdf2f279e49e4d43853724f9b636a7251a72a6d2d6dab5aab76ec7be5a6b37571a05cea5a34f6af79222cc66964db11507182c01c607038201edcd26b3ac4ba5da5a5cdf4f6497b731c304f2c07f772c8fc6e5cfa13c679af9ff007a9995e3f19782062459042be23711165c609431153d3d29ada7433ccb25df89fc23761415507c5e00407aeddd09c7e154a10e6e6b99ba7053e6bff5f79f403dd6a96fa9e896fa3c9a5c5a348b20bd49e461312392b1a83827af27be49a89f57b659ff00b1d96308d17da1e12065503ed1f2f60c4e48f623a1af12b9dec817fe12ed095b6aaeff00f84ee32f85390158c395e6a2b3b5b182d8f91e21d3448d2f98658bc776be696008fbe60dd8c1e99c54c14137bb2e569456da2fe9b3de61d52fee35fd474bbd82136b6f089ad0798199f0719232540e4631b4e7a74abb1de8bcbcbf955a39afed435bc081c2f210360b7504ee00e3b0af04896f8411dbdaeba8638b7edf2bc6f659f9f05b9f2c1392075f4a9a0b0d612dde1b2b8b985241b65fb3f8aac3329c9e5c8c163cf24f38a71a71e5e57231a74a31d79afea7adf8375fd65fc3e97de25b6b6b6d422926d9e54a24511a9c021b2d8c918c679ad6d6ae35a92dad23f0f35bc07ed623983b18f271db8f98f5fc0715e1f75a2f897535314e9a8cb099049e52788ac0461bae42838ebcd4527877c652462375d6a60aa4203e21b16f2cfaaf239ed9ea29fb28a8a5cc5e2630ad2724d46fd15d25e87b3de5dda5b6ac34e92586386f8492dc445719d847cc00eedc03fee93548eb5e21bdd575dd2b56f0c88b45b3dab6aef207174bb801f28fbbc1c82318e0735e2ebe0df17c3a80d460d3fc4ed7b8c2ce357b19081df92d563fb07e232cb713ac5e3049ae6311cf28d42c8bc801c8c9f33a8e808c71c539d38b69a7b15071841a6936d75be9e67adeb24585adddcde6cbdb2d3adeeef652a066748b02389bd7249dc3a1da3b66bc0bc43e22d4b58f164fab695aadfdf6b7aadd2595969b14e5639ad588fdd1418280739dd8c9f519af67f85f135be867c2de22d3aee16686484a5e5c40cf710c84ee03cb63c83cf3c93dcf67dbf876e7c21a9e9badea1e27d3adbc35a124872d1e6e2e32a42ab9da0640c631927b935c58b8cd6ff0bdfa0a8ca9eb16b53e6bf8ebe15b8f0af8c921d421b786e2f2d965923824deaae7ef73819e4570eb179908438200c8e78c575bf19bc5d278f3c6526ac5196ce25f2ad636037ec049dcdee4927f4ae3bcd1128c86e9cf3d4d7cc460a09462f45f974fc0fbac2d2953c3421356692373c0dab47e1ef11c37f2a346132371e99c57a45e7c44bbb8d4a6976e4380c4860013ebd6bcc340d42dd27115cdbd94eb21da7ed1b571d00218f0bdf9e7a5777a07c4ed4ac6e7ecf0786b40c5bdbadbaf9d07999553d483ce7be7de94b2bad889fb4a716fefff0023c8cc330c15393a752ac6325df4fd0e5b4c8cc1e1fb69d8e4ca32bb4ed29cfa8e7f0ace86eae61b2beb8927b9981daa11ee1b1f31dd93ea38c60d1457deac0e1de114b915edfa1f97d5ce31eb175a2ab4aca6fed3ef6d3b1c96b83172c180dc9e9c8acf460d28c2e0afeb4515f30b667eb149be48fa22effcb32dd460100d7a9fc33f8b30785fc11aaf84f55d18ea7a7dfb333a2c850b2b285652d9c83c0208cf718a28a5424e32d0cb194a3569b5357b58cbd06ff49f15f88ef34fb2f0ed969905f5ba47648acce6dda3e8c5ce492dcee3dcd6f7c32b8f0de9fe2230ebfe1bb4d4e28582ca0aeee991c0c8ce7de8a2bdacbe729735df53e771d054ea72c76b2fd4fa274ab7f08417ba16a3e19f0fc3a47989205f2e140dc9079c1e7f126bc7ff00690d1acb50d7f43bc526396698e9aede5825c8607cc6208ecf803b628a2bf3a8549438ae493eebe5ca7a697365f16fa2fd59e31afd9c30ea53c5146b1240cd18099e4a9232727bd67ac5e4c8ac84866e783c1cfad1457d0d59373773e8b0497d5e9fa2373c13e1ab8f15f88e0d3e2bb8edda6cb348c09da1464e00ea703dabe94f837a55beb577a8192dd26b78a65823134ae186d400b6178e719fa934515f21c4d566a2e29e8adf8cb5fc8e99b6a8d492dd225f8b1f066cbc51756efa75e45a75e5ac4c8a9e593148339cb1ce41f7c1fd2bcdfe09784d34bf881a81ba5b69ef34eb2b87b66c1644994603e08e71ce28a2bcdcbf1f899e5b5e94a6dc6374bd2ff7fde7e7b98b6b1d465d64f5fb8f20f11dd5fead793df6a9726e6f6e5cbbcec72ce7d4ff009f4acd3034055558619464f209a28afbf8689247dea8a5b12862edb4f38233db3fe78a922f2da67ca918e41eff004a28a97b1b2d773d4be07685e0fd75af13c47a4dd5fce143c7b2e4c5185e072179279f5ae8fc657de08f0ce837f67e0dd02ef4ad565c0178645919067042b36e65ff0080ed3ef4515f2f5a73a998ba7293e556d2eedbf6ea72aa30a8aa4a5ab4df56786dccd3dccff68b995e491cfccecc4b1f727a9a86e5171940547d68a2bea168ec8e88a4da18891a9524120354ebf3c883246338fa514529360a4d96dcb18b693f28ce07a75aaf27ce08c0240fe214515102e514fa1564914ab0280051d8632454fa4f9777205963518e06d14515b4b483338c632b5d6e3ae2d5565dbc127db8a8e48a30db1a28f3ec28a2b38ca5dc15285b645e834f825cfee620c31f305c66a19edad15c816d1e077db45150aacd3dd92f0f4bf957dc1631e9b05dc725d5a0787905473ed9c64679e7a8ad6d36c34485dee2e2cde7192ab1f407df927046723839fd68a2be9327939c24a5ad8f97ce69c29d68f22b5d743dd74af85be07b8f84ef3dce9861d4acc46d35cc0c4b485d1186093c0c39e30067e95e5d2695e18d7f5ad334fd334e9f4cf9fc89cf9bbb78e006edf375cd1457a7049f32f33c6bbb997e307b0d2bc53247e1c866b24d365110679096924563973c9c7b7d2bd07e21fc5bd3fc4ff0ce3d0ac74abad3af9a487edc4306865da0e482496e4a8ea33ee68a2be56ad7a9294d367d751c150f6746a72fbcadafcae78f105d037a704e7ad57b960194a0ea72734515c30f8ac7ad27ee9b5a1787ef755d11f5384da2c6b3797b1dd81040c8e8391cfad457905ebeab70856dc90ec49123afa0fe94515dd86c556a5cd1849a47938bc9f058bfdf56a69caf6bea7fffd9);
INSERT INTO `files` (`id`, `mime`, `data`) VALUES
(4, 'html', 0xffd8ffe000104a46494600010100000100010000fffe003b43524541544f523a2067642d6a7065672076312e3020287573696e6720494a47204a50454720763632292c207175616c697479203d2038350affdb0043000503040404030504040405050506070c08070707070f0b0b090c110f1212110f111113161c1713141a1511111821181a1d1d1f1f1f13172224221e241c1e1f1effdb0043010505050706070e08080e1e1411141e1e1e1e1e1e1e1e1e1e1e1e1e1e1e1e1e1e1e1e1e1e1e1e1e1e1e1e1e1e1e1e1e1e1e1e1e1e1e1e1e1e1e1e1e1e1e1e1e1effc000110801b6015e03012200021101031101ffc4001f0000010501010101010100000000000000000102030405060708090a0bffc400b5100002010303020403050504040000017d01020300041105122131410613516107227114328191a1082342b1c11552d1f02433627282090a161718191a25262728292a3435363738393a434445464748494a535455565758595a636465666768696a737475767778797a838485868788898a92939495969798999aa2a3a4a5a6a7a8a9aab2b3b4b5b6b7b8b9bac2c3c4c5c6c7c8c9cad2d3d4d5d6d7d8d9dae1e2e3e4e5e6e7e8e9eaf1f2f3f4f5f6f7f8f9faffc4001f0100030101010101010101010000000000000102030405060708090a0bffc400b51100020102040403040705040400010277000102031104052131061241510761711322328108144291a1b1c109233352f0156272d10a162434e125f11718191a262728292a35363738393a434445464748494a535455565758595a636465666768696a737475767778797a82838485868788898a92939495969798999aa2a3a4a5a6a7a8a9aab2b3b4b5b6b7b8b9bac2c3c4c5c6c7c8c9cad2d3d4d5d6d7d8d9dae2e3e4e5e6e7e8e9eaf2f3f4f5f6f7f8f9faffda000c03010002110311003f00e77c11f0cb51f14159f4cbfb650d79f67904a0fc9989dd5ce3b1d8cbeb9c56bc7f0975abfd3e254bdb4691a069ae62707740e2149551bd4b09140f7a6787fc4fab78761d4a1b08e355be48f78da58a1460eac3dfa8fa31a957e24f88e2d4355d4615b456d4efadaf65015b62181c32aaf3f74ed0a7af0057c2d2c461e518fb4bdfaff5fd6e7dfce38ae67ecdab74fd7faf2203f07f5b16f25c5aea16b71e458cb732a2c67293442266b71fed6251ff007c9acdd13c23a7dd78db5ff0e6b1731491697617ccd7681f6c534484870abc90ac0f1ce7a56e68df12bc53a6dc497090dabfda3563aa481d4b0323020a0c3708430c8ebc0e6b2edbc4b7768259a2d3ec0cf2c37705ccde59df38b8e18b1c8c91cedf4c9ce6abeb3868c938a214312eea4fee377c2df0c7468b50874bd4ef9268df57b2b75bc803abbc53db99902a7450c30092320fb53b55f879a4dd7846d6ff004cd517edb6f6f7d724491366ee3866c679384c2f41dcd655c78e75ab5beb7ba8edac72b73657487631c35ac3e5203f3742bd7dfa629f3f8df512e6d60b0d3ecad85a5d5b4691a485563b86cb1059f3907a7a73c1a75313866ae977fcd0d50c4b929b7dbf2d7f136746f851651f8b74d8b53be87548d6fd2c754b54468cc523c2d2205607e61c1048c723a62b065f869a3e93a56b4faf6a32a6ada77d84c96e96cdb6379893e596cfcd9181b870a73d6b525f893afb5e595dc365a6477115c2de4d2792c0dd4a9198d5e4f9ba804f0bb464d664de32d552c1ac6e2c74eba492c61b3792789cb62272d13921c65d33807d00c83550c561968977febfaf30f618b93bca5dbf3d7cbfa46aeb1f0bf46b6f18ea3269334179a6f9faa5b0b39524416d25bc2640bbb765b01970738c8e4115e79e17f02586bba75feafab6bb1e8fa7dacd0da79cf6c6656965ddb720118501092ddbd0d7533fc41d7dee669963b1324f757b7326236237dcc4229001bb85da323d0f5cd59f04f892fa3d620d2e0d3f4316d7b25a46227b52d12cd19da93ed0c3327cc492786cf22b558ba2e775e667ec31118d9efa7f5db639dd37e0fecd3e261e20825d53ecb6f7f35a8b73e5adacd3794acb267e66e5495c0e0f5ae92e7e106996f24ff65f1489ae6337d1c511d34a879ad577c8bbb79c2edc61b1c9eddebd0ef3c33e2c934e8ed2c756d2e46091c2d7eda7b2cf3451c9e62c4583e3606f4009c019aab7fe1ef88b04535da2e997ae66bd9c044656dd729b640013d31d39e3deb09671819252e6d1db7bafcedd0e35566e56e75a7f5dbb9f2debf66e6f622b93b87cdbb8c549021b88d42e485e0fcbdebaff0011f86355b490c5a958cf6b28e82552b9c0e39e87f0ad4d1341b2b18e38a5824b89ae238c8507e55dc7927fcf7af572fc2d7c7c57b157496fd3ef3dea18396297eed5ff00aea71bf605ba8c4061210a822403f4a83c3d6cb6f725cb641250035edb1e9fa36a3e0cbfd1f4f85a37b572567dbcc8c0e703f1af17d3749d6ae35efeccd36ce6bb9fcdfbaabd07a9f41ee6ab1b84a982972d57a3572abc28d1a2e152169aff0081afccb979080ec507caddbf4ae33578ca6a483615da4f5ed5f43683f096f2ed51b54be486561c4711048fc4f19fa5735f12be0b7882c236bfd390dfa4477c8a176c9b71e9dff0e3d6bc7c0e6985ab5796135dbb26fb26f46fcae7853af08c9291e73a35bed8b0c4ee1ebf9d4ad68b1ccdce0373c8ab7a6265648e44db22b743c906aefd925bad42286d2179649080b1a292cc7d877aeac4cda6ee77538c7a19b6e8aafc0f9cb6320d68de0114ca650195874c739cd75f0fc3d5d2214b9f16eb3a7e8aac0158247f32e307a1f2d39fccd77df0e34af08ea53c9fd896b7fe5c7956d62e1017deb86db1a630bd464e33835cd1aab195234f0defb7d55f957acb6d3cae673aae9c5d46bdd5d4f14bf89a7b68da255db91b5873f98eb55668e30ea7cb1e6273907f5af64f1e7fc21fa6eb2d6de25f0f5e5a43724bdbea3a7bed130ee5a33c0604f2303ad736be03d37c40b24de07f125beab320dcd6332182e00f60dc35635b13f554e9e262e0d756bddffc095d7df636a551b82a96f75f5e9ff00e32c14c882491c9073cfe3d4d64789ee510ec52c5b85e3a0ee6ba296d2ead164b69e178e58094951970430ea08aafe1df06eafe39d73ec9a55b8112b8334f267cb8874edc93d781cd74d370a69d4a8ec92f9171a895df439bf0e59adc5d3ce4f2581e7be3fa574738516ee17a13dfd6be83f08fc34f04f816c229b5865bfbc72541b81b817feeaa0c8e3d3e63ef4ed43e1df803c516a67d12e974b9b772c87743bbdfb03ec715e73cda957adcb1bf2ff374ff003fc2e724f12dae7517cbdec7ca5e23849b5431e3e77e41cf3f5a97c316cde666718f2c77e849fe75dd7c4df86be22f0beb11ff006a5ab1b13c4171060c5277e7d0fb714781b42b16d521b3d4e511c1282cccc7009ec09af654f9297275637594a1cf0d8c1d4da3b2b28a18e28bf7f9ea09c73d063a56d586871c5e1e6bd4f125ac0ea83f71b88500f54e3af27b679ea2b72d3e1e6a5e25f105d697e15cdc6969200d7b2fc8226eea1b1963fee8aebcfc01f096930c517897c64f08c16f22251e6063cf1c9efedcd7354c5c14d528d4e59477b24fe5e47b181cde9d184610d25be91bb7e5d77f91e37a85a69fa9e9715cdd5b35adcd99558bca842a48bcfdf3d4b671dba5614d006bd06352588c608e2beb2f0e41f0dbc37a241a2dae99a8ea709704492da6448d9c0277703af6abbf12f4ef0f4ff0af57bfd33478600966b2890c2819776318da339e6b9abe70a55d538c5f45e7f75bb5dfa238f1f5d56c573c6938464edfa5cf90afd0dadb1d9b4ca0e319ac165331053e662703af7eb5a5ab5cb49712afdd40de5e31f77069749b7f2a45182d230e3fd9af653f634eef7381a772bdbda322f9516ee177371ce69d25b3c6a2552704671deba1b8b1d90074e49e58e6b9cf106a090c0d0277e18fa1f41514a52a92b225bba2a5edc34f0b2c0cbb10e4ae7ef7b8fa51a44de71f9a331ece39fe2fc699a369e751915839c28c92056c35b7947601c838e072715b559462b91095468495d00f2d80181c375c5496446e6599f03195cf71ef511407f78a4103926a90b932ca12252850e39eb8ff003dab051e656468a4cd0f35a29a3118c86390c3f95743a6ee78cfca31eadc5737670b4f20561c93800f5aec34d5096caa5587d48a556c922e13691d2a5c472c66385c1218a97238cfa7afff00aeab35b32b13700aae7e65e8548fc3a55a78841215f2e28c28e857008cf518ff0039a885dc6e776f2769200dc0fd7fafd6be51b77f7763d28bd342b5ebc6b1944009c7ca7dea9a5c048d770c49d0a139ff00f5d5dbf8e368c33fca4f2a3afd07f915857f237da13cb64465fbbf370739e993f4ae8a3053560734cea6dd2d9e2cc80b1c1fbdd3f2ff000f4aa7730980b4ce596107e57c7ddf4a669933184338f29777cca077ed8fcab49dc5c46630bf285f90e738f7fe95cfac25663854772946101041566eacbfd7f5a6ce8f20d8f8ce33c0e491501cc52e1fe518ce3d71d31f9d5b69d676401c0565f949033d2b4b38c9172976315e4114a5dc100fcadc727d08ae93c2aeabad692f9000be80a8ef8f3145432695713490a5b5ac9753487cb48d0162c4f40077e6bbebdf878be09d1749bcd75de5d6aff51b758208ff00d5d9a798acc09fe26edc63af7eb5eb60f093c43f6905a4757f2309578caac68ad652e9f9bf44773f109ef1343d35a367b78fedc23fdd920905c83922a58f514d1ae92cc7892fadae480de4888dc205fef303d07e35abe3bb3bad47c3f6167611334cda9e5401e9264d41e2df05eb524ef7b67e42ee2b23a3a86c32a6063d4e79f41ef5f1ab055ebc955a717c918abb5fe18d8f2e8d5a31a3084dabb72d34eeb7ba7a6fd3523f1bdd4379a4c565acc50086e71e55f44b888e471bd4f287f4f7af30d6bc17ad787d2eb538ede5bcb568429f270d84cf0c3d4577be30ba9759f0c47135bc8859c46f14857796c101401c05192d934df867ae5cc1e10d5346d40bf9ba5dc490c4ce727cb232b93f422beab2cceabe5949d38bfddbb3ed7eaffadfb9db83c7d4c261ff00756decd7af55f3dfa1c17c22bd16faeda69f7b6e248e756548dd780ddbf1af48b7d1f45f0f4d736f656d0a4adfe91793918daa4f058f539380a82b1c78bac3c4be35f0ac904c1cc76d2bba7401f0a391ebd6add842de27bbf17e833dcb41753ea2248a6c1015632a5467b74ac78e330ab98660b0d5e4f96293d3af368beefd4df170ab88a8f1188f7744df92e6e5bfc96a5e9341d0f509646b9b9b89ee5b742255dc56020fcc17aaab0e8481c7ad686b9ac5cf862ee232dbc775a2a2224d18c9789738f314e38c719e7b66b42d1356816ded0eb26fa6503ed0d1c6bb63391d4a8f9dc81fe3597f1167ba8747d5af65bc486096d1a158470ceee71b547738e49c57c87ef28d58d3a72d366b4d55bd5dedfe7a77f3a8dab578529be68bd2d77d74d344d791c3fc52f873677daddb6a5a3b5bdb36a4d18deff2c4dbce158e0707240cf7ce6a9787bc30fe04f0ef8b35c9cdadc6b5a5ef822923cba4676a9cae40fef0eddaba7f1d4867f827a3dfa121e0b5b67560791b193ffaf5936f75fdadf0c7c6f3956fdf4923905b3ff2c979cfe15ed632a49e58e3295f96b421eb176767f97a69b1db87c1ca345d66f452e56bcd492fc55ce43cbf08ea5f0c6eb51962bebcf1047771bdcdfce01d92bf62c7194c0276e3a8e0d741f0aad6ee3f0fda3492cb6f2790f23881c46f3b48d952dc648c281c73ce7d2b9ff8526cf5bf0d6b3e0f6b986096f047359a3c6a3ce9411b97713db00f5e992315ed56cf65aaf89a6d123d1ec16dac6cd269a59a3564594f5442461811839fa74afd3b28a49255a36b72dad6dac72676d619cf0cd3bdf9aedf4b2b5bf1fb8f20f893a35d6ad6be5e9725d5fdbc93402e01c4f25bc699dd26eda0852587b9dbcf4ab1aae9da37846cf5e8345b0bb4b8548353d3aef0c1e3c61082c790a1b7647707bf6f4ef164361616c24beb7b5b0b28dc3c7204d80f99f21e23f98718e0601cd717f10f4e9ac7c17abd9c164d25f25924f24d7510565b7693122c641e402518fa127a9aecc7d0854a73a8d5db5dafa599c580c4394a9d27b37df7d57e5fa995f13ecb4fd634fd0bc64bb6d7fb56d84778eb1e7e7032ac40ebcee15d4f8174d6f09fc3781f4e815afeece2224000bb918cfe62b98b82d77f00348964eb04f81c760e47f5aed3c40866f83364e8c43c710756e98211587f2afc5a6e753014e8ce5eed3a938faa8ca365f2e667d14f054a9d3872ad6551c5df6b2dbf44fd0d136d69a2f8612e35c864d5278a55926555dcf3ce7a051d001d00e800e953e97278635dd174ed5ad2ce4d26e2f27fb2c050a8955b9182a386518e41c8c54fa787d5fc376934c862b89765c8da4165703efe3b83ce475e6b82b78acfc3fa2c963afc5aad86aa92bc926a5647267899f0df3938008619ee315cd9445fc5377bcbeedfb6db2d577b6c79f4e8aaea51bbf68a5b2edadf4dad7f5f4b1dc5944fe21d3758f09ead14123c5ba1098cac7204de92213c85604103f84820715e1ba6f856eb50d7ac349bb8ca0b93bf783d6353f315fa608fad7b3f826f23b8f8917a6ce68a5b268edcc461937aec11c88bcfae0561786e48ff00e1667862d1948741a9a1f62667fe82beb3030957a5566db5cb6b7fe4baff00e4df92e8442838ca692fb2a56edeec9bfc5189a9f8d6f20bf3e0ff0005582e9d6b6636cd20e1f6fd7b13f9d45a5f8905fde1d026b7823bd2c0164c33337a64f2cc7dcd3a7f045bea1f11bc411c7abc5646278b623cbb1cef4c971eb8c7eb5ddf82fe1a691e0f22e666492ee5c48d72ff0033e33f757d33eb5c987c461f0d1fad463a593dbacbab93e9fd6acf52a6330185a4a0a1ab8a6ac9ddb693bb6670d2e6d3b50816f2cbce59a501642c5444415edf8f4f6a9b5ddd2fc0bd7c33648d2d7aff00b2e47f4ae83c5f782692d6e24873e75dc714641ff5673b8923be40c67b5616ba99f83fe228c74fece938fa4cd5c784ccbeb79946aeeba3b5af65357f99e6fb59e2234a53d1f347f33e3dd42c5a6d5ae762b0449dbe5233820d69585a18991882b267a915f64ea9f07fc1fe2bf0ed9dda5a2e9baa49691b1bab65c076283975e8df5ebef5f37fc51f08dff81b53fb1eaa80c879b69107c938f507f98ed5f738ea15e9cef2578f97ea7161f154abcdd35a491c76a2ef6702ab1f30b83db200f5ae26eb4c9afeebf7240527a63a0ee6ba3dd79737e123659564fbe31c03ebec2b721d317cb54017cd1f3127b9fc6b9a35feaf6b3d59e8ce828ab183656a6d2de3485132bc6e0393f5a6c8a88fbdc6dc6492474adf9e116e0b4e9b42e77678c571dae5e0be9c243911ab7033f78d149bab2fd4c6141c8afa9dc1925458ce23f40319ab7a3e9ed23798e06d63c161c9fa52e9ba548c565ba56c03c2015bf12ed620f28b8c7afd2b6a9554572c499462be118b66a255182588c8c0c6056adbe546c32062bc7239154bed288824329037718ebec2a58675b991a4508bebeb582e698ad63b2be8fed321cb29083099c71cd625c452413800484e7b0e09fe9c56aabacc484215c1f5e7ebcff9e68ba58d970f80b938f539af9f4dc1d99e841d8ca96e81288eadf39185ef81ea2abde58aca3eeae1b95db8e3e94eb9d3ee7ed06e15b0392707851e9f8d6ad84c86358f8e141604f3f515ab97b24a5022517d0e5aeee6eac6539776941cfcc48dc3b9ad6f0e5eb3bc6158340e4719e4fe357752b082f46c7089f37f08e87b106b161b49b48b812c6991bbe6c0c82beb5d0dc2b53d17bc385dea8eab5cb48de2692252f2a8ced1c9e7dab9b92716d70166c88ddb706c6361f4f6fe95d0d85f46f18392c5870deb9e79a92d3c3fff00092f892c2c101cdcccb1c801e8a4f2df966b1c37bf2f6725b839a826e7b1eeff00b36784522d153c5faa45fe9370a4592b8ff551f42ff56f5f4fad627ed15a834fe2fd26dc48a63b5b88718e7e6322927f957a85feb16ba4be83e1fb30112e24d8147f0c31264ff2515f3c7c54f105bdf78d2d02a5c4c6e6fc3968977ec5565249e7d07e40d7e8f86c24309839c5748bfbdffc138b86a1cf8e9632afc3caedf3f757ea8f77f126aeda1e849a92a83e4df953c762e07f5ab7af78e207b58ececac66bcb99a0f39ca6152243dc920f3f85723f12352d3af3c0b756d6baa5a19daf95a3db2ab11f3a9ce33c8e2b9bff0084a25d3e40fe7ce92aa966b7b7b9b76b67ee48918ef452792b8c8ed5f91e0f31c55287d5e13518c924fcbdd8abafc49a594aaf4154e4bc93969b5f6b7f5f79a7ac4563ad6872cac8cb1952b22ef1d0f7054f20e08edf8565f816d2232f89aded44cf0453a15695b7330c7073dc7a57313eaf3a58490497b0309e5796e9a1625630c4e157d4f2703d7ad59d0f5bbdd2b41f1349a63c12de4a2278d7cc1b707f8413d481c7e15cd0a152a73c22f497dd7daff33d35954e9e1e70bdaed5974f897f5e8243a8f8363f15f87a0f0bd85cda5c22cab78656ce5bd3df041e47635bda1df476de31d72791e4f2fed2c5941c02711e01fc5bf4af0cb7f114f65a8d9ddc766e9a94370c650ca587279aec35dd5e49358d4ef2c2551e7c96f32946041251778f5386419f4af633ec14b1989f6b1d14a0a2fd5349fc9f43dbaf80f7942126d4a36bb777f1277bf6ec7d09e1db9b2bbb5c59db8cf458d890a0671cfbe7b73fceb37c451697206bbd490db35a992194c443327cbd877c8eddab87d37c5cba569d62f6930fb4ac091cf6efb40db8cee25997f8b38c1cf350f8f7c5b0eafa4ad86996c635981594900919e5b1b7239f524b1e98af94a796caf1518dacff000f3eb77af96bb1e061f2caff005956ba4def7d97537f5031ea1fb3e5bb419645b39917775c231c7f2ae73e1d95b8f867e28b52eabbddd067d5a3503f53573c3bace9b17c153a1dc5dac77c8b72ab032b0639dc5474ebc8ac2f871b65f06ebda5bc90452decc8abf69251429550cf9c1e9cfe35efe2a93ad86af4a2b7ab49afbacdff0099eac69f2e131307b7b4baf4e6dcd4f863f082fe041ab78bcb092d0a9b7d36270cd2ed1c31646e00e800fc6ba9b9d46d75bd4aded740d1c68fe5ce44f2dd1d8a8ca0e58a2b06c8c1e4e3d4d554b9d46ce182dedbc4da04715ac6a911370f90800009221ea47e75a9752030ff006b5feada4d83472ac32b59972b72f81b5595c020a8c1247001e95faf616186c3c2d0923e33178ac4e26b39d677e8b7b2f97f5a8e3a0585fccd2eb528bcb7967db05bc4c7c9550066491b259802dc2e7a8addd4748f0fdd6f49aead6f278ed8db89a6b90a648dc6d604b374e73ef81cd62dd78a34a5d3af61bbd7f4e92e275f2c3451bc80e463aedc8e7db8c516bae68f1c2a8358d255570b88ed6e4e3ff1ca275e94959c96be671ba75dd9d9e9e4ff00c8e575ed18787be0f3e853df595ccd6d70594dbceae4c665f958804e2ba6b244d43e0f594724ab12b46119dba28316327dbbd723f1623b6d474e86f34cd50dddd28d9f64b7d3ee409222c0939618e0806b6f47d6ad65f85f06966df503742108231652f2c11811f779fc2bf2acf32fa583528d177529ca5dedcd18ff00edcb43ebe32a95b2fa551df9bda36f4b5aebf2f3d8b72674bf0e9d52d258756b98d56182e5a2dcbb54ed1b546738f4e726b634ff00144ffd9125c5da4173670b98ae25be7f2599b81f2aecc275fe2c7f5ac3f0c78c0595a43647c35aa3479fdd186d651820738f949f5acaf136aa757baba9a2d23582b7b1c88e9f6098acadb4040063f871f78fbd781847528b7296bccde9adb5efd1f96af7339e0a55aa3a75a1a5efcd75b76d36ebe57e9d574fe1db45d27c7f1bd9b30b2ba8e2302118f2d773029f81635c16897cf1fed09676eee4a45a8dcc680f60e59bf99ad5d0355d4edf53d3ef27d27589238238e36c58ca7e60e0b0fbbc9c66b92d4eec5a7c71b3d5ded6fa259b5132c30bda389245c60ed5c6491debea3877110a71ad4a7a269b57f5835f823bb0d41c25595469b749abf9edf7d8f40b28a31f183c44b22c4cad0c6c599012308a782791dfa576f1ea56db8452ba23043996489591081c29663c9f6515e47abea7adb78dafef74dd2b5592dee3ca65ff0045650ee8a5594e471f2934df176a9abdce876bf60d1f598ee1672fbcda9031ea3f3af9c861aaaad4d4569649bbec92d96aac79f3c12c5fb3e6925eea5bad2cbafe47a4f88fec57115b6a112442ea3689828e3019c06e3a7e3d6b2f561bfe13f89101ff00987dc8cffbb3bd703a4daf8baead26d66e20bc312c817cb650aec5707b915d2de6b73a7c3ed72ce6d1f5053259dea9701195773b38ced727001e78aedc2e575f0b5e1566bddefd3aafd472c1fb18c5464a5cb25d76b6a7596be33d4bc29a7e9777a841f6cd027b5817cd8d7125ab941d7fbca7f3abff001d7c3969e3ef85774d66cb25c4317daeca54f5032403e8cb915e33f0c7c61abf887c2b7d67ab2cbab68f1c515afda62b644fb3f0061c6467692a436326bd67e015c4d2784efb47bd7f30d95dbdbededb7d3f535fb3539e1f1741ca2eee2ed25fe7e67939ae58a18578ba568d483e9b34f67ea9efdd33e57d27485b0b26df832b7566f5f4a7b2c76e8d2cb26d8d472c4e715d378f61834ad7f56b532ac70dadc4a8189c7009eb5e39aef8827d52f0db5aa9102b61540e5cfa9afcfe3869d4ab38df66eeceda359d68466faa4c975ff1049a95d84872600703bee3eb56f46f0fa2c6b7d7030e5c11191daaf786f408ede35bbbd00ce79f2ffbbe95b0c9b18ee63b73deb7ab5e34d72532a7574b22acd1abc4a5d718c9c8edfe35997f7d6d0ab966031c2a83827de9dab6a6229bca8115e4c93803807deb1ad2c24bbb89651969246cbe4e5452a14799734f4462ddb50b2df753317772491b17afe15d669d63e48ff492ad91d09c557d234d58b393b5c7fcb42456b92ad8124609031ed5d152aada1b1cf29f435f53d3a486569ada32c01dc4039e2a84172b3228b8f94e76e71c7d3eb5d3c9b1833e0853cee078f5ff0038ac0d6b481248b2dab61b1b82e38cfb57cda69bb4bef3d1a755356669436a8b138c99230390571c63d6b2357b3683372807cb92180fa0c7e9d4d67d86bb3d95d7d9f5072155f696fcfad76370a5d62b85dac1906541eb91daa1c67465ef6ccb72e4d19cee937c2ea60aca81fbaf507e9fe15a979636f7306c6423b82bd8ff008552d73499238cddda42bbd4e4607231d293c39abf9a925bdd46639c7de247078ed9e94e49dbda53dbf20bf32bc4a1709f649998e428fbcb8c83ee335e91f0313edbe375981de60b69240c475ce147f3ae46f520bd81bcb201c9f9f19c1feb5dff00ecbb6322f8b757f310a6db7452a4f039ea3eb8af6f26a31af8b83ed77f723cdcd6bdb0b2b6fa2fbda357c5fabdc2f8fb57b95e4689a2c81013c0760327f5aa5f19b4a171e16b5834bd3a6324b73148d158011cb32ec9098c103b85e9cfd2a1d5dc5dc5f10f511d58a42849fe12cdc7e82bb3f1b582de69da35b9322095e342d1b156198661c11d0f35e8718d4587c5e125db9bf24776230df57f631ec92fba3197e6ce5fc21e36d461d32d2d6efc28d67771944f2e7b3df36e030a598b2e5881e829be2bf1a5ee992f9771a25bc6a14e57ec48700f5c8129eb4bf01562d3344d5ddb4c9e09ed26564826be1732a2b85cb6ec650b1e48c03c53be2c6913dd6ae85f76f60186486c2fa66be27f74f17384a36845eedbd6ff0037ff000fdcdb0f2c3fb7e59436dfd4af69e3db5974f9a6716b1bc69e6ac3e4042e718e30e7b7e35abe1ef891a541751adccd6f1c4e8920125b10bc7404938e39af20d534f32f9305d248ac64f2e2589b6e3df15d1d8f86bc47e26d3ad7ccd525b8d2eca326313101900214e00eb8e0724f7e95fa3e5381e1e4a9c22a2ddef294a528b5a74d2cf5db547bb5f2dcb6514a6f47beb6b2f2d1df5f434fe2d6b1abc3e318fc6767a6e9b1689e588a599214f31f3c039ce727231922b7ecbc53a9687a5452dc58234447cb22419003b631d78c9e3f1ae8bc4fe12d3f46f8553594da7c1a8ea51ed6b66bd6cc4921e03374000cd57f86b2db6a7a6d9cf797561792c0d1c17e96b20923b79558b27b77c71c671cf15f21c4b572f55e4f0defc13d5f54f757dacbcfd0f937ec2dcf18f3422edaeed2fbff00a64f1f89b5990a477915859493e364373b4487fbb90338fc6991f8bbc43ff09447a04d6de4de4b20099da5493d1b214f1ef5a7681eeb5d4bad3b48b48e5b49e7b62b7321569f777ddcfcc704f4e94fd32cb537bfb8d6a3302eb0e3625abc44aec5c8da8723a7ae70735f1b09a5555e29a7a75e8fa6ff00aebb1aff00b3413e7a6b6efb37b6d7d2dab2ddd8f15c16eb2c66ce42a5cc8a6e117663a9e63ef597a5ea7e32bdb9845b69369e4ba1d939ba4298f4f963cfe15a173abda858ff00d65ccd246d1cd04e36946ebc7a01ce7a8c56a69d730594be4dbec002911ed61c000631f524b7e5531ab878d4fded9476eef6f92e97ebdb7391b70a6d4a926ddfa35fa9993ea1afdac5746e8e9424878708ed2018ecc76a807db9c56159eb9e29bad4940d2f4ff3e4c2a3794ecd8ebf336dc2fd0b67dab4ed11e1f0cd9c1730aa969f6cc19b3b98c849627be7af3eb5a120961d2acd2cda69e08ee775c32f0e0e72ca0fd715c7fda10a93a9ece094765d74beeff3dac5c553845a704db76bf4febcbf13124d7bc5827bab55b2b012dbcbb248cc522e5b19c29c6d271cf5a9e1d6fc5534c90db1d204b229751379881fd7042919f6eb52de5cde496daac106af0e9eb1dc2ca969791ee9a45e081bb76724e70403d856f4496ba9caf68853cf830c122c6ec9fe2fa6456d88e78548c68453bdeda27b3b76edaf4edd827529c63774d7e3d97f9f4fbce3754f13f8f34d5692eb44d3bca5c8f3925664c7d40e3f102934bf1078e2ff004f96f22d36ce148577c41f7af980f5233fe4d77f7ad6f1c135a4b1c538550b343c1196c0c1f43cd72b702ded9d34f8eceea6b39497622f18c9c641403d07a671d38e6b5ad374d28ce31e7eba5adfd3ff0086d8ba189a3561654237efaede8dee655d6ade3b4bbb5b5821d26e65b81b912291fe518ce49c600f7a7c97fe3c4668e36d025923fbd14174eee077c2f141f11db69ac75076b7b88658244f2624d8e230caa06ecf0dcf031838eb9a8ee85a6917d65aa69020d32358d616b07c31ba4561b9dcf3b5f07820e4f73daae8d28ba6eea319696bc77feb4db63af9754bd92f2d1eafaf5fd3e64ff6cf1dcd6d3496ff00d992bc52ec0a9248327b9c96e31d39f439c5707e27d57c472f8f74dd26f7c4cba6ea9d61b482079a3973ce0beee338238af413a4f878586a371748a9e734f2c8c24283cb2db8e707d0727ae180ae57e1fdac3e34f16dcf89bedda82e9d62ef6b0e91736fb110851b594e7d0e7800826ba70756318caa4d2e54bb2ddab25d6efbfe614ab5284672e4565d797fe0bdfd17a94a5bef184b70f0472593dc8c9106fb9477f5dbbd9431fa1ab261f1ea22cb1a5bcf108c48fb1e60573d86651b88ef8e99af4ab8b2b55d26ecea3185823940b596424b75001049cf5ce3f1ed50136579a75bb8b852976720f624e3afd581fce8ad8df654b9bd9ae9d17f5f7fde732c5c1b4e14d5be6fcf73cfbe25cbaf699a15a096fbeccca44a1067127b104b1fd6b847d5aef4b64d452fee61b5bf2e5d771c464ae3fc8af7af1b69da6eb5a6325edb488d1c3b4928c02851fdec600fc6bc6be2058da69f61a0e989e24834dbcbb999a04bbb4795248f70442c029c0c9e3239e2bf5bcb78bf013a3470f08795ba38db4d2ddf5d8f732ecdb0eb0a95486badd5b75ab3adf866cb27c12d5e57481ae25955a59d22543266400138039c0eb5d77c1a01effc571a1c14d415c7e2958df0eb4aff008b4fafd948c37c375344cc8b804a4a7a0ec38e957fe014dbf5ef16c679fdfc47f4615b6472855a788ab4e368c9a697fdbccf331d183c2e379364e3f9c4f993f685bfbdbef8b9af68b0232a457ad98e31feb18e0e4fe7547c31e165d2e2f3ee407b86e79fe0af53f8afe1fb5b5f8b1e21d4c2069ee26562cc3ee828bd2b92d56f61b0b732492a8518ce7803dcd7cce3b176ab2a54bbbbfadcf3a8c9ba5051ec8cfba64b7c994e011ebfad731ab6a72dc868ac583e3e567e8003dc7f8d32ef509fc41334502b25a6edb8ce5a53fe15d0e85e1a4b3456b8dac40c88b0303ebea6b254e34529d5dfb1d315cab5dcc7d234692e230eea550f0d21fbcdf4adc4b38adedf6408020ebfe7d7ad5f9da3898f2013d476aa775750c721551e6cc4738e8bec6b9e589a95a568a225072d5880f95b44abb5738191c1ff001a57696661e50d898c838e7ffad51dac73de49f2a999f6fcb91c2ff415d4695a24441377189188eb8aefa6a34b59eace792b15e5fb7584c60d84a1c92b8e0fe3eb57ada686ea13228cb2f181f7aba3bcb1575fde2061d0f7c735cbeb1a4cb6d379f605c143c2a919af02aca337ae87553b4b4285f68d6f7df33208e51d1caf2a7af23bf7aa714f7da2baa4f186889200278238e47a75ad7b1d4632e2deed84796c0976e07e3d856a5dd8c52dbb46d99223d57a8fafb543a8d7bb3d8deee3a323d2e48afa312445588e597a951fe4563789f45f38b5c596e47ebb76f20fa81f9f14e4d2aef406fb6d8bef840f9860e4723a8feb5af63aa5a6a659176c72fa138a88c9d29f34355fd6e3e4b6b1393d0af0f986deef0937208ce038f5fad7be7ecd5183a9ead227558100fccf15e45e20d161bf81a6846d9d471cf539fe75e8bfb335cdf47a778b9e4f967b4b74d8e4632487c71eb915f4590fbf8d8ce1e775db438733a0aa61f4eebf331de42be14f1912321aed01f6c063fcebd7a582299748f3d82ac6606c9e83e471fd6bc97c1f6d73aae83e32d24ca2349bcb6691ba23076e4d5dd23e26ebba6ea905b5cae9cc163110752ca0e063392702bdfe2ecb7138ac4d0ad4a9f3421cdcdaa564d2ee7d366d9757c54e51a36bc1ebaf7842df9324bf33f83bc7d1c9a3e9fe19896e6df6dc4b71aa08de5e73d19febd12b6af7c4d7337ce749f0fbcc17e563acc2e01f4e46715e6ff10f5dd6758f1d69de228f45d26e2fac8a7d9e67d4e3458ca9273b7cc1b8f3deb721f891f140e48b3d100f537517ff001daf82ccb09879d48d54b5b7f3db6d3bea79987c056aba38c5b5bde56df5f98c99b51b8f1247a8ded8e90f02070634d56124920807ae010297c257daff0087f5bbb9e38746974fba66dd6c757854a039fba7775c139e39ab07e23fc4ee861f0f2fd6f61ffe3b51c9f11fe2588c955f0f93d38b94624fa0025249fa542acb9795457fe048efab85c4a83e754ed6b7c7d0dfd7fc557d73a6c7636365a6945c616f359b795491d3397f980ec381eb9ae374bd575af07788ef75cb23e16b2b2bcc89ecdafa3c4e58f0a02b11c1c91d3a9ad583c79f13e48ccad75e1b45032c5ae57e51ef8938aa7afebfe25f116912d86bd7be1cb889886458a5c9cfae771adf014e94abaa4ed152d1c9c96ddffa68586c1d44bd94a30e57beadb3b19bc5977752496d7fe15b68ee10a4eed6dab22942010ac18fb123a9e0e29356f15f89ace44d424d26dc59c9ba30b75abc29f7886c295c10781c92718e95e3b65a818756b93ada45ac7ee3ca55b7bff25c7a74c96e38c62bb2f85136b29acc115eea1f64b4ba904718b990ed53fc20647e1935f70b82329709ce8ca51518af79b8fb377dd2b36fd345e46f89c9a952a729c6deeabeb7b3ef6f79bbfc8d9bcf165e496cd0693e1ff0ed9993996493578e7790e73c92413cfae47b550d5f5ef125edf437166348d3fc96caedbe8e4278c60927a7b015a3e2dd73c65a0f8a2ef4fb4f12e84d1c6d95cdace4807b1daa46474eb5912fc42f1d20017c47a2f271c585c1e7f14afceb1387a7f587cd4536aebe27e9b72d8e6c250c4382a94e9c2cf5d799efeb72e4fa96a7a9585dc5abc7a75cc922622d9a86d08dd8f2c718f4153f822efc5f378b74eb5bdd4e296c7786786d2fd5490a32d2c8a01dfd003d01e33cf355f40f10fc56f115ccf6fa3eb1a6dc4b047e64816ca4181ff024ebec2b374ff895a942dac5a6bd7d1de6a91a3431c8a0a47147c6f000c12c4e724ff7474aeecab0bec27edbd9a8c175bbfb97ba96ba233ad86c4d784a9463176b689bbabe89eb6b2ebe674bf126f351bbd723d53481692c375115b6d42e5f63c1b49dd12678079dc09e707dab06297564b786511e9c6f93729bafed36dc50f4501318f7e79a8f42f19ddde7c30bbd4edf515b4d46c6f206fb42c6a433b36c6f976f420e71c0e68ff84dfc6eac50f8bc6e0bbf8d38631ebf76af33c2b85555b91272577ab567d6d64f4bec6f83a38a747d8c231b474d6f7efad93e8fd2fd09acb59f11d9aaac29a795497cc50b249b41c752029dc73839393c54daa6abaeeaf34a2f34a8becf2a2a8fb3c93a491903ef2b794464f3904631c5516f1a78e4b6cff84bfe6dbbbfe41ca38fc4534f8b3c74cb195f17c9894129b6c23e715e3ac3c3da73ca9c6ffe297ff20767d4f137e6e5827dfde5ff00b69735597c4b7aba52d8db5bc2da6b87491ad9f27000505443838c679ea4d6cb24b24d1de5c6957ba85dc680279c934712b752db5216c927df03d2b947f14f8df316ff00195e8f38e232b671609aa5aaf8b3c656d149b7c61aacd3292ab1476f0ee660338001cfe42bb1c635bdc74e3d7ed4baeff608965f8ae54b9a292bff00375df5e54ff11fe3dd67c49abcade1799f4e8daed82b69d6be7adc11d431dd16e603ef103ae3a5765a1dc78b342d3ac2c742d352d2ded2011157b5bc91a42072c48b71c9af3ad3f54d76f193c4371e25d452e426c599ac6013a03d54b6e048cfe95a337893c45148f1bf8df5a52832dfe8f18c7fe3f454a5494234230568f9cb7ffc0752ff00b2eb548a5cb1f4b3fd16beaf53b8d7e6f1f6bf14715d5b00a9ce12caf4027d7987d3f1ebcd56b0d1bc7b0f961109891b26378670186738398c1c571971e23d6847b9bc75ad138c9510a8207be1ea8c7e25d5e5655ff84c75e25fee8c0c9ffc7ab39d0f6ab5845faf33ff00db5151cbb134e1ece0e297f81ff91ee36d79e376b730dde936d226de30d2261b3d79eded5e53af5feb5aefc58b1d01f555b55b69d124d320b2dfbc291330f319865b1b493903a77ac36d5f5498ec4f15ebb33904edde338f5c6fae7742bcd54f88af2f66f124e15494568b8ba5e980c4e383fef1aebcbf0af0fcf38c229a5a68f47d1ebfe57f338e590d5a725aabcbb26ba79fa74573e90d3edb50d27e15f8b1ae6336b34b753dc46a5d588479b70276923a1aadfb3c484f8abc543a86311ffd0abccfc392dfea97ad677faeead3d991b9d1ee9879801ce08048c6457a2fececdff15a78994742b19fd4d7e8fc3d96e270797ca58869b959e97eadbebea4e6197cf07976315469b928cb4f58aebe870ffb46eb96ba2f8db5332fdf758f6a8fbcc7cb1c0f7af0fb48b53f145ce2652a87958c13b54762c7bd7b17c7ef0bb6b1f196eef2553e47d9e11b9bd42e3e51ebc75acdb1b2b2d2ed8c10af9601e10f56f726be4f1b529612bd46b59b6fe47cf61bdda514b7b2327c3da1d8698a1a608d38503cde9b7d853ef6ec40ac772aaab72e4f5c545ab5f992f3ec16f035ccf29091c318c827d0e3bfb75aa36ba6ea1a94d287c874251848a57ca3d3681ea3f3af3952a988fded4768f77fa1d0a36d590ea57525e42a204d8a481c8f99bb74ed4b63a25c79805d030af6553c9ff0ae8f4eb0b5b0452549940fbcc391eb81daa63979b39013be1bb7bd5ac4c697b94904e77d23b1169eb0dac6b1aae00c718adc82445187917a7738acebafddc2822424b0e38e3ea2a7d374bbbb905b6b63b1738aeba58772f7aa3b1c1391d6cb15cdb5a5cb796acaa63e5ba60939c56399229958a4b86e382391f877af45974e77d2f548c267289c6323ad79b6a3a0ddc7a87fa2c4fe630f957920ff00857054a09a5cda3ff8214abc657d4cbd43418af599e3dd15c1ee3b93ea3f1355eccde68ade4ddc6f2463d0e47e07ae7daafa6af2593fd8aed09651cca0753df1ebf5ad0135acf1e4949636ea08e0572d5a5521a3d51db0addf61d617b697c87ec926f4e8c318da7d08ea2b9df10f8764666bad3098e65c968c1db91df1fe1506b9a5de58de1d474872c4754cf3f8fa8ab3a4f8a2dafa4fb25e620ba031c9f9588ea3d8fb1ac214e51f7e9eabb1ba972fbd17a14343f11c724ffd9fa8ee8ae13032c386c71f9d7bafc0ab481b4ef10ef0313471862b8191f37f8d78e788343b5d4addd8058a7c604aa013f8d77dfb384bab587877c5316a23cc16c61f2e43c8653bb2735ef70fc632c7425076deebe47263b96ad17cbbdd7e68adf0e2c45ef863c6770b22a347e5bee3fc4bb9891f8e2bcffc4b07efc3931900e0e5b8eb5d7fc38712783bc671b49b00b48641f2e7243b607e39c5763a7786fc3c9e1fb3b81e1bd2eea67b7b7389630a0b3aa6496da4f7cf435f5fc55c45fd910549d3e7f6adc56b6b688fb5ad982cbf1759d44da6d2ff00c922780f8d62b595609a1d2f4abf9a4b92c8905dc8862f9780721463201ebfceb6e2961936dc8d4343b58da21fb86b89c8438eb9da79cfbe2bb6f1659683acf87a5b783e1bc375bd43c22d3ce81db1c8dafe48a7f8522b393c316220f865656a232d1142ed732657fbcc23273f539afced568d5c2c6dba6d6fdffe1bb1e74736faad495454e5aa5bb8f438bd36c5f56d42ded6df5bd10bbb6dc09e6cb7bf295ef167f08347b5f0ec918be496f6488bbca58fcabe8833903d4f24d70d71abdbe8b7114a7c11a7dbb93f2136eca7ff004015bde24f8ad3dce89770f847c3d711dd35b08e595d73e5b1f4e7a019e7f4af4329542a271af14efb6bfa59238731c6e6398ce9430f78c5beae36dd6ed7439e8df4ad1fc29a946755d2e49e6678a240f271dba919cd799dbde4674db875b9b22f0b6772f984e3be78e959fa2369ba8dedeb789b55961980384cfcc58ff5ac7d3ae19fc4274ed1d9aea296411851cef19f5f4adfeaf46acdd149a71eb6d3ef3ed2852a5425520e6dcb46db5a7a23d034fd1e4d534ababab892cb4dfb4c7be0b87b6937617b2164381f4e6aee87a31bed76e2cae6eedf72db2625581c07cff1280a7078ef8eb5efbe1dbebe6b5d2b4ed621b75b45b608257839560b8c121f1d07a572f73e319749f12c914566f71143231468a040665f424ca463d0e07d2b95cb0c9a5ccb91bb5efaed7dadb79ec7c72cf7195aacd528eb6be8d5adb6975e5a9e5577a3ac5aac16ff006f591a36c2e217cbff00bd91cd24fe0fbedd2453f9e88efbe39442d83edd3a7b5747f13bc5ef3de35f35b456d74381070e8cbd88239079e6b909fc40d7da289ec75dbd8f5046c9b67e73eca47e9f957e8187e1ecb6386a556a26f9f4d1736afabb2d12efb1f45869e26b5085592b5f7d2fafc97fc03a5f0bf873c65676579ac699aa5c5b5f5cedb38e4484c781d0eec8e381c1e335426f879e0db4d49e5d6356bdbcba0db2f1b72468ceb92c8b9f9890064e33d7bd6efc32f12788ee2dcceb6d3ea0f0b02635014b8feee5b807fc2bb41730af86eeb46b2bc8b4eb9ba779639aef7453c058a960923232b739038e718006335e4e679750caab2c2d2aaafbeb6bdbc968bf33e5b34ad8fc2622508c97fdbb65f7b4afa2dba6e7256de1cf879ae786923b4d5e7b1d3a19986f86ee192de39492aad2903e5381d0ff007801cd73bac7837c4d617fa8dadd4b792c16f6ca82eadb4ef323920fe120ee1f371d064d755e0cf00e89e16d3aed2df57b7921d42e145ec90dcb5cdc4ecae76a160a046093c9009c9ee2babd635ef11e9ad73a8c3e0fb868a1b610db470dcc4d300318cc673923006371e0678c915e2e2a5879c7971734a5f65e89bf2b6abf2bf91c781cdb1b838da0efbdd3b596db37d7bdafd0f196b1bb494dcc971ae17117905868871b40c63993a807ad2c3a7dd2f91e5bf8909b74291edd1bee839c8fbff5af51d33c45e33d4af23b74d256dda5242b4e90a2ee1d54fca707da9fa96bbe2fb04bb967b682382cd4b5c4e0c423403af3e4f3f419af87962aa5ecb95ffe03fe47d0ff006ce2afcae31bff008a3e9fca791ddd94f6f6b0965f1498acb2f1ff00c4ac009dce3e7ac5d2b42d4b5bd4ff00b523b6d5350d3c4bf69b6ba86d364eb2f753b8ed201c938cf38c1af42d534cf147c52fb399d6d6f3428889eceeed3518e0f9b18607116e241e39518e6baa9751f1fe996eb0be9d3ac50a8559bed76ed1ed03a97f2703f1c5773c64e847923cbed1efaad3cbbdefbf62679a56a968de37ea9cadfa2bff005b9e667c397f2c1e40d1bc52e81cbe04318f98f53d289bc2ba8dc48ef2f87bc5d2b3e3731110ce3a755af4fb4d6bc6b77a6c5a85bce4c532874c4b1e483ff6ef5b67fe126b68616d4fc59696324cb9489a74c9ff00c842b8a9e36a49b4a51bafebba0ad9e6328bb351bf94a4df9ec8f163e0fd464638f0cf8a4b326c25a6857e5f4fb9447e00d503c521f0eeb51ac67e5f33518171ff008ed7b0ea49e3a85fca8758333b0caaf9db770f5076563eac9e3982056bdd67c967ced8c4d248e71d0055c139a2398c9e8aa25f27ff00c918bcf315515d72ff00e052bfdd73c8757f0178a20bbbbd4e185eda20a73beee26f2d3be703b0f4addd33e0deb9a13491de3dbebf15d059629ec6fd62d8a4670dbd4e7af18aee34fd03c55aa79f1dfea1ab496e62249b39248d94fa1258f1f8571b7de2fd52df5387439351934ab0b77d82e5add99f8fef2a819c9e3200eb5fa06499562735cb6ae21d5492eaa326f4feea7ccfe4fe45e131d9863aa39539c52826ddb9be5d6fa137f616a7e18b7bbd4aeb4d992ce0887dc9e395979fe2208f5ec2bb3fd9ae5171e2ad76e13a4b144dcfbe4d7983f8975494eb7a75b2c9a958dd9225bc920651b011cedcfcbd0726bd1ff667ca789b54452a54db427e5e82bee70b85c4e1f092855a8a714972be57076b754db7f7fdc7a59d42b3ca3112acd39596aaeb4bc774f5bfa947e3cde4563e326958ac7fb85cbb741cb0af20d4753bdd4258e3b35751260671f3b9ff00d947f9e2bd77f683d027d47e205b4ed2f976e2d40dcdc80dbdba0f5e9cd71f690e9fa6c7e45b460ca3827b9fc6bf32cd3d850c6549cfde77dba23e3308e2a8c6cb5327c3fa01b7923b8bd2d1b46db9446e4153d8960739fa1ad99ae141f2d1327fbe7f9fbd55d42fa2462d2484e3ac6bd2a2b5b5bdd5dc845d911fe21c2fe67ad71af6d8af7a4ed1f3fd0d651b6b20d42516e728c66723217a0fc0d476f637fa8cf1bc308111e19d8fcbf80ee6ba3d2f4ab18d56def5849b1b8e3ee1f61dc5744ba4df48561b64124646639231907e87d7daba293a74b4a4aefbb396a56e5d0ab1e8b6f6b6da7c92fef64311233f523a56a5adbbb67e41d3d2b7aeb41bb8acb4d696da4c476e7cc6c70bf31fd6acdae9b23a6e28c0f644e368f73eb5d93a3539af3d0f31d64d6e7abe9da658258089635642a14e4738f4af32f89d69636b72604fb445138f9fc9b6de0fa0273d2b9ef067c76f065de89a9e9edafa25fa0262dcad8048c2f38c7defe7544df5d78a2cbedee5995b923279f75af47178ba52a4a2e3afddff000e7251c35484db96c626a3a258ccac54ddbaf606d8607fe3d5c6eada6dfe9f2196c65b99003931bc601c7b1cf22ba0d5ad2eede633595c302392acdd7fa5669d594c86df5184c4c4e03738af0dc6cb9a96be5ff00f621ccbcccdd1fc510cd31b7be8dade553b482300fd7d2aeebde1cb2d56d8c88aa931191228ebf5f5151eade18b0d4d565470641ca32b608f707fa1acf4fedcd0898f0d756a3aa91ca8fa7f85714a54a52bc3dd9767b7f5ea6d052be8ccb8b55d67c2f28b7d5a1375627e549572587d33fc8d7bafc1bbab4d5bc03e2ab9b3b81247e403953c8211ce08ed5e6161a8699acc46121096186864009af47f83da2d9683e0af1a4f6c7625dc21bcb67c6088e4e9ebf4f6af67236bfb420a4ad2d7d1e85568dd47a3bafcd1c5f816dd27f0df8a1fedaf0c915924be504044815b3d739ce71d07d6bd5bc37207f0fe980e4e60b13ffa2ebc7fc090bcb2ea8913c824fecd98a042416f93a70a723af1c7d6bd77c14ad2f85b4b7552edf64b46001033b421ee71d056de244942a61252db99fe48face278daaceeefaa7f825fa12785058ea16fa669f79342d05cdb085d64440c58a60aa1cefce09c9030077af36f868ede18f186a1e163a1c3a4d8dc5dc93c490dffda2e1c27c9f320259170339c0fc6bb06f0e7882d6dd9608ed564c2ecb8480195761ca9044bdbf2ae03c7a3c47e1ff00155af8de4b4d12d6e15c0bbd5ee2128e5f1b542c62521988feeae4e39e2be432ba7174a7864d2e6ecfaeebafcb67b9f3955519d46e334d3e9e7d1ed6ebf81d86b564de2196d60b3b917f7a64d8ab110220739604f6da31f95743e1ef0cbe8626334f6c6571b6510ca1c2fb1ac3f06e83e2458aca5b6bd0c925cb5eade35aa65fcc1f367f79f748ed56fe28786b55d1aca7d7ac6ea333f9455e2b68020704e483f3727eb9a1e5f88c45274e94ad67ba7b7caf73597b29d58e1615559f93defe8ac876b9f05f40f11432df68f6f1fdae5946f9ddc63183bba77abfe18f01f84745d02417125adacb0931a4ca803bbaf5c839c73d875eb5e4be1ef1878ff4cd0258b4949926b9caba677161d8807a1c77aef3e12586b5787edde27d12f2fcc52112a485013c77dce3273eb5ea45555085e776af195dfbbae97496ba7634c6e131187a52f69884e317eea4fde7dfcbc8f5afb768daae888f1ed970760f2c9196c73835e4bf1574029aac5751cad1aaa0dc13b2eec31c77c56e5fa78ba0d42eef747b596d2060cb140d6b0c8b0c7d7e55f3c7cdd79e7ae31c0af24bff001b788357d66ef4f3ac411c858965b98800580c1da3b1e3915c51857af5e588528da2ad75dbabb2efa5bc979b2322cb6af3caa52a8b952d757a5fa7f5b9e9baff00827c2766b047657735c4734654b4c55c8971c0562383d4e3a573334775a2dcc1a75968b65a84169148da8dc48e9e7c7f2fcbb51796c704e013cf61583e0df1f78a2fb543e1bbbb6b0be888600a44841c8c6e04b2827f115ed1f0cec3fb2b4fba3ac693733cf2af9914f2b4259b031b7225639f4e6bd586271eaa7b2ab59469b57b735a2b4e9d55cac73c4e5d0e5ad579f6695f7bfdd6d3f43e7db1f8adabda49777b6f6af6972e3642021dacbd08dbd2bd37c3de35bbd5fc0ad3cd71a5d9ea683091dc9292348461467ae0918e9dcd26abf0fe2d6a3b9bebdd27516d422b80d687cbb7da222c495d827dac475c9c673d0d73579f0c3c4eb6012c9f589aefcedc66bb86d18f96401b00fb41c0e335e762a382af051728a7fe2bdbc96bd7adfee3b31189cbf134d46ea32efe9b7cadf89d4f873c46f0e9e6d3c696cf0df5b4714f069d6408494a92564f94903242e54b150466bb0b0f126997fa35af884cd6f6b6fbbfd2de59013113ced27a28cf7af25d67c0fe36d58eab1dde84f19263feceb845b50e157822402519e3a1e4d5d4f87bae48b3c7359eae61bbb15b5bbb710da793230c7ef02fda46d6c8ce474e7d6bcdaf97d0acdb9558abbbe895be4ba5fd6fe67255c3e05d18fef7dfd2faab6dafdfbedb9d2eb1f11b4cd3ef357b5d1f4fbad635382f622f6d9d9e6230551246c01ddd07b9ce7a56443a1eb1af78bfcbf14788ee639f4dbe2f6490ec8f319018a3286e401c74ee79ed572d7c23acdbf8666d121d2b51d8ed198e5956d99e109d0266e7e5a43e18f1425b5ba5b59dedb5cc2e5cdc245661a462739706e0827b67d285429d3a728d0718c9e8a4da6f6fc3e5f8974d6129a7ecea24de977af45afe6ad6ea76769a868fa2e9f786cee21f32c9fc9fb102ab972015daa00ebb8631c1ad4b9b85b7d661d3ef1ad912f2ca39e5b690860252db59403d79c1fc0d733650ebb1f91753f83ac6e35381024778d1daab0c74e3ed04febf4ac9fec5f1abf8957c433199afd54a066fb215099ced0a6620007a639f7ae7a795e1e34a4b9d5dea9b92ba7d75bea9ff0048f3551a3524f9a6968f56f77d2d6d975bbd4e8fc43a7eabaa0834d8e4b3b1b28a6123dcc4ec5d42648503a20f5393c561963e2892ce27d111f5791da3835213e6311c2c3cc6001ce18646d23049eb537f66f8c65b94bb92f0f9e09f318bdb28901e8182c98e3b118356e48bc65244226bbb2007adcc64fe5bc8aca861654fe29c1b5749dd2dfbff004cd635a34a2946516d7557dfaf9bbe9a3d2cad6351254d1bc346079a7fdcc7e4c0c0ef9124663855f7553cf61f8552bc6b8034f812faea2bbbb931248a54e17d59b079eb85e0567db695e2888bbc97d6b3b15651e64f0e101feee07cb8ebc5551a4788516457d52d11a46def2b5fc65cb7ae761c1a8a98173b3f6b0badbdefc7fadc9a4a95db724db77dbfe074dfccc8f1b7892e7c3f358d858f887c4d6d06ac658659ac608e56808608d9c8e0e48231cfa5749e3cd03c3b1c36ff006bf26e6f879418cc73237cc0162003d71d4e0579978a2c753bbf8a1a5c535feb42fa0588457f6b7518b720924969162c7017e6241e3039af4f5d2b52732799ad58c9e76d132bea80890020ff00cfbe7b0e8457bd175b0586a51a789e4694af69db77df4bad352e3270acaa45dbd15afeba7fc399f776cb17c1af133468a09b76c903938988a67ecd36d1c7ad6a12472872d6b6f9c76f6ad8d76de1b6f869e21d296f2da79a4b291c796f90097dddf1d33e959dfb3cdbfd8fc5dafdaa984880431e6172f19edf293c91c57d8701ce757015aa4e576def7bdf57d7ee3be55b9f29c62beeeff2f7114ff68abe4b2d7ecf7c8115a06e0756f98d78ef99a86a92ecb185e34cf2e38c7e35ed9fb436996b71e20d36e2eb2c522902a64e0fcc0f38edcd79bb5de21022f2ade345fbb9e7f0f6fa578f9b4e951c7d46a3cd3bfdda2e878b819fee236452d2b40b7b321efae166947cc2353c03f4ef5d6db4f00801710a44beb26d03f1c572715cbdccdb2cedde563fc4c338fc2af43a45cdd22fdbaf7c85272402338fe42b9796a547cd5e56f2ea6b51e9ab35edaff4b7b86710c73313d4cec17ff41e6bd5be161b24bd6791522de00d866241ff00809515e61a4db59db3ac767007949c6e2324d5dd7f509f45d324bf82e32ea332107ee0ef81fd6bd2c257a74e69d28edd4f2f151e75cb73e8fd525b38ecb74e50467ee9ed5cac6f60092a300f3f78f3fa57cffe34fda22d658747d074dd035191cc795938f9f692878193838cd61d8fc71bb70e82ceda208d8c4933b1fc82f15e8632bcab352e5b238a8e02ad9db53cd3e10f86753f13f8a2f25b948bc9b92a6429101801c13db031e82be9b6d30e916515b69ec1638530107038ab1e10f0cda78634d6169144b23a6085006d1e82b3357d51e32cb202a793c77fc2bcfc6579d597bbb23a293726616a3a8c72c9e5dfc2619b3f7d470ff87ad665e59c53c44e1274eb8c723f0ea2aededfc170ad1318e507aa91f30acc1656f24aa6caee4865c7cabbce0d7955654e5de323d186850b0b39ade4792cae591867f76ed9523fcfafa55e7d51182c3a8406390f462b956fc7b53af5afad6126eed04f1e705e218207d47f5aadbed6f10a41708e48ff005521c37a71ebf8572d595496b51732ee8ea4e2d15efbc33697b38bdb370b2b3021e26009faf63fcebd27e18cf7b63f0efc5506aeb1bc9e5948d8807ac527af39e2bcf2dacdec242da75c18093cc6fca9fc2bb8f0ccf71a97c3df103dc5b88e4b662772b7ca479120e3f3af6b865f3e634d46578eba3dd685c929b8c25b7347f3472df0b7479757f108b58103e22cc809e8a78271df19a9f506f11e93e256f0ed9788ef16d6dcf9507ee63dc100e07dd3d0715bdfb3c8824f10ea71c916e93ec5e644e00ca1561d3eb9a64f0193e31c70c263dcf360097953943c1faf4afd431d97e1330a9cb8aa6a4a2aeaeae7d9e2f10aa6675e15229c610babaeb6bdff00338c9bc43e313e2583461e25bc5796e92dcb3471fca4b05ce36fbd5bf895e18f18496674ebbd7cea3844b958e6857cbdc2508a48033d4d644ccd37c4eb52f1a42efabc41922e02fef802063a57b3fc407783c4562b00cb1b789541e795bf4f5afccb88f2fa197e654de1a1184545bb28add5fa98e74e185ad42953a715cf1bbd17e0fa1e69f0ce2f13789b49b996d3c7b76d6fa7aac79b780a0727801032ae071f976af54f03e87e2bd11aeae759bd9bc430c90e0c37182464ff00064f1ee715c369a97fa57c61d5a333eb17e5e50d6703c062b3895977852d9da072caa40ea0e7ad7a56aa9a85c6a16da848d269821c912b48033938f947f780c7419ce6be2f178eab85c6c6ae1d2e59252568c6eaebd2fbfde7cce27173ad4d41a8a8c97657d3cf47abeabbf91e43e2cba97c31f13a3d4348d4e68ae6296493ecf2c78b705464228ce594f4cf1599e3ef8a5abe9da66a7e20fed291afafe44884303111400a37419ebc0e6baef8a365657de2a59ee2d9a494e9f3cc1b1b76308e475047d00fd2bce7f690f0adbe89f09344d5a1c092fa7b72e00e3e68a43fd2beb328c4fd65d1f6bf69eaacb7b3e963ab32c561a397c652569b8593d2fbdfa7a7a9c0fc3bf147c44f1978a22d06d7c5d7f6ed2452c9e617c85daa48cfb1381f8d717aef89bc4635b9c6b32996fa190c7319146edca7041c753c75af47f83fe10863f0bcfe32b2d4354b6d52ded5a488dbc8029064923231e53647c83d7af415c37c55f0c7f61dea5e35cdddc4b797128924b824b3b008dbb2517aeff7e9d6be970f1a10c6ca9c211516acac92774ddfe56b1f1b1ccf1d4e1cf1ab2bfabd8b7f0cfc5f7b6de2d469af56de075727380036de0e7d73563c43f163c5773636fa75beb37b1b5acb2665597fd602c715e6aa31d29e9804719af5a581c3cb59413f9238a59962e72bcaabfbd9d945e3ff001f4bc47af6a721c6480e49c7d2aee95e37f184f6daab5c6b97c24b6b4f353326086f3635e47d18d75bf0db50f0c9b6b78350f1849a1da3264c3a5dc8b5915c6399a475df213cfddf94741599f123c57a42f886cef2c35dbcf10244af6f2c77291bbf9590c1bcf08379dca080cad8c724e48af113a32c4ba11c2ad3adbfe05bf1b799daf19898c1495797fe05ff0004c8d53c63e316b5d14d8eada8bcb77665d96362c5dc4d2a9200f655e2a86a3e2cf887a7320d4351d62d0b8ca0b8468f77d37019ad4f0cf8d6da0f151d461d42f7c3f04568f0c3f66c0690b48646123a2e5016627f769e8a3039aec7e207c41f08ea1a01b0b5d6354d4e37b605e0ba79ae55ae0743b6e07c8bfed23861ef4545ecabc29ac2a69eeedb7e16ff003f212c7626516fdbcbff00027fe67971f1f78c7fe860beff00bee90f8f7c63ff004315f83ed25734c7e6e051c739e2bdbfa8617fe7dc7ee4713ccb16ff00e5ecbef67467c6fe2f95c03e21d44b1e0626c57a07c69d1fc61f0f9b4367f156a5749a8d8ac9233498d93a81e628ff0067e618af38f04e976bac6b26ceec5c328b7925558182bb328ce3255b1c67b1af64f0dff645f6bf6f71f1422d6359d0b4b8e448567b86796258d41da000a1bb67d7df15e4e328d3a78ba4a2a2a2afccb956b75a5bd19ea611e36b61ea56f6ad25b7bcf7dec97738df851ad6abae788e6d3b52d4eea50f672bc659cfcac83703f9035ec9af78127d37c496fa549aec8b1c8f0a99b693b4c9e6638cff00b1fad7927854c0df1d2edf4ad36e2c2c2e22bb6b3b598e5a388c4c5457bc7c586bebcf1008eca2334e56cd9550f395f3ff00c457819f61abc71b0fabc6d171d5257d6fa743e9386336c5ca2a939bb36f57adb6eff329db7c37bdfb4ac73ebb72d048db6296161b643d82ee619fcab07c47e0dd5349d521896f2eee2c65257cf28c1a260c14ab2e786048ee739af66d0350d46d7c3d6938b7bcb782d6c23678e18ff7fe68c2b8c1f4e4fbe6b2fc597913f83ef352d297ed51db66e6e260ecf2a9dc72550655dce410090030c9c815f1586cc317f5850a9ddc5ab2dfa79dff0003d8a39fe36155caa59c569b2ff2d3f1ed63c1f42d16e2e7c43a9590d475049eda7449a26c886456912347193939dc48040e39c9cd6ffc4ed01bc35e311a3c53c8c16d61763bcf2e41c9a4f8502de7bed41edaef53b988c966919bf50248c0ba8be4c86208193c8c64e781d2ba5fda1508f8b4e40c936709ff00d0abefb294aae6d0a53d52badbb453ff0033d3c9319527984294f694652dbada2c8fc45e1cb4d0effc1573677376f16ac9135c03291bb2cbb978edcf4af40f840e96bf16bc4f6718da8f26e00f5e1fff00af5ccfc42daba57c342a08daabc9ff007d2ba8f04daadafc7ef105bf39085c1fab29feb5fa3469429c26a2ade879d985475f2f9fb4776e13ff00c96aa4bf0b0cfda5ed6fa7d4b476b14f9b128690f0147cb5e57a76856b6f28b8d46ede590ff0a938cd7b17ed2772b6d0e9a1b79324922e1075e16bc6a38f569e331db5b35ba2f2b23fff005ffa57e639d3acb193504a2b4d7be88f8fcb9df0f137a4b886cecc9b78a3b78fb9db8ac07d5a2f3f623493b7b7033f5ab1a7e9d1282752bf79df3f741e9f89e7f953d27b2b0764b4b745f59588c9fc6bcba2a8425efc9cdfe06d36ba1a5a6c9abdd2ac7120b78ff89fee923d3d6bafd1f47b630b4777379be60c15238ae16df5b4128067dc73c04aeb349d4659d55a085bf2af4d4aab568c7951e7564cf10f8dde01d4348d6e0d434ffb5ac112978fcb66e06e27231c8c7b570fa9cde31d4364b63732dca01cf9aeae79ef96e6bec9bbd39757d3961bd8d7e407613d57f2af2ef187c38b26bcf38412248c797b7768cb7d76919af46188565cf66d7cce68d49abc53b1e8daaf8a22b7cc52c6e9853cd73d36b7637a193cd8d81fe134ebcd42d2f94a978a553c6320d737aa68761393b43c2d8c82878af226e1b3ba674528771757d3ad6e0f990b98c9eead9fd2b2628355b69b2b2a4ea5b1cf53fe7eb50dc68bad5aaffa0ea69226dfbb2e7f2f4aa035bd7f4f66fed3d1ccf12ffcb58f9e9f4aca527523cba49799db08b5b1d35b6acd10092c7223742ac323f2ebf9524b3691a813be040e872af01e73f4ff001aa1a578ab44bf8bc9b97f288ea932e31f4278a92eb49d36e4acb6533c27a8689f20fe15e7fb28c27a5e0ff0febef345e68b5f65bcb58c7d9278ef623cf9731c328f406bb4f034925cfc3af12d9c76d343712c810a498009f29cf06bcee38358b29d7662ee207823ef8ff3f8d7a1783e6d466f036ab24113acf04ccc3ccf9082226efc1c1e6bdfe1c84bfb4a9b9a4debaaf434827ed2167d57e627ece31249e2dd4519d90b589c11ec466a567863f8eb08446f2c4b800a9739f2f8e0739cd52fd9eae5d3c49aa46410925831675c6e5c10722aec5692defc63b992c238e69ed8f9b15ac926c336107ca0faf7c7b57ea92d2acdbec7d5e374cd316e6ecbd97e891e677be645f12a1326448babc7bb3d722619af65f89c51356b591c9c2451e7bf5bd51dabc735eb5d4acbe21c4bab5b496f7675247915c773282483dc7bd7af7c56768b59b6daa5c98a3c01d722fd4d7e77c6518cb170bff2cbf266d9f5a58cc134ef78f4dba6c737f1aed26924d2fc53a435e6b5f65985bac36d77e5dbc298dde6480a9dadbf23e98ce2bb2d075a6d561d3ae2d26b1d226b8b513b4d1da4721ff6824bbb6fe40f439c1e2b0bc47e1ad53c47e01d4ade2d9359cd39b92d77394598839080803e4c8e1b8c9e47ad65fc1ef10585ef876ebc23af45a22bc73a8b7b0d35dd65b6524873bb9cb02792189eb9af8087256c229c7dcf66dad2fa45edebaefdba9f2ee0a14f913e649f93b6d7d1e9f2f2e858f88df6887c50b14b746e613a75e1b797cd12798a6d64c92c3be474e82b9bfdac46efd9f3c2effdd9acff00f44ca2b5fc63a0b787fc431584586b56b5bc30c98c654dac9c1fd2b27f6aeff9379f0d67fe7b59ff00e8b96bd9ca1dab61b5fb4ff0d0c73e50fa9d35077565aedfcdd0f00f0d7c421a4785574336334a0c4d13ba4b100ca6532670f137392475c7b567fc41f1a1f15416500d3c5a2dab16cef562e4c71a7f0a201c463b7e9815c876e28cd7e8f1c0508d5f6aa3ef7f99f12eb4dc796fa09de940cf4a54532305504927000af7cf831f041f53b55d7fc4eab0d9261cc53021114f4de010598f5118c7182c40201eb6d453949d92269d2954928c4f25f0af83b5cf10ed92d61105996dad79704a420fa03825cffb2818fb57b27867e05deadb8913c15adf88a561c4d7d38d36dbeaa85848df52cbfeed7be68925a684cbff0008c787e26951022de5d805c28e8a800c22ff00b2a00ae961f1078b05a4d7f369b68f142a59f639ce3f1af12a67b8372e484fee57fd0f7e96572a31e694149ff7a56fc134ff001f91f3f4bfb3c35e5bb35efc3cd6b4971d24d2f5cb7b81ff007ea5393ff7dd723e30fd9c755d36d0dde99ac845c67c9d5ed1ad187b79a3743f9b8afabecfc55e29d4b448353d334db68ed6645923695f3c3004703eb5967c6be26b491db55b08a6881ff961181c7e26b3fedcc3425673fbd584f29ad5efc918af252ff36cf813c4be16f10787593fb634c9eda390e229f01e197fdc914946fc09ac53ef5f7aebde16f0c7c41b4ba9fc31711683aeb2fefe06807d96f7fd9b8808d8e3fdb0370f535f27fc52f87d75a035d5ec364d666d66f2b51d3cb16366e4e15918f2f0b71b58f23201ce413ed51af0ab14e2cf1ebe0ead0938ce366b7f2febb9c6f85f539b48d6edef6dde347198cb49bb68571b589da41e84f420d7b37c717baf09c5a569b61e26d1b5e935bb769ae1acde52b1f9802f1ba461865c633d31d2bc15b835734bb4b9bbb81f6780cc23c33039c01ef59d6c251ab353a8aed1145d59354e9ddb7d11f4ce95a578374596c7c537735c5deb26d4a9f2dff76b95da540ef8cf535d636b3a64b682fdb4dbbb633a8ff4c9646031ce3bfb9af21d2351d4eff52d374bd6ec859c463c238c6385caaf1db815e8de3ff0b6a363a74377a8f883ed1e5f94228028000909030077e2bd69e6796c2a52a7070e57f136ddff00edde9f79fac65987cbe8d3a546378b7bdee9b7a6dd3e6cf52f8510457366d8d52fa140a445b4e3cd1ea01cd647c6f925b2f09c96e6df5ad48dd4c14c9632ee9ad901ddbf818ed8c0033ea2b2b48d23c6b6ba34975a4dbbddd9c116d9e42c06483ced19e715c0eb5aa378bfc61a4e91a836b5697b13fd96d6eac5822a966cfcc0f2c382090475afcc73dc361b199b2c4619254e3ef5d2f8addb6baf3ee7958bc2a9e22a56a751349ebe46c7c3b9994dc4515cde5dd96609a39ef9145cb39b98b70620938cfbfad68fed163fe2e947229e5ac62fd19c55afec2ff847bc557f651d8436b6eb6b0088c6cc7ccc5cc5966dc4fcd9e0e38e2aafed04dbfe21da37ada63f29a4157c3538d5cda138f5bbff00c951ef654e1fdb14a54fe17095bff015dbd0d6f1edb99344f86fbe50bba511eefee8dc9cfe15d178355ffe1a0f5d0d9cf94d9fa0298ae73e235c29f0e7c3e39398a500afe2b5d4f83554fc7af1048a58fc8c39ff0079077afd465f0cbe7f99c588725809dff92aff00e9d46afed093a5b5969d3b040de7b2827a8f9474fcabc1b51d7e5cb242971719ec89d6bdebf6866b58349b19af624913ed784dc780761ff0af05d57c4b676b149f67853e5eaaa99e3f415f96e774e12cc2578b93b2d3a6c7c6e06ea82b233acdb5bbc638b74b41d8b9e7fa9fd2ac47a22b216bfd4599c36e201c0fd6b0d758d56f8b1b4b2b86cf4249031f854f6965e20b9601d2383be7233fd6b38c6a53f85461f77fc166f26f76759a4ae916a54a45bca9fbcdf31fd6bacd3b5eb70810bc5184e801fe82bcf2d7c312b396b9d41ce4671c91faf4ae934cb2b3b48d77485d8f5cb638fc2a26e0dde752ff00d79984a29a3b6b0f114523615989e7b601aabad5b5ceb5329174f15b228db123104b739624633c6001f5aceb1b9d3e1398d63fc0679ad05d76d154069557d3e602ae9d5a7b45184e93be88f369b4875919adee2685b19015b39fce98cbe20b48c3417cb2a8e70e335552ef56121f2ae239500c8ddd7f9520d6f538f224b15703bc7d7fad6527527b4d3fbbf53d3846c890788757b77db73a6f9aa7a321c8fc854f69e2dd324223baf36d8ffb6bebfad544d7a0909375653460e3a806aec777a25e61646014f5dc0ff5e2b19d297daa7f77f4cb518bdd16f6f87b56e1c59ce4f04f01bf3e0d433783acd9b769f797364d8ce51f2bfad42ba16857f9304b1020e018e4c1fa7045588b41bf8114d8ea971181d0336e1f91ae673e4d136bd55ffafb8b8e9aa60963e2bd3232f04d6da8c6a3237fcac7f1aeff00c29af34bf0a7c4e2f2c64b2b962b0aa48321f23920f7e3bd70c66f145b46c0c56b78a0e79050e2bb8f04df4b79f0cbc51717ba61b6b9b4d862dec1b9e3247b7d6bdbe1ab4b3183d1efb69d3b1b277ab4eeafef476f5454f805117f11ea32819f2ecd8839391db8f5fc69fa579c9f1803c2545c29263dedb46ef2f2327b0ab9fb3b032ebdac120ee6b53c8180327f4a6592443e3642b263caf3406c8cf1e5fa77afd5a4ff007934fb1f518ca97cc3189f4a5fa1e67e23babe9bc6c1efeecdd4d15f282fbf7024483a1f4af6ef88c233e26b48e4ff0096b692aa9f463729b7f5615e1de2985e1f1bdd439dceb7e573b3673e67f77b7d2bd8fe309ff4fb2652db844791d73f6b83a7e75f9671cd45f5ea14d3b5e33fc99ae7d494f118251d2f17fa1b7a9c88ab73a75f29b7d25ed634b794161f31206339c00318c62bcd6da53e10f8c696162ba5adbea0a11a0b6b6679e6df93bde5230bf3fa1c60f4ef5eb5a6db2c9a6402deef54822507779bb4f983be77035c1fc68b5953408b5b8354b9b08ec1c79d3416e1ae6546fbbb08c1550d83d541fa57e6793564abfd5e6f49a716ba5decfd59f214e7172f66f6f9fa5ed6dfef2c7c4c9f7c9a5a1904b22a5d47bc7f162d66071ed9ae37f6aa3bff00677f0cb7acb67ffa2a5ad2d73554d6b4df0e6ad6f0de24322dc2334f0eccb79120edc6783d38c62b37f699c49fb347879bbabd89ff00c724ff001afa3c8633a35b0b4ea6ea72fcdff9119cd1f678187f5d64782781bc17a2eb3e176d52f64d4ccebe712b6c015db1941fdc3c9de4f5ed597f13bc2d65e17d52dad6ca5bb91645937fda4004324853230070719e95a7f0e758bf8f4d7b2b2d066d4bcb1323bac90a2e2550304c91b7cdf2e40079f435756d757f8a7f1374ed1174a1a6dc190c7323ff00cb205cbbbbfcab800127a741debf49a4b11f5e7797bbae975f2d373e424a1ec76d4ea7f667f86326b9aada788351b4df6be69168928f91d9305e423baa023eac40f5afa46f6ea3d47576d36d6309a6d93e123c7df7ea5cfa927bd49f0a63b18fc3fa8dee95015b0b661a5695918cdbc432cff57766627b9fa565f8758cbaddeb27dcf38f3ebeb5e6f136324f0d1841e8d9f4b94e03d84aa73af7a2bee6ff00cb6f5b9d869b60bb47cb5d25a5a2b6937f011f7e023f4359d60c891f2456d696e8f1cc010418cf4af9fcba8420eef7d4e3c7559cae72df0a585cfc24d11c1c8fb242a7eaabb4feaa6ac6a5611c887e51595f03672ff086c91860c33cf17e0b71228fd056f5d5c47b1b0735be654a0f7270d39466eddce027b18749d653518331107e7dbe9eb57be30f8574ef1068306aef1afce9f64bb75ff9690c9f2807e8c47d33ed5078a98b4326cf4e6b7fc268fac7c2ebbb467dced04b073d9803b4ff002ad7867152f7a93e9aaf91ebe67072a34ebc9ff75fa33f3eadbc3323f8c6ebc3b7d706cded1e749a464c91e5062782475dbebdebb94f09268ba2ea0965ad798f6ed397528ab978a30fd0124f1d3d2b53e323b787fe29e91e37b4b36b88b5ed384cd0ab94267d8609941009077007f1a93c57e2af168f0f5cdcdc7841e04d42395e4596f9a5961478f6191e20032290720b002be9331ad5fda4552f865e695fefd763e730729e0ab4a49da716d7e8637c2ebcb8f187c58d03480cccb2c9b0b4af8e809ce7f0afa4be3968926912d8cda85c452c58b4f9231caac732827dfad7c89f06e77b6f89da0cd1b1575bb5c11d6bed5f8bb6cdae785f4e32491c7797105ac625719dbba68c648f4cb57959e52a14a70a4959db4ede7a1ece5f98e231b89a75b132bae66b6db45b191abfc42f0c691a04ba2beab76973322ef5b2192ae0e475e08f6af2ff0009a5dddf88353961f126a44df958becd7516c53970c1c6d381b028c600eb8ac4f18e9b77e0af18db59ddcc8d799da93bc5be27c1c7cbf89c67afb576fe0ff04eb177ab4de20f12de5b6cb67c1b28d88dd8c655b1f757904f5ce7d39af079686070dcbcfeef2b49b776f5d92b5b7ff23eb6951cab0f1728cafd6f7bdde9656b6db6e769a8eada778abe224f6f6d7be5dbc164bba66e8ce268bf9951f9d73bfb414613c7961cf1f667ff00d1f255abcd5ecf56f16dd3dada8b63058c714b16c2a6375ba8fe53d8e0018c7183517ed1a00f19e9cc3bdb483ff233ff008d75f0acb9b32a57566ef7f9abf4d3ee35c9a92a59a508c55972cb47fe1357e2542afe1bf004808dd2c918603fe02338feb5d178420317c79d602b70c8e5bf353583f101037843c06eac4e258d4ee183d17a7b5761e1bb430fc79d61724e212c0fae761afd59fc12bf67f99c188a9cb80926fec55ffd3889ff0069b4b15f07da4f7ecab1477aac0b360676357ceb73e26f0c5a8dc3c976c7544dc71f519afa4ff696b5d2eebc051ff6bf95f678ef626cc9f741c362be717d57c1f6902c627b371fecc7bbf0e95f9be77678ab3e6d968bfafd0f91cb75a0918f2f8c61607ec3617521cf0a62c7f3c510eafe22bb0ad6fa2c89b88c6f38c7e40d5c1e2cf0f4058c323b007a24247f85463c7ba5c85b6585f123bf978af379174a6dfab7ff0000ede5697c2296f17ccbb76db458e3279c7e66ac59e91afb8df73aaed040c84c0fe42b3a0f17ddcf76d6f6da1dcca402771ce3f954e35ff1339091787dd077deadd286a51da097f5e6ca519336adbc3ec189975099cf7f989cfeb5ad6ba7da45188d8c8c00ef8ff0ae53fb47c60d1ef4b08a307b1033fa9a3ed3e2f2a1c3ac6c7af2bcd3552aff0032fbd14e9b7bb31dfc410a713584ab927f8b18fd2a7b4d674c72371b9423b15c8aa2dad2ec47171110393f2638ab106b566d182ff646047f10edf8d54e9d26b5a6ccdc9a65e92ff4d63817c531c0dd1903f4a74777652613ed762e7b64818fceab3df694c9f35bd9904e3a8a812df429d8936717a6564c62b18d3c3afe65fd7c83da48de834c826412470c4c09c83149ff00d7a956d2e2ddff0075717d1718f95c915956965a4c50158e3b9881e7e49734b1d8db2bacb06a7a94614f40f9153ee5ecab3f9a0f6aec6dfdaf558172ba80719ff96d0ff515d9f86351bd3f0a3c4bf6a8e32d2489117899b001e4647d6b82c5c151e56bf32e073be2dc2bb6f0d4572df09fc42d3ea49328ba8ce2380286e0704d7b3c3897f6843de8bdfa59ede87460a6a78aa4a4bed47f336ff6769c5bea3acbfcb86b43d7a647355acf514b0f8b6da8bb6d4563ce323263c0ee3b9f5acff84933443564fb5adac525ab0695b3b548c15ce3d4f1f8d74163f0f2ef5386db5c7d72156bdb549829b7270cc8ac07dee9cf5afbacd338c06572e6c5cf954b45bfe87d5e61530d4331c4cb112b29c54766fa7923c8b5895a5f173cf2eddef781db6e3193202718af62f8ab3236bb60a4e1563624fd2ea035425f83d1497df6abaf145bc67607056103120390397fbb5b9e21f08c9aedc594b7de26d3616f2654bb3085f94b3230f2f2fd3283ad7e4fc5d9861734cc6856c34d38c1493dfa9398e7380c457c3ce9cf48269e8ffcbc8e922b9b5659215998db422dd58f3feadf24b1e8704800fb0354e68ee2e7c3777a31b4bd5d5675651711fca86439f9b774231c807d8550b7d2356b69f4f9d7c5fa0a18e36b6ba46841592119dbff002d3e66efdb19352cb6fad1822487c5fe1d8bf784346222d1aa7418066eb8edd2be36183aaa69ae5b5efb7fc0ff0086f933e51c29a95e33bf5fb5baf975dfee3c62de69edeeedb4abe935bba9a1d42741797d265672b132b9453c819239c9cfb74ad5fda3fe6fd99f435eea6c73ff007cb7f8d57f89da1eaf61e308b548f559fc47a95c478b536d0aac36e8bc6d600b638638518f526bb1d63c1369e2ff00876be17d43c696771a7aa426d26b748c4a8c98215cef20e391c57d3d59fb3af86c5a7eea9272d1befcda25fe476e68a388c14609ebf3b75f2f3eb6ea7c89e06f186a1e153722d04844e8cbba397cb75dcbb5b070782300f19e0608afa33e0ef86aeac7c1373e28b8863b7d7fc603ec3a5c4a0816b64aa04920cf3f7140c939381eb54ed7f66bf0d3789f46d3ac7c4f777ef2cbe6de2148c04b78f991f2a78e4aa8f76f6af49b8d4a29f5bbbd46c1235b58644d1b48897eec712732328fa2633e82bec31d9ce121829e3282f7a5eea7669b7f3e9e763e732ac0559e25736aa1afcfa2fbf57e499a7e08bc8f4ef81304b660fee9a78f2783b848c39fd2b8682f6fe2b3db6faa45a4c006e9eecc4259893d446a7e51fef367d877aedb40d392d7c25e22f09c09349f62db31790e4492c8819f6fa00474ae0ffe102bcf1169c08bd9234c8610ff0004983f75bb907eb5e5663579dd2e676565d2fe5b1f5f87541ac4ce4fe29dfd53d57e6735ac7883480ef141f11fc5c2e3a0275689067fddc0c7d2ba3f83fe36d6f4cd61ad350f14dd6b365729b224ba8d59d58f7f3072690fc22b097c530ebd2f86a1b69524591ed6d9b6db3b2e3a2e72aa480768ad7f10782a2b2bb3e202b1437935d09658ad902449923eea8e87d6957af4a14ed4ea36fcd7fc032c2d2c1d57ecaad34afb3526f52f78bbc43a8f853c1c3c3fa1ea71c1753caee6ee5b54dd123396621142a96cb60647b9cd78fddea3a134c0f88bc53e20d42e8f2e67d6bc819f68d48da2bdabc6de11b7f11788a3b59e59218e4d3f01e33ca364e0d71daffc238f53bcb36bbd0ece292ce2580bd97c8b3aaf196e4724753806a70b563cb6ad377f244c69e1214e3cb04e4d5df336bf22b783afed23b72ba26b379776783e6d9dedc89f03fbd1c87907d8920fb75af5ef83b7f0cba45f582312d14bbca9f46eff00a571b7fe01b2b8bbfed5bdb78a0ba48923892d4794888a30a085c6ee3b9c9f7ad2f862069dad6aa036d11d93b1ddd3007ffaaab2eaf4e18ff71b774f72f1b4a8e232f9a82b356765aabf91e03f13e06d5fe135fca885aebc3bae79eae0f2904e4a363db7aa1fc6b81d4fe21cb7be081a4496adfdab3bbadf5f8201b8898a13bbb976f2d0312790bea49afa1a182d6fb581a46a365696b0eb9672d8cf1dbc4234951d37c6e40fe2575ebf4aa1e17f85bf0a24d2ad65d4a2bb37681a2bb88bf0b2a92ac3eef4c838e6bd6c4e6986c3e0e8d6ad094acecb97ba5a5fe5f9791e4e7796ce7984e70f754d295ad7f27b79abfccf9efe15180fc43d0880cac2f633cf39e6bec8f8ada9db58785ed754322ffa0e9b14a573dd2e6dce3eb8ae66cfe18fc22b2ba8af6d92eede787e68e44b8642add9beb5c378fed7c39ab6be9a2f83fc472b5c43201750ea72b98a53904ed62086c63254e01c719e95f3d8ec74739c652942328c617bdd7ea9e9e5e63cbb0b1a29733774eebdd767a753a8f0ec5e2ef16eb373e26b1f116977fa2ca59ade192dc3bda4a31b14c6e9f2b0eec09241c8ae9a3b7d5eca7b99ef6612cb2b4975793247e5c4ce5022448a4e76803249aafe1ff097c3dd321956d356bcb669595dbecfa8f92a1bf8b003743fa0ad3bbf0ff802ea6b869b58bb649b0151f58722303ae32fce7df35e46231939735357f67b25c9afcddf766bece2a6ee9dbca1e9e6bfa47291a22f89eef51789eddb50b54dc0c8ad1b30962f9908ec78eb4ffda0ae525f1969aabff3eced9faccdfe15d75ef86be1bdd8b5dda9ac6b6c5446b1ea407ca3f873bbd79cf5e2a09bc15f0ea6b8b6b8bbd665b868c32b093512c64c92464e78c67b62bbf2dcc296071d0c4c632718adb97caddcf6b0599e1f0f89a5889a9fb89ab72f9596b72978ee3317833c1570c8c07c85c9272081e84fa7b577de1cc4bf1cb519d5f2af621c7be768ae72dbe1df84aeed4082e750b81131466fb51f95b6ee1c638f971f9d51f83f7325b7c4cba82799e41149736caced92151c8507f002bf47cab89f079bcea50a29a9455ddd5b46fd4e5c4d4a388c1d554a4db8c67bab692927dded63d17f688fecf1f0f657d4d6236e973131f306541c9c57ccb77a8783a26242e9e095049108ce3f2afa9be32c16da8f812fa27d9304512aa8e771539c7e86be6182e7c3aebf35a60e3f8a2af95ced3fade89bd16ccf94cb15e858a3ff00091785a28c949ed632c71c4781fcaabbf8bfc3bbf22ef01783f21ad1b86f0f125becca141c7311aa6f73e1b590974894118e636e4d79d185fec4beff00f8076249bb95e3f16685f695f22e9f3db0a6ad5d78e3484c3b49281dff0077d3f5a459bc38c9bd1601838ce08a9546852c64ee80151c64e3f0e6a67157d69bfbff00e01d1050b6a8860f19e93792385f37ca030084e4d53bef1ae996d3794cd23e071f2f3fcaaee9eba279523ee8739c7dec62b9bf118b38ae008ae21209ebbc66ae95384a7cbc8fefff008054e505ad99a0ba46919c344bee039c7f3a7ae83a419010831d7fd61ff1ac3ff8452fe49437f6dcd93d704e3f9d685af8465dde549ad5cf03a02793f9d6dcd28eaaafe64ca945752ecda1686a9823affd343cd25af86f4323895b8f596aadef82848777f6d5ef1e8dff00d7a893c1301243eafa8b1038f9e9aaaedfc5fc198351bee6b4fe1dd19611b6e9d727b483fc2a483c39a5b0e2fa651ff5d17fc2a8c7e05b22809d4b516f6f3bad5a8be1f69bb7fe3ef5121bb9b822a1d7d2ceafe03508f72f0f0e69ea30baadca9f5128aeb7c21a14b2f87aef478b57d41ede5984ae23b54940c0c6e672c36819e801ae52dbc0da1c08a6596f0e3bb5d1eb5e9df08b4dd374bb2beb1b2591d6f32373485f0e141519fe13e9ee2b831198d6c2c7da50a96974764bf13a28bf6735522ddd6a72de0c926b08359b31e1e82faead99cbbdca64c780703b8ea3a0c7d6bdb7c28ca7c1be1e723ef69d0b11e9fba8eb80f095cd95cb7891a0531c82e5d98483396283231f837e55df786983f81f42655233a6c5f87eed2be473fc5d4c4d1a93ab7e6728deedf54fee3bf3dabed2a5f96ceeafff00808f92d85ec92e2f2ea211b0dc567655049c00003d4fa532dacece49678a1d526b89ad980b8856f1b7a7d406c8aa377a8db5a585c5b5c492c2e674b98a7890bed70060300091f5c1159965add88bcb9bcb67580ca7734d22f940c87ef305c0620fbf5ae1a3ed6146324e6fd1bb2febb1e6d3c3559a6e3fd6dff04eb351b6b6d336196e6fd99ca82ab78e366e3819c9a823822927963fb4ea2caafb55d2fe6c3123a7dee31deb1eebc5da36a7a738bc945bdcccaa1c4ab957dbd0e57701f438a7daf88b48fb141656f7d651bb3796ccafb23814fde6e70cc48e3d326b6ab1c64eacbd9c9c637d357f8ebbf7ede489585c4461ef45f37f5fd7fc127d5bc2fa7f883489ac7509efa5b59b1f7afa520e3904658f0319af17d2e4bdf0d789c787e6bf9ed2d2700436fa55dc8b15bcac4619d98e30c067a9e4f6e95ed17be20d2c46bb6f2131b8da0ab7ddc703a74e2b80f14695078d6fb46f0bcda8cd73f69b948208a150238e15f9a692420619f62900f505abd0e1ea95eb55784a9cd69bb6b7767dfcadd7cbae9af5d0ad5b0d4e756a6c95f5febfcbd4d5b5bcbdf0efc35d4fc6375753cba8eb856c348f39cb3fd9c676b73cfcc4b3fd365729aab1d1f4ab6b48e42b369ba5c93c87d269b0a3f1c135d37c4cd52d75af8916fa4c242e89e1b8c2155fba240067f2c2afe06bce3c53a999b4ebe998319f51b8123647dd8532100fa924fe15f479c4955c5d3c252f829e9f7e8ff0bb3e9387b2d9ca9465517bd51f34be7a25f28ddfccf70f865ad2789f4c86ff006a279b6ed1cea3bcc00ddfcb3f88ac5f0cdf9d3a77b1b8f91e26230463e95cb7c04d7edb4abfb4f0fdf9753a8cde6dbc8a33b5b69050fd401835d7fc5dd227d3ee62d5ad636f298ed95c0fbbe99af67114e55b0b1ad4f5e56cf331183861734a98392b467ac7e57ff86f91d536ad0b5bee665da06735c6eb7e22d16fa1b8b77be86011153ba570a1f9fe1cf5a8fc2362de26597ed970f6da4d9286bb917ef484f44155fc4be23d1e2d4a1d1a1f871a7bef42b6f35f5e2465d3a70dd14fb135cb4b0f3c5454aab4afb2eacc68e1214b10e9422e525abb34947aef2695edf7234f51f116896faad9dd36b366bbed587ccfc12082173ea79fcab5b49f13e9da8d925cc1202a7820f63e95e69a3788b4ed0edd1a0f0068f751dccc500b9bf49a6c83d0000ed51eb8aeec69565e23b590e9da6a681e2148b79b44903c17483bab00013ef80477ade5837057a72f7bb178bc253a165562d47652bc5fadd26da5e7d03c45adc0602b1b0c9e2b2f42d2b539b44d7aee1b7669af6c5ada05ce325f8cd60e816baadcf88edada6b4778ccc5640c0e1429c303e86ba9f8e5e23baf09f86ac6d7487f2ee2e2e0229c7dd50b93fcc54e070937cd89a9d36379d1e4ab4f0186b394edaf92d7f43c9f51d45adbe25e8968cc8cba54f6f6cfb4e572080fcf7e4b57a67c4ef0e69da0fc41f3a3b781acf5a4135b4462327fa482124554ee5818db1fef578669e1cc9a83dc93f6d8d92e1189e4b06cb7e873f857d13accda878ffe0edbeade1e20f88f46297b62460b79c80829cff79723eb8ada95358da33c1376beabd57f9afd4f438b694f2f961b130f860b924fbdecefe9b9c578efc489a1da47a2699e0b49354b98cc578b6be5acb6fb94e30b1ee60e79c123008e6ae7837c0f1e8de1eb9b6b19d752d6158225c5f22a359c5bf2541192403bf77a927a0ae6bc0ba8e8ba75ccde2dbbd2a79bc4b7c8c65102ca210cfcb1cb70bb8fde0b9ee062bb1b7d662b78749bed367926be114a2fe29617559199b73738ee49c75e31ef5f118ba352853950c2a695f56fed3dfbecb6e89f53c9961f10acdc5a6fd6d7b37df6f3bf53a8f0c43a74da42dcdb456ae659a55795d7ce284360000faf51db154ef3cebcb5be56d3ade5fb2ba9b69a18c00ff3152a47d41e955f4cbdf0e5d493de23ea3a7ddcec0cb1cc9232f031818e31ff000222ae9f1169761298625bdb90cde64d22c2d938181824019c7000e07eb5cd8683854bca9396d6d1efa5efb2b79e879f28d4f6ada4dbecfa7cfaf6fd05b1d2b4a6bb71269713dc663631c1106f993be718ebf9f7a975cd1748bcd3ef0c16f1c3776eb25c3c7b0238660796f51d719e9556cb5ed2b55b3bdd3e48b5ad264ba2ac927d9cb602e300b460e071c8f735378a7578adadb509ec6c2fb53d4f5083c8668ad6411a2807ab118ee7007ad73d5c3e36a55e795f7e9f0afc6d6feae0bdbfb7495d3ff86ebb5b7fb8b5f0f007d1ef6423e679e127ea6d63af33f0ce9d7fad78abc56fa74ceab6d7d331f289dc7748de809c0af4af8661d749bd8e452acb710ab29eaa45bc6083f8d701f06efd74ff001a78c564ba92d615bc6cbc7c1cf9ae393e9ed5ebe0b10f0f5abd44da4a34f6df635a0b96589695da4adf7a28786b54d634ef882ba55fea124f692dcc2b2ab3161b091ebf5ae5b58f234fd42f2da4d36f424133c60a0dca70d8e2bb3f1daac7f1334eba4f283dddb25c49e590417563c8c74c800e3deb8ff88675083c5f7ff67b495edcccc728fcb727b7e15ebc2bbc4548426b9bddbeaec6d99421254eb455b9a2aebcccf86fb4c91fc975b9848ebbe3e955e58b4894bc46f5461bf8e2c5476da8cab71e548b7319c64f9b1f153dc5e4539f2f64121da792831edcd75fb18c5dfd9c97a1e559df42ab5a5894dbf68b3287b1c0cd563601942c660653c01bf152dc0b57519b68cb7fb248fe555de0d3c950629a263c0d8e08fd6a97b3fe6922d73964c0b0438f2d4803a2b565df68d6d78aa254c80723e6e959f35aea1a6ea4f7aa86e2cd43129dd47b55b835fb69d37208d5fbacc08ae88c2ac257a52b8f5b16cebda879c638f473c0c8e09c83f4aa2359f17cf3398b4a882af1ca9048f6c9aecb50d434e867e6e230dc6081cff2aa72f88348446cb36f51d318fe75cf4e52dd52fccea9ae6d144e724b8f1e4ca1512dedc1e84853fe3525be8de3d9a42d2eb36f0f6c2a8c0fc855a3e2cb4f35a386d6791871c0cf3f866a587c47ac4aa7ecda3b004f05c63f9915d0dd48af862bee399d19f6161f0b789a4c35c78a27181cecc8e7bf7abd6fe0db89306e7c43a8c839e3cc233fad426ebc5f326d852dedf3d4e73fc81a963d23c5372c5ae35878c7758d703f53fd2b9e5564f7a8be4bfc9171525d523561f0668eca0dd5d5eca0f5df3715dbfc3bb3d33c3f323e92aaaa27667621a4dae54004919c719fcf35c045e14f306fbbd4a79481c8f3319fc85773e19d1348b3f85baf5c7f6cea16914770b95b69b02590a8c027afe19a8a18396633f610a8d37d7a5d1ad39de718b77bbb7dfa0ed366d36db4df18eb17da9436c24ba78a18838dcff26011ebc1adff000f7c55f0543e1ad2b4ff00ed20c6dece28a401186d210023a7a8ed5f3cf8865babab85b1b2b778a16c08e31cbc99eec7a927deb52dfc0b7b0e906e1af63498fde0bca45ec4f73fa0acb34e1fcb60952c4d56af6dbc95b6ec7d4e3b28a57be2a5dac97a58fa1adfe23f80249563fed6da7180aa675fe553dcfc40f00c0c3ced52e63ce7afda78af9474cb86b0d4920b394cd2090069c9f7e715ebfe24944ba54186dc4dc5d85279ce7cac57363327a78354e9d2a937195f5ba56fc0f36af0dd2a6e0f9a5ef79ec7a4c9f10fe1ea91bb52bc00f4245d007dc7b5249e3cf873904df5d3123f84ddd412e9f1b5edbc9749a25ade5d2a081a7977492018c84461f2fa71deb46dfc3cf3dfdc3cee89049906d71bc0017875e386cf5c707d2be6ff00b4dd149f34d27fde5afa7ba7932c3e0e1ab94bff0002fcb4feadad8cd9be237c388b97bbbe03fdfbc19fd6a1b3f1868b15b6b1e3fb0134b0dac3fd97a3acd248de64cc732c8a2424819dabff000035e65f16eca5875f8347d386f7bb91041193922671b4afb0c904fd09ab5e3078aca2d2bc276ee1acb45840720637ccc32cc7d4f7ff00811afb9c9a8468e11e6529c9bb5a376b77d744b54bf33ba39261f138ac3e1e129494bdf926ef68ad97cde8669bd962b09da5919a7ba7324ce4f2cc724e7f13595765e48634662c588500f614b71379d2606768a8ae5d972eabf747cb9e99af32941a9733ddea7ea3468a83dac4975a93e9dafd8ded8b92d6051d38ee0e715f6169eda5f8b7c256f31d92dade40ae07b11c8fc0f1f857c49a941796ba79bc9a09846ec17cc31b10c7f01923a9e3d2bd5ff67cf1b6a3e1fd2e3b4d61ddf4e99f7c5ceef2413d47fb27ae3a8cd7d3e595a9d0a5c953e17a1f11c6b81862e34feacef569eba76ff3bedf33d97c55e1ab9d37c252d87866001dae567923ce3cc03a8cfe5c7b571977a249e2948b4eb8d2254badc03c8eb858c67939e86bd92cf54b5bcb549a391248e45055d4e430a9e28a05f994019f415db89ca68e22a42aa76b763f38c367588c2c5a6bdfbb77eb7f3ee7976abf0ab48d32e20bfd1213f22fef2373b893ea2ae58f86f5b975bd36f06c823b59d64c83c95e847e22bd219e1e32450f756f026e25401572ca30eeb2adadd7dc44b3dc64e1cb51f33daef57a94db4bd36c9ae6f5208e3798992420756ee6be54fda1f5f7d47c5c9a723831d92eec67a3363fa015ed9f14bc7f16996ed6f6452e2e9be558cf45f73fe15f253e9fab6a5e3bbe3757171235cc85dae655c45b8807048c91c6054e36b539274a2f6d59f51c1986a985c553c66223eebd17969bfa1a96777136a56b792aee470239c671d38fe55e9bf03bc66be14f1349a4ddb66c2e58a2be70064fcadcf6af339fc35afda0676d367962ff009eb00f353f35cd46d33ec413091678fe51bb8217d2be7a9c9d0ab1ab0e9fd7fc03f54cc70385cd30d2a2e49c64ada3bdbb3f91ec9f1075af0c7817c617169af68d3cb67aa37dbb4e96042e06e3fbc888dc00dadc8f66f6aa03e23f8022c337877511cf7b40783df97aa2b736bf123c0ebe1ad4e744d72c71269b3c9c962bdb3f4e0fa8e6b80bd9dade7921bdb6db716e4473dbbf50d9c60fe7907b8c1a79be4942ab58ba2e7cb3dd293493ed6e973f36cb72ae5ab53058c6d4e1b6bf147ba3d8e0f1a7871b0abe0bd5c6e40e33a7a7dd3d1bef74a917c55a14d3794be0ebd590aef08d670eec7ae0be48ab7e15161abdba4375a59b84b68513cfdc191e45001010f6ea013dc1c55e9f40436732e996c4ceb36556e1c05b427862a3b0c1ced1d703d6bf38a98ca709ba72e64fce6edf9984e9e1294dc269a7ea60bf8a343334700f0b5e24af8c236970924920776f7155351f17f872c6fd2daef4a292b12150e8f06480719e5bd462abdb47241e2db20d2f99146e8b0b1e7282e900fae395fc2b9af8cf1341f11748c08c063212646daa3fd25fa9f4e6bdccb30b0c56369e1a5295a49bbf33e9ea76ba584a55129decd5ff00ad0f49f0b78ded26335ae95a26a12885b7cd1c1670c210fa901c7615ca7c2ed42cadbc7be2596f6d2ea5373334915a44edba42642402abf7b00f3d6a9785a0d72ffe265f59e98d6ed0df638824da83007f1b803a7a2b7b56abf87db44f1b7d866b8b9b7796550fe4dc070fcf7215411ec56bec305c1f56188aaa0fdc95acdeaecbd743ccface1a4ead2c2c252728a7db4ddebebd6c4fe388357d5bc6d6facbf8665d2ecad63da5cc7b4367f888383dfd2b92f8911788478beee6d396d67b76c308d9f6bfbfd6be82f12787ad34ff000ade8b73348cd6a58976cf2307381815f3df8faeb5e835d8ef2ced60bbb496ce0936e70e09419feb5cb99e5ff53c742ceeb91efea7350c67d6f0d0bc52e5d12ff8739fff00848efac815d4f469d0f03704c83f88a5b6d6fc3f76c580855cf50eb8233d473834e97c5702c1e5ea3697368c1bef14dcbf8915116f0feb206d6b5b8c9ce06037f8d28c34bd9af4d7fafbc6e0afac6c482df47bbe11b6e4e4147e9f9f154eeb47fb3de34f05d4985fba8e0107daa51e13d39149b792e2d981c858db0290693751c9997507923519008c15fc6a95571fb7a79aff00872e308df463eded6ee68cb3dba15c70aa793f8555bab5b281c89ac1598f5252b563bd92df11795bf031bd5b9c5636b9a9dbce5775c94e7907839fc688a9ca775b791cd5538abb2d2f8661690497aaecd8c61e4241abd0787b4c8705208d428e8573fa9aa1a96a7aa6a1105b7063248219401c7d4d566b5d4a6da27b86639cf52d81fcab99c1ff00cbca9f2d4f464a4fe266e32e916ec0492c6a3d030fe42925d6349b6c04058e3a2a75fc4d65c3a16f60eed296c7073b73ef5a30e916b18cca215c739c648fce97ee16c9cbf039a6a2b76427c5124bfbbb5d3d98fa9271f4e07f5a827bdf124ca7698ed9491f771903bfa9aba2ef4089fcb6b812bf609cff002e2aadc6bf36e3169fa69daa3efbf03fcfe35d108547f0534979ff00c133d2fa22bc563aacebfe95797130c71fc3fa9ff0af61f85961a5e9df0bfc430ea062d92cea50c9960afe59c60773d3a578d9935bbb9019ef1604feec4393edc7f8d7a5780ece63e07d4ad4472c80ddac85d8f3cae3a7e15ede46d4b1f084aa5ef7d16db7dc3a54a53ab08b9595d7e673e3c337171a35d5fdb46f713a36e79947099fe1e393fcab98d4ecf5eb981ad67b87f2d572c838c0f43fe15eeda68b8f0e7c2bbfb9651147753ee59380db4718fc6bc8e6d4eda67ba60ec038c024fab0afafad93e06b5772a96bdf43f42cbf1ff599d55249c632b27f72fccc2f0d787de4bb471119ca32931af5033d4d7ae78bb4eb3827b0b32ab1daade4c08f45f36dc1fd09ae2bc23addbe877b742746769c471ae3ebff00d7aed3e2abfee863f8a4b8fd6582bf3ee34a7ec71f86a34f45697fc3996712ab3c7d2a76b47a3febb1e87a7d9e9704da9ea77ee567fb4a95988dc61080044451d7b9fc4d559b5c96e36df5a49302a5fe67c461507dd62a413861c8c557d35b568adaded359d3bcddcbbd5d254f33e5e01619c138239f7ac6f194a90b59695a75b449aadeb18ed3ed6c25f201fbd2ece40083279f603935f9e61f0d5abd7860aa45b69f7e9b6abcbbefb9f0928420e52a8f9ade8d592b7aff005b1c8e9fe55cf8cb5af1bdc4df6ab2d314c56aec00135d3280c17b10bf7463fbc7d2abdbf82bc45ab46da95faa69f15c3195a6ba3b4c85b9caa7de3f962bd8ecfc37a6681a369d0ff67056b5402c6d663bfcb23acf2f66958927d013eb93513593dddc35c5d3b4b2375673935fa166b8aa74214f05455d417e3d5ff91d39567356973d78a4a52b2bbd6c968a2ba7abefd19e67a778374ab63f37daafdbbb1c449f80e4fea2ba0b5d0e38c0fb2585a5be075588337fdf4d935d9c367041ad5b594c062488cc4762838383eb9c551d3ef629de1242e27b89e150074d84e3f315e254a7886b99bb1d75737af5f56dcbf2ebd36e8cf21f8dfa5dd45e1d8a578f509bf7ea5a48240a23183cb939ca9e98f5aea748f0ba2e8b6c2304fee97049cf1815a9f1c3418754f025c335925dbdab2cf1c6f3189320e0b160474524f515a5f0aaf2d75bf0369d2c0f66ef14221956d642f1c6cbc6dc9e7a60fe35a4e9d4960e3cbbc5bbfcce78e613845d4ee57f08e91e2859ae21d12fc44f0c7e60865e524e718f635b361e28f1994ba4baf0d33bda3059bca721867a1d9cf1c76ad8b213d85d2cf6e76bafb751e95a36fa9df2ea86f9a342593632818c81d3f1aecc0e6352953507269df5eaac7978bc4fb69ca52a51976e8efd76b5efe7b1ca5b78bbc4b7b3fd9ecbc2f7b24ac70376401f5c8007e74d81bc69e20827936c3a6d9405d659cb67257390bebe99aefaf35e95e02905aec908c6e66ce2b099aece91fd99bc2dbe49200e4e4e793f5aebc4664dae5f68e4acf6d35e873d2ad17ac28c62f4deefd5ef6f43c7aff45b899da560cecd92493935c8f83fc2a750f88b7d2be95083046dbae97510ee18e06d6881caf4ee057bb5e5a476b6f24b215445524b31c018ee6b8bf81da44375ab78875f5d33428e3b9b9d905de9d72653328c96df96214e4838c2fd3a579582955942a7a5bfafe99f4388cd9ba51b74772cc5e14685b7425d0e739538ab52e8978e9b26905c2f61711aca07fdf40d7a11b651d8521b543d54573fb3aab4b9c2f399c9de5a9e5b278474d9255925d323b7995b72cd68c607523a1e32bfa537c73f0f53c5b631de69774bfdbf6d1edc4aa10ddc60eed8c4705bae1b8c1ed835e9f3d8230e145655c5ab44f95c8c1c823a8aebc36678ac15e2d73425ba7fd6e4d5c64f14e32e76a51d53edff0003c8c4f03a44344f26c0795751c84cb0ccb8647c8dca41e84723dbf1ad4d6ee2d952f53528258e0959649ae652ab1f007193d7a0e0039a8b5bd25b5446d62c2dcc9acda00f2c48fb3edd12f6247fcb45ec7bf43c1ae2752bfd3356d3ae35d974f631c1f32c523b162c0aab1393f2805d463d735f1d8dca271c42ab09374e7aa7d6fd9ebba35c2d378baae73def67eade96d7af4329b5886ffc5aa6d2110dad9adbc50a0eca2e62c0c7af7fa9aaff001c084f1be95230c811ca0f1dbed0d562f6d747b4f1004d2a49d8f971bcc1d40443f6a8b6aafe1f5fad55f8f1c78a34d6c73b2e07fe46ff00ebd7d3f0da87f6de0f976b4b7ff09f4f82a74a79950518d959effe1fe99d17853514ff0085c16124512925d622578dddb3f97f2ab5e3d731fc521e63aed122956c01bb9ae23c137322f8e74ebf66f2e286e166964270b1a2904927b0ad3f8a1e26d2ef3c4b0dfe91706611333191d0aab1dd918079c7e55fbcb4a356fd2d634ab81f6798c125a7b369be8b7ddf43e83f174e91f86eea562027f66b3658e07ddaf9835fd5aed1ec24882b2369d6edb4fba03c1fc697c41f103c4fe21b1920bbd4ddad5632be5850aa401d3000c8e075aa3aacb7863d3f6430dc43169d6a19338653e52e715f9cf103a33ab1f6724e4b47d8f80c0d4c2463530f4aaaa9384ad2e5bd968fab567f2d0af2eaf633a7977b6c50e7f8c647e75972f87b45be9bed102224847de88f1f953aedf4f9f285dade51c18a5231f9d51974f9edd44f13b277ca924578518a86e9c5fe07745dbe1762e2695add8397b2d51e58fb4527359fa8f88b5ab37027d3c303c33a03c8f7153ff6cdf5a1114c0ceadc038e7f1c55d92f6d678d5a65319c670cb91f9d5c6127ab4a48ae67d51890ebf6572d8467824ce79391fe155f54b2b3ba655bf469b1f329500ff3ab9ab787adaf5c5cc2c61936f0c9d3eb58d2e93ae412b04bd7993a0c9e7f506b5a50a49de2f958aada50b4773d02716766fba7b952aa39058fe55523d7ecf76db7818b1242e78cfaf353dce9d6ee63124818e7900e334d82c9032986058829196c609e6bc8a73a096cdb3b5c63d480de6b173232c5b618cf39231c63a64f355ffb36769565bab8926da7287a95cd6bc8b6914ccd2dd148c7fcb307269b3eaeb1e22b3b46638fbcdc93f80ae8a752bcb4a6925fd7566138df6456b7d1625712c368aadfc4cfff00d7a7ddcda6d9b0fb55c82c9c944e4fe555ee9754b96cdcdc9488f545e0fe43fad476da643e60f22dfce627e6771c7f855354af7ad3727e460a2efa9243ae19d9a3d2f4fd9b7912483f9f6fd6bdafc2b2ea7e10f0d59c2348875bb9d5201777120977018e02800630030e9dc9e6bca63b0b3b7b9b71777489bdd5420cf009fee8afa35534e97c3fa4ceb30fb48b544fddc0615f2ced3911f551c018a9c5e3aae07092c56192834d2d77774ef6bfcbf1309384651e78f32bf9fe68e0fc55e2f4bcf07b78775af0ddd6936f74dfbb9b9d88fd40e477ae2e5f863a8cb2436f6cb28c0562fb72369e73fa1af69d467d2bed9a741a9c5682ce49248dd245e198c4db7af5e6bc96f2d75ed3bc3f0eab73e239a348a48fecb0194969194f2de9b5493d7af3d38cfa590f1347174635718aeefa5bf55f919e2f8a3fb0e8f353a32e5776edaa5e7ab5dbbbfbce2bc41a75c5a5e5bcaf1b206f2ce08c10411c1af40f899895c479fbaf2939f433402b3fc51e2683c49a6cf73a85bc70ea02350ee9f7657040dc076ce07157fe232e2e198f470f8ffbff006e69f1857a58ac7e0ead37a38cbf347d8e033ea39e53c2e2e93d2cfcfb69ea8ebbc3961a7d9dd596a220446b9758e01bd8054391b88cf5c2337e2a3bd5ff0083ba08d5fc57ac78cf5158e668667b0b27192adb5b323ae7b670a3fdd35cd6a52aeada45869da7cd18be9635b7407fe59103993e81726bd27c197969a2f862db45b188886d231144c7ab81d5cfb93963ee6b9f0d4e860ab7b6d9b56f3f33e53378d674f962db72defd127a7deff226d69fed5aa4ae79553b17e82a9cd88e1988c66385a53f45eb53e7273d73591e269648740d5ae63049487cafcf93fa579907ed2a394badd9cf429df969af25fa141ee6e2ebc4d6c6d712791a7c9bf271c332ff008560e822ee33a53cb1308a3d4e612c9d816257f9915d1493c169ace9e2d181796c9a2655fe2c2af3fa560dcdf4b169baac4916c36d3b4d8f4dc4303fa57755a5cb1d5dcf770fcce3cb18e8d2ff00db97ea7a0789746336913dacaa1d258ca30db90c0f0463b8af2ffd9ee4bbd367d77c25782573a75c928f1d8886dc0e010ac31b89ca9e47e75eea1a193c3d14f2c802180485bd06339af01d5648f40f8d3a76b2f36c82fa3114a6eeff00ca8d3f846d8cf5241071edf8d742a31a55393a497e2bfa67cee0ea4abd39c1ee8f6958548e82895638919dc80aa3249a922cb018eb585afddbd8f89eca09cc9b64884b0c7d11d94b061924007eef273e8064d44e168de31bb396f776b97f4fb9b7bf804f0ee00920abae181f423b55af28570da76af25df8ab46b0b7bb60da864c6ce55e4748c12fbca9c64e0761dcf3cd7730cf148f2468db9a2628dc7191c1fd6b08529b4dd485bd7a9ad58f2bd1ff0057b1c87c5cbffec7f036a57715cda5aca222a935d2178949e3e650096ebd3073e947c05d105afc37d3e758f4a5174ad72f2e9b118e190b1e180201ce001d07d2b03e3e5e6ed2ed3458b54d16d2e2fa70891ea70195241ec36b01f315e48fc457b458592e9de1bb5b248e08c5bc091ed85364636a81f28ec3dabbf07417b293b75fc88c55674a9422b76644a98278aae640091c55bba70339ae6751d4960ba0ac7018e2bc8c6d554e46986a52abb1d046430a8aead83ae76d52d36f44c700835aca7725694b92bc099c654a466e86a6df5c831c6495fcc579dfc50b13e11f1c0b88204974ad6525f32d5c7c8ccdb4cabed9c0618e86bd1a775b6ba4b87215518124fd6b3be3de9d16a9f0ee5d4226ccba7c897513a1e40ce1bf43fa52a5875530b529be8eff0081e865d8af679853e6f867eebf9edf73b6a7925f4d6d26a5145636515adbc168a542cc65663f688ce598fd2aa7c7b18f13699c755b9ffd18a7fad53d16f84f23cae4b14b43b8b1c9c0910d5afda12458bc4fa4b31e18dd63f388d70640951cf70aa5a5b9ff0023ed7ddc1667479dd92bddb7e5bb6ce7acf5ab9d16506cd22fb4c8a546fe5707d477fa565bc73dcde497b7d289ee243924a80a3e83a52411c971702e253f37f083dabb6f0ff835b525884b7c8925cbba5ac70ed73204203c996651b0138e0924838e99afbfce335ad8dace9507ee2f91fcfbe217196273dcc2a6132ca8dd049276d399af3ddabedd3c8e22e9765acedfec1fe552f8924b8b1d57698dd6358a250ebcfdd8d4723b74adaf1a7856eb43b3d5e2bdbcb6f36d655b748d724dc06e37a1e981fcc11d6b9af107891e3f15dfd85d43b00b9644771c32838ebf41debe625465ed173c6f64ff0043bbc39a152860abf3ad5cd7e08a53dec376c5aee25b8c8e1c70c3f1ff001a4b782e406934cbd3b7bc128c7e1e9536a7a4da5c3f9d65379321191b46074f4acb95aeaccaa5cc6483c0953a57541371fdccaebb33f41bea596d493cdd9a8dab4320ee075357b4d114f1b62559b192bce08f6aa56d762e22dac893c5d083ce2a0961b759512d6636d2ee2793c7d2b271a7276b72c8a8cdad8d19e4292616778d41fbac322b2aeb5c9ad9c6200edd329c8c54579a95fc4592ea313440f0c3bfe238ef4fd2e5d3ae812b2089b1ca49dbf3ad9d39c23cd25cc8b9abc6c8ec6eb5584798b69102e39cb7cb8acc9e5d56ef7a3bbc519209fe1c63b0ef5be2c176131c43271b9c9193eb9fafb5235904224b8608a78c9f4fe75e052c5538694e37f53d3692d0c9b3d3e1c0799bcc3df03033fd6b592d25642d022c6800070314d92e23b64616f19763dd860544e97b700bbc863848c1c70318f4ef572552a7bd525646738c98acfa7d9c6448e2e255e36f1c9faf4aa8d77a8de3b2c11082df919071faff00855e834d8e570122dec7925b8e7b71f956c1d31628d5eedb6607193d7fce292c4d2a7a538ddf999382ea6778234d46f1569cd9b89a749d5c18f9248390403d4fa66bdbe1337db2da39cccae9a7c7b9669bcd932589259ba13c5790e9f7c62bdb76b5855634957cc67e8cb9e41c73d3f1af4cb36b982d2c4c6b69f26968d2c6018d9230c76b2a1e704f1cf3deb8f3c756be5ae1bcb9afa744a2fee22546ed334bc47a7d95ee988d7f711db411ca92ac92c8a80b29c8c6eeb5cbdc5f783577acbab5a973b7e75258a81d02fc84003d0715c0f8af56bad42f6596e26672588009e147603dab91ba6756c8cfe75c797e4d154945ce4bae8cfadc1708c7114d7d667f2495bf1b9db789d3c2776025bebf223070c4fd959c71f82d2f8cbc4ba56a56b8b6bab89660ac32d06d1cb2367aff00b1fad79fb48ddcd49691bdcdcc56f0a979657088a3bb13802be8618184546f76e37b5fccfa0c3f0ce0f08b9e2dab6bf657cf448f57f8416d2cb6779abce599e56fb2db16ecbd6461ff008eafe26bd5ec62291a8ae5fc1fa6c7a7da5bd8c443476b1f9608fe26eacdf8b66bb2b54e95c95ea3ab56dd1687e6b9bd7552bce51d9fe5d3faee4f1c7c573bafc32dce89ac4113c82457385519de36f4aeba24f93915976df26ad7b1e3f895bf3515d50a3c9285fae9f81e461eb38c9c974b3fb9a386f10dd5ec16da2eb6ba7982380a2dc1c60ae460e696eacdeeaf2ee76942dbdedb08d801cab027e6f7e0d5ff00881a9cf716b2e9b1d9c91c0c76c8ec301b1ce07f8d715a87886eec747964125be21877ef9a4088bd802c7a7381f8d76d5ab0955f671d6e7d3e16339e1d54b28b57fbaf75f89e93a2f89ad350f075ae8d1de46750b0923b5bc8558175d83824760d8535c9fc69d28dcf841b57b7f2a3bed3ae127498d98b8900e8762ff7b918fa53be0df85e6d2fc3516a3a9c9e6dfea005c5c48d20933bb90378fbc0035d36a93699af786354b7b4ba59a34f36de664729b5c0c32eeed8cf51538a94a956537f66c780d53a753f77b377fbc6d8788f5193c19a66b6a4c42680098ddc0565f341c7318cf520f03a66a96b97ba7f8e3c42b36a5e199eef47813ec76d23649372079ae484cb201b5467dfa5719f0a266d43e0e6ad6b63269f049672bcd6cb6b33cbb1c00e3797e739047a62b67e18689af69ada35d5bcd2a5adcc6d35d8690905a451f315e9904fd78af47095a70c449415d2b69ff04b9e028d4a13a8e4a338b76f3babff00c316e6bab5f0deab2f89edbc2aefa8dbcbf6bbb9600c07d981f2c025b1921598f009c28ce33c753e13d56d6eaf6e92d2ed6ead6e5def2d2407394690874ff80bfe8c2ac5e5a5cffc2397f6379a84b76d3db4d1ee902e7e6002f403a735c3fc30f0cdf681e209e792763602d47908c39df290cff80d8bf9d3ccf14aa454dab1cf86c352961a7394bdf4f4f35f3ecff321f1affc4ffe32786b408351d1a39ada659de0bdb4f365dbb83feeced2012b19ee3a835f405d6d16ad9c0e2bc1346d58c9f1fa78a3d4bc3ecb6d66544260cdf06da0902423a739c06e9dabd62ef5495e221db1c74ae6862e1430ea32ddabfde7063f0f3a93825b248a9aa4c1558035e6fe37bd68626911b0ca770aebf52bb041e6bccfc7d76a609067b1af96ab3f6f5d1f4b91616f5629a3a6f046a8d35b348ec7fd6123e99e2ba9d5f5c934ed305cc706f047058f02bcd3e1acfbf4b8c9392464d7a635a47a8f875e162377419af732274238b71c42f74cf38a10a38b5ccbddbea79beade319f5082e5b7b34883851d07e15abe0fd76e35eb29349b973e55f5acb6e549e012a71c7d454707835adae277116f4913154f46860d2756b79372a34328254f6e6beb731c4e5f4d4e928e8de8fd4ef9fd5274a50a2b55aa3cdf43f3a23751ac61cc90490e7cc55c31c63a9f515d07c5290eb5368b7d18849804de60fb447952c100fe2ff64f4ae3efde4b5f12dfc10b0f2c5dc8aa33c6371c559b7d4dfcdf2e4519071935f055b073a75a3884b557fc558fa6cff87219d619c272b4671d6dbda4beefc075a5b96b98c4b8f2378f30a3a3305cf38e704e2bd20eb7e16b88ad638f4fb94974d884102496a932cc81d9f3b7782992482013dbd083c741246543b430c807556257f9543777d6f9cc36f6f0b74c47b8ff00335a51cd2b52ba514fd4fce70de126514138519ceefab717fa22df88356d12f2cac7c3fa458deda7da75b8a6b859e41ddd7e50ab80a063b8278eb5c85dcd61accf7372ac970924af9c0e549639abf0eb17d6323f91346be6127e68d58eef504d713a86957f65336a3a13b073f7a1273f5033d7e86bd2a329d797b4959696472617879f0ff3e0a55399def7b72e8d2b689b24d56cf50d3e4f3b4f732c2bc9889231f43da9da578812e144774bb1cf0c8e3e6c7d3a1a4d27c4f05d4652ed04370adb5d4ae013fd2ac5e699657ff3e023e723038fad754927a4d59f73af9afb9349636930f3ac25f2a439c01d33f4ed59974f35bc816e93279c151cfe354ee0ea3a4cd960d2460f07f8b1fc8d4b69aa24cc773ab839ea3a7d453b492f7f55dffe096afba2c46b22c65a262f1b2e307903eb501b6b6e778785bbede86a79a349a2ff004771101dbb7e07b5234ae1545c44b211c739fe749464be0669192d8f5192ec8665842a2b746720eefa76aacba6c97418cec768e41393d7daafc902230c052a0e0923a7a1c9abd6f6bba3dece366067e6ed5f17f59e4fe19ecb4b73122b68edb10a46ce58fccec339ff0022afc3a6a3445e7915403919ed535ddc451a379081dc64ff00875aa36c92dcdc234eadb1bb6ee80d5fbd25cf51d84d36b5d0b0d2a2122d902ec039fe1fc31d698527bbf2e59fae323b023e9fe7ad6bdbdbc4df7792179246307d4d40225b5958c920273c3672323ae2a5625bf7692f9992b5f444505a37987f7612323800fde1eb5b5e1ab9b44d516dae26df1c56f23104938508c7fa74ac2d52f1a75f2e02d82df7571961fd2974bb2b8b759ee704e209067b28653dfd6b5a4e34be37abe852a4e6ecdd8e6bc52a05e79d6edbade6f9e36f515cf5c3b9186ab5772cd1bb44ccc62ce403d8d5495c30af6f0d49c2296e7eb783a6e9c127a958924575bf0c2c8cbaf9bedb9165197527a798df2a7e44e7f0ae4bbe057b4780b46fecbd26dad5d7fd266617173c7dd38f953f01fa9adebd5f654db387883191c3e15c3acb4f975fc3f33b8f0f4061b78d4f5c575562bd2b1f4d8be51c56ddb808a335e3e195e5cccfc671d539e4cd150027358b712245af0e40f362f5f4353df6a705b280f27cc78541c96fa0ae275fd42fd757b7b95b670a9fc3d4e2bbb178a8a8c547a332c0e0e7524d6da1d478a6d23b9d35d59432b0af28f135ac7a7fc39d69a5b6325c332855166b76597780008db83d4f5e99cd7a24badadcd985457391d08af34f8b93bc3e13ba0c84891901c5c7958cb8c1ddf5ed5bc31d4a58984a0b5763d5c1d3a91a12a337a6ff0071e87a76b28fe1cd36de35db31b4894af9222da760ce507ddfa76e9587f0fa468ae7c53a64b3c5204bf668d05ef9ec8ac38053a463fd9efce69de12b098e976d33b659e15c1ddbb8c0c73dea1f01d8487c47e2b7f2dd49be5058f97f37ca7a15f9bbff001579f571b56bcaab6bfaba329d1a54d72c5ec667c0bd420f275cd362bdb7b810dc90f143a6adb46872ca795fbf9c77e78af4ed2ecc47297479429e89bcec1f45e82bcd7e1fda5ce9ff00123c41a61fed892176332bdccc9e402c777eed4727ae33ed5ebf630ed419ae99babf58e78bb2697e28e3c74a306edd486e5084e958f7d31815db9e013c574b3a02b8ef5cf7885161b29a675caa2963f415c58f8d4ee61849a72b33c97e1a5d4b7ff1435bd4db57d0efe3b7568c2c36412ea2dcc00567280e06d23ef366bd567bdcafdeaf2ff834ff00da8dad6a69ab4d7f1b5c889564b1580c7805b04824bf0c073e95ddcf672b13890806b9f34a95156e45b2497e07ad3a74dcca9ac6a2b1c6df3579b7881e6bf76001099c927d2bd06eb481213e63161e9587af69cb1c0cb1a63deb9b0d523092ee7bb96d5a7464adb985f0eaf0d9cf258b9230d95fa57b4787a6436cc8fdc715f3edbcaf6bac472038c1dadf4af64f0cde096cd195b922bd195474aaa9f4647116179d7b4ee773a7c61ed5b382795af0ef8e86ebc3de2182e1415b7bb8ce08e9915ed5a0ce3cb2b213cd739f17fc351789b4f86df3f3c60b2715f4549d39d34dab9f279462560f1cbda7c2f43e648244d426b9bdf33e72779fa8eb52dbcc93bc9328cf9786ff001ad45f095ee9af318e166556c30c562411359dd3841b472aca6aa9b535252f87a33f5acbb1cb12f963b5bfa4763e224b48ad6ceead81114f1839cf7ae72572928ed517f6bdc49a6258c83e481f7267ae3d29eea665120ce1b9e6bc8c4538c6775b171a552942d2dd3ff86327c6b6779716505c58332cb049b860e33c566683e228ae01b2bafdc5d271b58e031fe95d06b97896896d148c0077239e84e071fad737ace896fa823cb0058ae0fdd703a57a9858f2d18c6a6cf547e71c4757dae633f2b7e489f55d120d49b795f26e0f59501ffc7bd6b1d2f757f0fddadbdefefadc9c2b67afb83fd2a7f0e6a779a64a6c755cc899c2484741ef5d1dc4967770f97322cb0b8ce00ebef5bc9b8692d51e37335a32b1bdb6d46c8bc615d7d0f6fa8ac0d43463bcc964c6371ce377e9505f6977fa75c9bab19e468d4e42e32c83d3dc56a69babdbdc46ab3aac73e3193f74d38a74d5e0ee8d169aa30e2d56e2d26f2aee3603a336defefe95ab0ead1c91615d71d7b9149a8c50dcc6f1dc0039c061d47d2b9fbdb19e161f647711ff00b07fa66b454e9d4db4668a5767bc4fa90ff55016936b1f9863939e41ab56734f22ed9dce0ff0f1f2f03dba562db5a15bb323a82a40e07dd5fc2b7110c8328db4807e5239f6e7fa66be16a384172c0f7da8a2f2c56ef262341e613938f51e9576da02b2072c8adc0284f26a8473c36ab16f604b640cf538a1f51dd285c10a33f264f22b8dd294f566324dbd0d7965424240bd70548e42d62dc6f9a7c8c7cb9c96e76fb7bfff005e9d0492994aed1247cfca1b38fcba74a9e165f34f98db9460a938ca8f63df355194a2ed0252f67d47d95944c4b480209065b70cb135bba235bcba89b39190868240508e7051ab9eb8d4042ecc8e242cdd719c7b559f054c2e7c4714ac55235deac0f539523afe35d385a37ad14fab5f899d5e6e4949bd91e7fafc68971228ec48ac190fa74ae87c610a26ad3985f285cf7f7aa9e18d0e6d77541691c8b0c31a34d733b0f9608979673fe1dce2be8b07ad24cfd770f88852c37b6a8ec92bb35be18e882fb529755b94cdae9fb5b07a3ca7ee8fc3afe55ecda34230667e5dce4d605be991e89a2695a2dac4e64953ed32aedf9dddf95c8f50b8e3b5751a6e9d7262559e529ff4ce33f30fa9ed5e6e6152539f2ae87e719d665f5ca8eadfddd97a2ff3dcd782e21800c91b8f451c93f854fbaf6ec6d8d7ece87bb72d8fa76a4d374e58fee46173d4f527f1adbb6b708b9228c361e735aec7c856ad18bba33ec74a8a0cbe0b48df79d8e58fe34979670ee0ec06e02b4a799501031587a8ddedc9278aac5ba54e3cab56451752a4ae65ea92c36913390a00af32f154936b5a2ea924467010288c436e93bb6186708e403e9d7d6b6bc69aabcd28b481be67e383d0564ebda4c4fe02d55658a0744b52fb672e10ed21b2767cddbb572611a855849f75f99f574f0ea8e15ca7bb3d3bc2ea3fb22cf7ef2c2040c5d02b6768ea0700fb5667c3840de25f184bb080da92a8cdb2479c463f894e5faf534ef86772b75e09d22e018886b54cf96085e0638ddcf6ef4cf84702b0d7355469366a1aa48e9e65bac470a02e7209dc09cf27f215df86567513feb53e7311a291c978d2d2d3c2bf19349f16cc60852f03412bbf98eee40c615470bf29ea7d2bdc2db1e58c1e31c5735f137c167c57e0f9adade79609d4ef431b05dcc01f958907e53920d731e00f1ee97a1d9d8f84fc506e34bd46ddc59446e518acec380158e4b000805fee93debd6a749b8462f75f91cd566b13454a1aca3a33d35d7ad711f16f55fecaf08df4eb05ecec632bb2cffd70cf195e0f4ce7a1e95d0eabe2ef09db58c579ff00091e96f0485d5192e15f7b28cb2a8049247a0af16324bf19bc4e2616b8f07e9d3ee82ee395e1b89240a32857a107d71c0ef9245454c32bdea6896accf071b3e796c8ec7e12e9ad6be07b1964b8d4e77bbcdcb1d406265dfc8523b0000aea668c28adcb7d3443a79b9906d455f957d7b0ac4ba6393c57878fa6f99cdaf8b53aa9e23db4dd8ceb80bc9ae7bc40ebe4b0c0cd6ddeb1c1c573baa23c8ac2bca8a4a499ee60e3ef26cf35d6415bddcbc75aee7e1feaa1e058d9b91c1ae635bb17425f1cd54d06edecef7703853d6bd69daad33eb6bd158ac2f29f4268f3a141c8cd5ebb983c8afb73b066b83f0eeb69244b97e715d25aea6be6649ca907ad4d0c638254d9f9de2f01284dbb1c5cfacdba788afacae630b14d9c311d08af24f14c70b78ba6b18593cb721948af58f12595bea06ea68c80f19c923ae0d78c7896c2ef4af1046f292dc078e43d1d7b1fe95ef61ea5a9462fafe67daf0ca8aaef93476b5bcfb9a579a14b6b68970a37071f5a6ac6022c65816c72a3b5693ebb05de8df6404871c035990b4502ac3111248c7e6c570e3a2b99721f550f6d28bf6cb54ce7be20e9b3dee991bdbfcb2c128653db041047e82b9df0feb0cacf657aac922103e6edfe23debbed7268d2cc2b9505dc2807be01ce2b85d734d32b7da21214a0e0f71edf4af530b59ba108d45a58fccb3fe4798544bcbf235afed6dae6df6b0c311f78572eb25f693785651e65b93c0c74156745d58b4ff66b9dd1ed5dbcfd7b7b5695d46265292624041ed906b6b4a968f54cf1569a31b69790caa5e37cff00b24f23eb516b7a6c777034b0623b8e492470dc74ff00ebd60de47716379e742c7c9c649eb8fad69e97ad5bdfc450b0865e4609ea3daa9d36bdf86c691ee73d6da85dd8dc08ae031407a1e71f435b3f698ee541848c7a01cd3248e39498e75570a7ae3dea85ed8bc0fba0676ddd76f515b3e59beccbbc647bf5ba18c299186f5270720fa607d7ae6abea17eb1e0a233679dddba7e5d2aadfea292000388c1cfcb9ebea3eb595733c92333b3111e3002b723d0e3d3bd7c4d3a0bed1ee28b7ef32fcd7b24cac4610e464b0e79ebc7af15a304e4a6721c007e7fbc7b702b0a1942c19272840c77c74fe98e2a53a979512b1c9da0955c707ebe9552a0ea6837257b247403508625fdf305c8e4f193cf5aa9ac5f4a553ecc48461928cbf78faf238fa571735dc9713b12d91c6194f0067afebdeba6d05a530a34f22cd8ced603afb0ad65868d1b35b8b95457332de9f1bcd389e619607924743e98f6ab9f6f5b38d6589ca8464273d7ef0c9fc8d67b4ff6695c0ca06cb2f3d8fbd62eb9a8add59b5942c36c8a119fafe5f9d146873544d91acd90eb9348d7ac1893cf35e9be14d04693e1ef0f69f74bb2efc53a8c6d703b8b48ce421ff78f247d2b9cf0468116bfe3b48dd77da5b033cc0f4214f03f138aefbe2d5f7f65f8cbc23781bf7365b64e0f1812e1bf4ad619a52a78986116ed2bff005e88fafce318eb55a597d2dece4fd545b8afbecfe48ec2680cba8cf72a41b8998ef931c81fdd5f415bda5e9e238d7701d2b9e3746d7519a12dbb0e4a9f507915ab16a6db061ab929d6a6a4dd5dcfce6bd3a8e0947637d3c9857248c8aaf717abd14f15886ee494fde38a64d36c524b5555ccdf2f2c1591c90c1b6f52d5e5d0e4e6b8ff0013eb0b0c6c0364e38e699e22d7a3b746f9c0c0f5ae3adae5b57be57639894f03d4d72454aa7bd2d8fa6cb72de55ed27b22ce97653dddcb5dcc092c7233d8575b1d9bc9a7cd6e0b2996264caf046411c66ac68f69108978038adeb7b68c8c605439b94d588c7e3f9fddb688f30f0178a21b0f867a90baba68eef4832c128b8ba49595f3f282c001d4e3b0e2bd1be11e9525a782b4ab6318495e2f3e501117e690972711fcbfc5da9b2780bc3377ae45accfa6c6d748181c122390b752e83e573ee41e83d063d0b41b48a14ca803d303a57d361e846bcbddd2eeecf98c7e2d28e88bd0db88ed3ca3cf1cd73d75e1dd1f56bb89b53d36d2f0c05bcb33c2ae533c1c1238cfb5750e42ae49ed552c36b4d230e79af6e504a5148f069d5945368e2b51f847e0165b192dfc35670b5848d2db84dc02b3609c8ce0f41d73d2b534ad2e18a658218922881ced45007e42bae6008e6b3ed2354bd97f4acb11454e716cda9e2aa3838b771756837e9ed1a8e98200ae36eed8e4d7a032865c1e4572daca470cce3b57066d868c97b466b97d669f29c8dd5b75acbbcb640a491d056fdf4e832462b96d72fd511b07b57c7ca2b9ac99f5d82552a3491c9f8a5e28d180515c225da0bc29dcf2056cf8a751f30b006b856b9dba8a4b9e15abdbc250bc0fd2f2bc0b746ccf5ef0a422e906d72a4fa1af41d2b4990444162c76f5af28f01ea5e5dd0889ea78af6dd067df1af3dab93d8a75ad33e2388554a13763cbefed7508354b98be608e48fad1aaf86cf88bc18d6be581a959664b56eedea9f88fd715eada86956f33193cb5dc7dab1e6b616ec7cb1b4fb715d58ac4ba2f43cfc366b2ba9415a49a6be47cb8bbe372ad9520e181e0835ada4b10f88c7ef0f009fe11eb5d1fc5ff000f7d835c1ab5ac5b6daf8966007092ff0010fc7afe75cd693b95f0072456b3a91a94d4d1fac51c5c31b848d68754733e3dbc94eaef651b81159ba952072498d4927f127f3aa7697e66410bc837119047471ea2aff8e555f5c9995556740a0903bed039ae3be6b476609841cfba1f6f6af770d6a9460a5d95bee3f1cc7b73c4546f7bbfccd3d56d159015c2903861d57ffad54f42d4278aeda099b7e3fce455a8e7f370c48dd8c91ea3d6965b68c40182ed6e4820723f1add3e45cb2d8e069b5a9a57ad0cb06fd81948e42f5ae2f53b0915c4f6f90a4fdd06b660b9955d8b9e40c2f380d50c322c85b72e393d7b7b55d34e9bbad89bb5a15ac3556d891dce5b1901f1deb5e058651bd66c6ee4826b2afade364de8a03f5e2b3ed6f2e602c8393d70c7a53705515e3a1ac7de3d4ad6665c1f5e41ce39f415a0b34290ab3a82dfc0319cd645bcca1009085009f98b62a19af72cfe49f941c1dd5f37ec7999f45f13b1a0f7cab33ac65b683963d76fa7f4aa97b39b962a921524f043feb555d4cb135c95d91a9e580c8ab96691f58b001391b7b8f707bd69caa3aa1ec5eb7b35b64ca857c9e064649c74c55fb695d2004b2c595c1c1c9fc6b3669248d14c92f0bf871fd6b12ef555b873e5c863407071dcfe3531a2e666af27ef1a3ae6b123bfd9e06c63386ee5bfc296c20c5b09251bae0a9da31922a8d95a38945cc9c93ca82738f73d6b518ed55ded8c36739c0adb9631492072e88f64f811129d1b52d5f00b4f24502fe5b8ff003a6fc428df5af09e99aba8dc609e6b7987a02e71fa8a4f8012bbf81f501b18243ab00188ea362f1f8645741a441041ae6abe13d439b4bf2d3db1f73c9c7b83cfe15f9ee36a3a39a55a9d62d3ff00b76d67f83b9d14b1ce58b9e2f7945a7f24b95fe7731fc13ad1d634c8ec26931a9d847b30c799e21f7587ab0e87db9aea6c19d80dcd8f5af36f1b787b53f0d6a50ea56c1a36460dbd7b38ee3d8f5fc6bacb4d76df58d262d52ce7b78a629fe95034aa86390753827ee9ea2bdda91862a0abd277bee7563b094e518d7c3bbd39fe0fb7a3e9f7763a6b8bf8ad93ef0e3deb99d7bc5091a32ab8cd735adebade5b9590cf8ebe4e4a8fab1e3f2cd62db5a4fa8013cee0c44e4221e0fd4d4468c60b9aa33a30593c12f6957619aa4b7faeb4b15ab30628cc87fbd81dab1fc2fae4f6322a4a1979efd2bb0951b4d92cf54b68fe5b57fde201fc07ad3fe36ea71dd685a34169a3595b5a459686eadd305b23ee9fe7ef5df80c552acdd29e89edebd57dd667b34ebc1d6a78754ef09e97bfc36fcefa1d3f86bc4d6d3c4aace01aec2caf919432b035f30586ab716cc0abb102bb3f0f78e64b7da92bf1d3069e232e945f35338b33e1696b2a5a9f405b5fe056ce9dac98bbe7dabc834bf1ada4c8bbdc03f5addb4f115ab8044cbf9d65471588c3bd8f8ac5e45555d4a27a55ceb5e62954f973df3526997e90b618f07a9ae0a2d5a194e44a3f3ab035303fe5a01f8d752ce6aa97348f26794b4b9523d1e5d4ed153779a0f1d2b1a4d5556e4ca0f53eb5c74baa803fd60fcea8cfaca03cc9c7d68ad9e55a96e5560a39233d124f1440b19c4677fd6b95d575469e47919ba9ae56ebc416d18e665fceb9fd53c5f6910399d7f3ae6af8cc4e2d72cb63d8c0f0f494af08b3a7d575258e26f987e75e79e25d680dff0038e3deb0f5af193cee56df2e7d7b57352a6aba9b79821b8947fb0848fd2af0d8169f34cfbecb320f6169567619aaea6d70e427233d6b2e55643f38c13cd5df25add8878984a3b30c63f0aab36f772ce4926bdaa765a23ed68c6118f2c363a4f0a5e9468650df34642bff00435ef5e11d4d25b68d8303c0ef5f32e9f70d69701c7dd3c30f515e91e09f11fd96648ddf319e86b831b4657e78743e3f8932995783944fa261759a2c8c565ea5000c4d56f0cea915c46bb5c1047ad6d5e2078f701dab1a8962295faa3f279c2587ad6670be2ad25358d12eb4f6506465df0923a38e9fe15e3b6702c2e1d90823b1f51dabdf2f536b647041cd79378e6c56cbc4b2955db05c6275f604fcc3f3cd79f45c92e43edb8771ae2a541bd1eabf53c33c5f772c3e2fbe49d836f752c7a6d62aa7fad509b0e09e727afa91537c468d8f8aaf670a541281bfdaf9179fad6469f70c42c59de71c63bd7e83eca2e0add343e42b372a929f7636590db32ed5217390d9e9ed576db53f38343b36907e620673ff00d6a65c2acc850aed38c383e9552da55b37d9212840f91c753ec4d2569c6cd6a616bec6a6a5143259a10c4c9f780c01b3d88ac76965b69faee017923a1f4ab82e56e496c004ff00091c93eb535bd92359bc6137b9ec6945f268c1a2946ece370c953f78fbd3ae922963561102dd3d2ab1df64e778238c0dc339f6a9eda58cae71803b648aa92ea86ac745717cb1b09183343e8075f5149a60fb5ccd2e5b60e89939aad75091132f2583a90d9c607ad496b2c768701fef1f4fe55e638ae4f7773e8b9bb9b574244b7010b8e092aadc1a34c91180695c29420e08c74ea7da9d6e8b2db33acab86249cf3d6b3f50b96460a318c10083d7d335cf18dfdd134a4ac5af11dfc77113445d914ae5081cf5ac4b6b468c6e6015c1ced269d6f219e459255cb0391dbf4ad68d52785cc52382b838c63f3ae88fee9584e4ed641a7df3a1689972ed8396ee334ba9ea2b7310814285db90a79aa17ca5a32f1b6c6f6e38a7699a44c4ade4ee5237e5500c3483d79e8befdfb7ad1cb097bd7b1be170d53115153a71bb7fd6a7d01fb2adfc177a46bbe139645fb5338d42dd09f998602381f4c21fc6bb4f1ae893ea16315eda662d46c9b2aca79047f438af9cb42b9d4348d46d753d1ae5ec2fad1f7c13463ee9c60823b823820f5afa0be1f7c4fd1fc52f1e9daf341a16bccb82646c5add9f5463f749fee9e7d335f3b9d641531d358bc03fdec559c5fda4baae9b68d791cd9ae5b8cc8711eddae6a6f5bad93ea9f93ee4ba3ebb65e20b13a5ebb084ba51b4823835c2f8bfc0375a7ce6f74b413dbe776c2338af4df147832467179143244dda68c6f5c7be3b567d9df6aba57ee6f2017308e37c7f3061fcebe3b9b1596d5bc22e0def0969f71d180cc5517ed7032d1ef06f4f918be05bbd0759d3c689a9daa5a5daae36901777d3d7f9d51d6fc05ae6893b4fa4c66fec492764672c83e86bb092c3c2faee2496036b72391227c8ca7d6b5b488750b12231a88bb88742fc363eb5c757319519ba949efbc657b5fc9913cd6a50a92a946eafbc25aaf933cc2d596e0181c9865c61e2986c3f4e7ad2fd8a3b6d366d375384dc69d31c0504129ee0f6c57b2cd6d657a9fe9b6304d9eec809acad47c2ba1cb0b341666261ce2391941fc338ace19e53e6b34d7f5dcc5f1026ace0d7a6baf93d0f987c4de1bbcd1a679a156bab02729320c951fed0ec7f4ac9b18daf678e0823324b2305555ea49e82bea1ff008466c8a6040e14f5c9eb59c7e1ff0086d2f23bd8ac7ec9771c82449a16285581ce700e2bea30dc6141251ac9bf347bb80e399423cb5e0df67fe7afe47836b9a26b9e1bd48d86a76f3595c850e11fba9e847ad321d4f53871b65638afa4affc29e12f106aaf71e259750bdba316119a763b467a0c74fa562cbf0c7c1a72561ba8c7b5c1af4311c4d818c23515da95ecacaeaddd5f4bf4ee7761f8db09529a8e269be74b5b2d2fe5adcf25f07eafaa6a7e21b3d27ed5f67fb43ecf308cede09ce3f0ab5e23d775cd1f569ac5a6597cb62038c80467d3f0af52d2be16f872cf538f51b3b9ba59a2c94df20201c633d39ac5f157c26d5ef6e26bdb2d52dae64762c124429d4e71919ae0a7c4181af89d1da36eaada99473fcaaae2f99e90b6cd75bff91e68de30d69c1c915d1f8821beb7f024badb6a2ff698ef440630a36942a0e7ebcd60dff85b5dd21a63ab5b5ada2c58037dd2032139e101c67a56d35c0d7b466d012e205f32f14c9ba740432aa8c019e4e41e07e62bdcaf87ab2f67528c7dd6f56b54d1db89c5e0e53a53c35b953d7cd697f5f91c3f9faeddf45bc707a6d8db9fca96c348d5f53d4459416934b724f28472bee7d3f1afa134cf867e1e6d220497c4de2067551ba05936213e981dbf1ad57b3d07c1da14d72618aced220598aaf2c7dfb93f5af42ac6a53b28a4efb59dce5a9c6d455e9e169de5b2d1afcf57fd6a796e83f0e059a24fab3ac928e4c6bca2ff008d75d676fa659aaef8c85040ce381fe15cadefc62d2ae1e630e8d786dd3fe5a71803d49e83e95bde18d5f4ef10598b88814079daddc579d5e9e268be6a8b43cac6e231d55b78bba7d8d1f177846cb54d3c19a089f2bfbb95181913dc11fc8d786f89bc35a8e8770cb75197849f92640769fafa1f6afa5f4b688208c018a9ef748b3bd88ac90a3061c820106bbf0d38d4578bb7918655c495f2c9724fde89f2314f6353595dcb6afd0943d40ea3dc57d1f77f0d7c377249361146c7bae57f9573fac7c26d2442df6632c67b10e4e3f035def0f5396f6d0fac8719e5f885c934d183f0ebc51e5ca913cbb949e0f7af71d2ef12f2d0303d457cd3a8f8475dd06f3cdb646b9894f58bafe2bd6bd3be17f88da5885ace48917821b835e54e1eca778eccf9de22cb68d787d670cee8ef752840cd79bfc55b7ff8a796f76e5ed1c827fd86edf98af52ba025883afa5723e2ab286ef4dbab2b91fb9b989a263e991d7f03835e6548fb2aca5d0f9acb710e8d48c9f467c91e2f95aef55bb91172c5f0463af02b968217b6ba002020fdde7953e95d76bd0ad95d5fc53f1736d215704f7fea2b9ab81e72a36d2a59b2028e6bee69cdeafa339e715ced2271709326594a3af727826b3f524620f9a303a715652da6493f7987209c638183da96f2357400fcd90473dfdaad349e866e2cc6b49dedee932c4e0e41ecc3d2bb1d37e78649bcc003f217aecffeb572f259f9cd81803195357ac279ecc2c0a4be4f56edf4ababcb35a6e0a2fa96354890443e5278e47a563a31f35908000fba73c62b62e241346f20c29e9d7bd67089c03b93bf4ed514df2a69872db63b2daa876e491d0f1546f6245224272bb73c9f7e942dc931b396ce064a608159d797c76e508c7704e31ed5e752a52e6d0f6f9d2dcd2b1764c95660a3a2023b7ad586dd34664906f7380a0f056b9b8ae6600f964b29e411d7a56a69da8a0888b83f32fdd278cf35a54a124ee899578a2479423156519edcf20d4315f35bc819df2be80d3669e1539c659ba67ad5093218004f1fc5ed9ab8534f4688f6a8eef4d4b69edbedb3c6b2c6aa0283fc4e7a03fccd4fbde594bc84b313926a1b78d6df45d3add73cc3e69cfab74fd00a7c26b82dbd8fd4b87b031c3e12352def4b5ff806a5a840a0902997b1c72a18dd15d4f504645451be00e6ac41be46015727e95c8f9a12e63d3a94d3bf36c6b7853c61e37f0d154d0bc457d15b2f4b5b83e7c3f4dafc81f422bd07c3bf16a49ef57fe130f0d0f2db892ef4c39dbfed188f3f9135e73059b9c1964007a0ad5b71688bca963ea4d6b573ca9cbc9562aa45f46aff0099f159970be57887cd4a9f24bbc74fc36fc0f78867f056b5a70bdf0ff89b4d9b3c1867995240de854e194fb1157adfc33abf961d210c9d414954d7ced7f69a55f01f68b681d8742541351436cd67b4e99a85e5915e9f67b9923c7fdf2c2bc6ab81c8b17f1d19537fdd7a7dccf9a970be610d29564d7f793fcd1f444f6da8daee43e7c0c3bb45b80fcaa83ea1aedab6ef22d6fa307a2318dff5c8af16b2f1578ef4a955ed7c5faac807f05c3acea7d8ef04feb5d3697f1b3c4b6cbe4ebda0e93ac47ff3d21536f28fc3953fa571cb83b2eadfeef88f94e3faa396a6499ad057951535fdd7ff000ccf468fc4d66ee23be8ee34e949c7fa42613f061f2feb5a44992305583a9e4329ce6b92f0bfc41f04789ee3ec53de36857520c2db6a4a046e7d15f254fe79f6ad4d4746b8d12e81d3e7fb1ef3954cefb69b3d87a1fa60d7cf66bc218ccbe3ed1c7ddfe68fbd1ff35f34792fd94a6e934e9cd7497f5fe66d5bc56e41dede5b7761fe15c5fc5bf11d9598d36cf478efa4bc3cce02614ae3ae7d73fa5749a5eab0dec8d697111b4be8fef44c7a8fef29ee2accf1d899d63d46da2943f09232ff0023ebed5e565b8b860a738d7a4a5ccbaeebadd15422b0f5d4aa26edd2fbff009a3cf7e17789b56d4f5c92d6589c4318e43d7aa23b9467b7e2551909d326a947e19d3a03f6bd2505b4e790ebc83f5a9ac676b89bec9768b6f7abf748e164fa7bfb5638dab4b1788552842d6b684e36b51c44b9e946c96ebfae87ca9e30b9b8d57c7d72fe299ae6d60f3dcb0d8cbb1874519ced078e79eb5cefc40b0d0ec350483c337b73342edb59edc7258f38ddce589cfdd38e2bec1d7bc3da26baeabad6976d713444ed6917ebfe359de0ff00027857c3d348da7e98a2e18e7cd95cc8411d319e07e15fa0d1e37c04651a93538b8ab72ab357fccfa3adc4387a9453e59294559455b95fcf7b18df097c5b71aaf87231acc02d7508a35758d9190c90fdd120dc79e4329f4239c64545f112fec3c41a749a64e2555ec54820feb5d878a3c3377ae69c2e747da9ae698e64b42c408d811f344fdf638e3d8807b579c6a9e20d0d2c45dcf0ac32303be29461e37070c8c3d41041fa57d73ad85c32862a9479e9d4578b5fe573c2c92bac562db8c2d34ee92e870d3f8435d6b1feccb3d42dedac0fde72bc81f5ee7e98fad6df822cacbc1f247e4bfdbe456dced703e56f6c7615cf6b5e38f30b456106d53dcf03f2ae666d6f5277f9a4209e8318af36a2ab56fca94637bfcfccfd32192e231507ed9249f4dafea7d10de2c8b539d6416b676a07f0c0b8fceb563d6963b632290c40e06eaf99a1d7b53b67c33b03d79aded27c71750b05ba05908e7be6b96785afcfed13bb3ccc4f0738c6d4b6ec7a66b7f126f2ceec411e9f6d264e3fd6927f215d2e83acdf6b165e6cf62f6c98c962842fe66bcd34df11f86eea5592482d44d9ce5860feb5bfaeeb92dd69021b4bb58d7180927dc3f8ee15ec657529e26b2a15db827d7fa67858ac95c65182a7cbe7a9b70db6ae2fdd9a7d32ead99b2844bb1947b83c7eb547c4169616ce6f96ff004e86fa2c14559c6e7e47ca7d6bcc5ccd670b79ab71106e0fd96e832b7be189aa371aa8125adad9cb7199254571380483b86306be9f1dc3382a3454a3397cecd7e0cf529e51513e653d3d3f3d6c7d1be1cbff00b55aed720b0183839a357b60e872b9ac8f03ab6d70c790c7f9d75b34408e457e7decbdb533e37116a35dd8f947e3b7859ad75e1acc4ac2deed424c138c480707f1007e46bcc4da2452e0b0e7eeb0edf5f7afb2fc6de1db4d6747bab0b84dd1cc98c81ca9ea187b83cd7c81e2cb4bbd17c452e8b7abe5cb6edf7870187623d41eb5ede5f5e5569f24b75f97734f765aa28ca42819624e3393c1f6aaf09562245046061aad32c721193c1c8c62abbc399729f4ebd47a9aee83495825023788a65412548cf4a8048ec98ce5bd57b7b1ad054c230c103391938a5b7d3ae6e21bab8b71fbbb6024909e3033c63dff00faf56a5dc5651dca16f2a79c5265c77e3ae6a5925836aab05c0ce5b3824fbd36ea07688cf1386eb91dea86e93716743cd68a2a5a8f9536745a2e9fa8eaeb24b6f04c208facac36a11dfe63c5655f8025707682383df35f407c28f1ceadaaea52e9afa65b49a77947cc8a3b6511a464e318c63e99e6bc63e2e6887c3be3bd474e552b12c82445feeab738fa7358d17cd3b5ac73431339cda92b13f843c3b2eade1fb8ba8d65fb52b136fb73870a3e65c74e7fa7bd739a94c36e42fd38e457b7f82ed8dbf85ac11bcc597c95621b04af70323b7a5793fc40d87c517c205458c3608450003819c0e839cd5c27cd51dce7a35e539ca37d0e5d6ee65914e793839c56f7990adb01b761c678ef5cf80bb867ae386e9fe4d5d3e570e01042f049e95d15229d8e9737d0f4d92559ec34e9d7043d9c4323a6546d3fcaa3538ac2f06eac977a59b0958096d58b203d4c6c79fc8ff3adce2bc795274db8b3f6be1cc6c31797d36b74acfd513c6fcd5f827080638acb42054ab2115cd529f31ed54a7cc8da177f2f534c370e4f0c7f3acb131f5a952418ae478748e678648d013b03d6a68ee4f626b28c87d69d1ca73803350e82b19ca823685d9db8e4d3184646e91c28aa2090b9638a8fce50ff002f27deb28d0ec62a8762cdc25b4d1b46b6a25078264185adef87de3dbcf09de0d2f560fadf86a51b2e2c6425da053d5a2279e3aede9e9835cc4b70e5764679eec7a0ab1a74515b59c97aeb91f7549eac6bd4c262ea61355b3e9dcf3335c93098fa2e35e3af46b74fba67d137ba5dadc69169abe97a81bdd22e143e9d7fbf32c04f4566fe21db279ec79e4dbd16e4eada7cb63a8c605cc476cca38cfa38f4af1cf813e2b3a5f8857c2bac3799e1cd718c26373816f3b70aea7b063c1f720fad7acddc373a36b22494ef9616f22761d241d55bf15c7e35f1fc5f9251a2a38bc32b426f6fe5976f47f99f97627095f095e781c43bce3ac5f75d1fe8fccb9a76a371a0dfae9da94865b797fe3de73c6e1e87deba2d56ca2beb70518070331c8a7906b3afecadb59d28d9ce014906636eea7b1159be03d52e62b99fc3dab362ee062118ff00101debe1a34feb1073a7a497f5f8f53cea94fdac5d686938eebbaeff00e66bdb492de42d0dc002f20e1fd5c766a62c8cb2ed390e3bd4bac43246e9a95b644b09f9c63a8ef4cbb513da8bd846548cf1d8fa56135ed52a96d7a98c6cd5fa3fc19ab69782d9d6fd431555db2a8feefa9fa75af04fda3fc2834bf1343e2ab5889d37583fbf543958ae71c9fa3a8cfd41f5af68d1af632e52420ab0c1cd56d6344b7f10e81abf82f536fdd49196b497baae728c3dd1ff004c57ea3c0d8f588a32cbaab5addc7c9f55f3dd7cc3078aa99563a18b87d9dd778bd1ff005fe47cc163a2e9daa2882daf3ecb7cc3f771cc7f7737fbadd8fb1aa173677ba5dc9b5bfb520a1e639467f23fe1505c4175637975a56a0863bbb399a0957a6d7538c8f63c11f515d4e89ad5b6b76cba27885f32e36dade9fbca7b2b7b7bd7ab8855a849df54b75d57a1fb9c71337496229be7a6d5fcd2eebf55b99711b0b8b7f2a50cf0f607fd6427d41ee3daab49a7082516739531ca736f38e99f434fd46c26d36fe4b6946248dba8ee3d47b53e0bb5f25ad6e977c0c7f153ea2b2526bde83ba6742ba5cd49dd3d7fe0afeb531e6b692298c4e30ea70455bb1bfd4ac38b69d821eb1b72adf855dd52072ab26e0e40f924fefafbfbd32ceea06411dc4208f5ee2b4759ca17b5cda55155a77946e57bbd5efe4054c30c47b954c135069978c356b396702654b88c90dfef0ad7b9b6511ee4fdf43fa8ac5b8b708c5d0e01391ed5d14719292e552762610a35694a0a36be87d53e19bcb2491d12c6242188c863cf35d24a5244dc8001ed5e41e0cd5df55d2525b59552e248b1f31e16403041fc7f9d74de13f13c9701ad6ed7cbb989bcb9533f75857360f11ca9d3a9d0fc571f955484e4e3bc7746fea1b464362bc47e3c783edf5bb217b6f0a0bfb7e637c7df5fee1fe9e87eb5e8de25d766fed9b7d361898bccacdbb3c0da338fad703e29bcd46f74cd63800dacaa8a0770533fceb0856942ba9c3fae875e0b032714e5d4f9da312953ff002ce55f9594f5ff00f5d10860598a82d8e73d6b63e2169c34cd716540592ea149faf1c8e7fad73d2dd4690028cf93c15ed5f4d15ceaf1ea635138c9a7d092e646421576367be7f315eb1e1cf0edb41e174d3cb798665324ee011b99874ea7a0e2bc560b8f32665765552381d8d7b7781f574d47428f122fda20511baeee4606037d0d3ab171491e4e6129382e5dae79034874ed5a7b29564558672bb64c16001e338ef5ee9a0f847c19a7f82f4fbdf14219aeeec9748d1550229c9fbc0649f635cbc1f0a7c45e2ff1cbae956304568d22c935cbc8a888a7058e33927a9c015f416b7e0cd27549134ef2e2ba8ada340b9dc982abb73f8e4d2ac9cd27039f11895cb18a7aee51d0eefe16e91e18b5b4f0f6b1611b2a29962b89844cc71c96048249f5e6b9df8a1a57c2af880619df5eb28bc4a144282c6f10f9aa071b93e6ce31d462be7ef064126b97926957237c7140d28fdc1948c7a7078f5f4aa5e2cb59fc3de249adf4ebac18b6c91cb1a6c7008047b83f4a719cb9dc1e8da2160ea42afc5aa3d0fc61e26d3bc291b6930299afa2411084ff0001031973fd2bc6deea767967948919d8b339ee4f5a6c82eae67df3ee7773b99d892c49ee4f7cd0d0cb1624d848efc735d30a7182b753be961e34d69b8e761b86d272795c8e82a5541e59565c822aaa7fad5675daa727152dcce8a988c64b5538bd9172a7d0640e6c6f926b525593b7afa8fc45779a25f2df5a0957008e1867907d2b81b704b7984f3d31d2bb7f84be1bd67c45e223169b095b6561f6a94a12889efefe959e2145c6f2e87b39366f532aaaa4b58bdd77ff00826bf23ad3b35d5f8cfc13a8680a268035fd9313b2e201b801e8cbd47f2ae4f61da1c9001e9938af25352d533f61c166543174d4e9cae85fc69ea5bb544c4ae2956523a0a4e2775d49685948cb1cb1c0ab0b2451ae05516690f5cd2a263973584a9df732942fb96da53274e94d660a3af350197f857a558b6b61febae5b6a0e71dcd2e5515a90d282bb2c69f6cd700cb2feeedd392debec2ac4eefaa5c25b423cbb78fd3a28f5a81a596f9d60806c887403a0ab17b711e9f626d2dce6493efb562efccbbf4f238e5cce6bf9ba2ede6cccd4dcc970c2d89558401130ec4743f5cf35f4de8facc7e2df87da378824004f7508b7bac76997239ff00812b7e62be5e4204640ea7935ec7fb36ea2752d13c45e0d2e16643f6cb4ddd39c1fd1c7eb5e97d4966380af827bb578ff896c7c3f1e60fd9c686322be17cadf93ebfd773d2fc33785e37b493efc476e0d51f1d5bcb6f7567e21b7c87808572bdfeb55a3b836da85adefdd170a1641e8c3823fcfa5747aa20bfd2a7b63caca9c7b1ed5f885fead5eef67bfe4cf8c95a86223556cf7f9e8cd2b2bd8afb4f86f233986e93047a1aa5a5ca6caeee34e9803149f773dbd0d739e03bd962171a2dc1c11978c9ec4751fd6b73564322c17a9f794ec7a8a8de1f12e31d9fea72d4c22a356545ecf6fd0a12eeb3d45e03c29395fa56a5cceec20be81775cdb72173f7d4f057f1159faba34f6c9703efa77f6a4d3ae37a019f6ad30d8bab85a90c45176945a7f71ace92ab0527bad19e5dfb457876396e20f1e69499866448b510074ec929f704ed3f87a5791c832a1d6bea9d4d2d7ec7358df42b2e9f781a29d5ba0dc318f653ebea6be6cf18787eefc29e209b47b92d24382f693b0ff5f0f63fef0e8c3d79ef5fb843174737c1c730c3fa497667d7f02e70f0f3796d77a6f06faf75ea5987506d634d48a73bafed570afde58c763ee2a910b22fa1acc8de4b6b959e162aca7208ed57ee2e526717118dbe672ca3f85bbd7972a3caef1d8fd13eafeca5687c2ff02c5a5d7971bdace3319e57d8d569936392bc834c91b7af3512cc57e56e451186b74691a56775d4bd6b75243c03953d41a65e9563b90633d4556f317b531e438ef4d52b4ae38d1b4ae6df8435d9744bf0f96681dbe751d41fef0f7fe75dc78bf534d1ee34ef14452848aee410ca01e2418ca483f0c835e4e5fde8bab89ee6de3b69a691e088931c6cdf2a93d4815aaa1194b999e4e65927d66aaab4da4f67e68f76d5afa1bcfec6d6e060019555fdb3f291fad54bb4b637babc323011c90a484fb82c3fad731a0ce0f80b49467f99af04601ff7b1fc85278c35bd3ec2d3579fce5679c082300fa1258fd064579ff566e6e11eeff347c34f0fec9b8ae8dafb99e61f15e653fd86ea0f982c76363b7cdc7e95c2adbb4ee187de6e8077fad68ebd7f2ea778661b82a284553fc2a3a553b38da37da09ce78afa9a31f674d23e7abcd4eb49adae664b0b6fc052390391839ad5d1af67b27592d2e658675e4143820fa7d2b6f4cf0d5e6aeeaf0c6779e48c75e7bd4fa9782f51d350caf0b63af23b56b2a8a51d4c1ba77b337ffe16cf89ad34ab4b5d22ea4d2ef23044f71081279d91839560719eff00a62b634ff1c7c4b7b38aee4d66e16295432b8b08be6ce707eefb1fcabce344d0df50d5a28e6692052c14b952d815ee5169915959c115d2dd4c16244470b20c850470030c66b86bd45071844f3f15429c3548c6f83de14d4ae6431d958db33ce3995e2cc8071f2e73d2a4f8d1e0f9ad658a196ce10eabb9a7f2f0e7b6335d8fc2af187877c19653c9a8788f46bbba58b30a413165c80481bb1dce01e38a7fc4df1bf84bc71e17b3bbb2f10e9b61ad1893cf80b978d1dbefa96032403dc56ae1497ef1bd56864ab4de2345a773c7bc19e0e3aa5dac6507615de78afe11c7a769315c9001962debdf23247f4ae6f42d634df0cea0cd71e30d166006e22da0b990fd398c55af1ffc6cbad450e996173677b6910096d3471ba10bb5721837fb5b88fad75518c5a6e5b9529569d45ecf63c83c41a79b0d4368c3468c78ec79ac4b940d2078b186ed8c01ed5adac5cdfde4cf71703193ce0f1f85697827c23a878a2f85b4116c887324841c28cf7a72ab1a31739bb2474d7af0c3d2752abb2445e07f09dff893505b68207dbd58e7b77fa0f7feb5f4af84acb56f06f869f4cb3d2e29ecc334f24c8c11c9da3ae7d31c1cd697c2ff000e697e1ed3a5d3a14b70e62c9965c0691874e7d073815bcd6511ff00593c12c7902440d9f949c1fc2be6f1b98cebb8ba5ac19f153e2aaaf14abd249c16967f9faf6174680d84315d6b73db89dbf78912beed991d49eedcd715f10fe1c2ded9cfe20d3592d642c5daddfe50e3fbc3fba7daba1f10cb6fe18be6d52eade19560c186dcbe5769214320f615ca786be2ae8faedaeafa8eb3f6ab64b074305b797f23b3360163f5ed55428d4a89d4a717a6e7e8795711d37516230f55465d53b2f95bb799e617f657567fe8f7b6f2dbcca73b6442b907bf3551b0bc77af53f1cf8f2d21d1aef54beb24d56fa48d552329f25b2e78dd9ee78af1cf0eeaa9ac5e7d8e611c17d2b9f2940c2499fe11fdd3f5e3e95e8d1c3e22a45c9c1a3f46c0f1b60a55a387c44d464fb3babfaf4f99a02520714aa2490e492055cbad26f2d66f2a754865033b24600fe1eb55e486e55b6b0fd4562f73ed215a13578bb8f89d20e4005bd4d3d4cb772e198e3be6a1480fde91801ee69d2cf85f2e3240f515938df613577eeee5e7bb8ed23315bf2fddab3657677dce726913960aa0b31ec07269f3ac76adb2f258e2948e222e03fe23b55428db5239a950f89d9bee319b2302ba8f83bae1f0f7c52d22e59f6c379bace43eedcafea2b949a589577b4b1818e3e6ac6d4b5eb3813f7170df698dd6489907dd7539539fa815ea658e70c44671575d4f9de2caf83a99655a556ac536b4bb5ab47d87aec092cfa85a42147932f9b16d1d980707a7b9157b41b9fb569eaddd783593a65d457d6ba0eb31bf1ac698b2c833d1d406c7fe3cc3f0a9b422d6ba9dc5a138cb1651ed5f91718e03ea999e228ad93e65e8cfc970b5162305192ec9fe8ff129eaa1ac35b17710f9d5d5fea3a115d4472a48aca08292ae47d6b23c4f68658e3987055b06a4d1d9df4782424864ca1cfb1e3f4af9aab6ab4632eab43a2b5aad184faad0b391b4c47a11d2b263636d74467826b4a604af989fc3d6a86a8aa6259c118a547b3ea3a3fcbdcbf298e6b62ad8208ae43c55a458ebf67ff08eeb7b919897d32f872f148074cfafb7f10e3ad749a66e9a22aa19c8e9819cd41ade91f6eb57b6bb89d10f21ba143d981ec4715f49c359e55c9315cdbc25a4a3dd7f9ae844e9536f9652b35aa7d53ee8f9b75dd2b50d07569748d5e1115cc6372b2fdc950f4743dd4fe9d0f3543e64c95e54f515ec3e394b19740934bf1eca6c25b56cd8eb24038241c646724e061940c1f635e18bae694277806a313b2315f300211fdd49ec7debf5baf87a55231c460df3424afe9ea7e85c3dc594eaafaae61351a91da57f765e69f7ee8d349c8e0d23b03c8a6234728051d581e854e45385bcac3e500fe22b8390fba8d4a6d5d356143f1d690c829ff65955434ad1c2bfde91c28fcc9accbed5f47b2cabdeadcc83f86dd4b81f56e9f95744309527aa8b387159c60308af5eb463ead177764d1cd675beb0d7099b1d0af2e98f4da700fe59abd1dbf8f6fe1234af0b8b719ff58f866fd4e3f4ad9612caf3928fab47cb63fc46c8b089daaa93f2ff003d8db8758bdd334681eeae21b3b0b59ccd1c930e4bf38007562324802ae68d2f81fc41a67d92d355fb56a2c870b73949324e48456e3afa64d7283e1378ef589c5c6af756b093d1a7b8de547a00a0e3e9c5765e06f83f63a2dec5a96a37e6fee213ba3454d91ab7afa9c5618d9e5d4a9dd56f797f2eb7f5ff00873f11e2be398662a54f0ef922fa2ddfabede87987893489748d4648a50de5b6761c552b760195bcbdc07565f4cd7b8f8f3c2f16a7632c4eadb80ca381c835e273594fa75d4969740acd1b1ce46323fad5617131c4d3e65b95c399c2c752f6737efc57de8f5ff84faf68105c2417971146c700efe2bbcf8afe20f08ea164d7da55c432da4c998a545c29c0c1fd41af97e77db751b23b0c7200e9d2b7edbc63e24b68e2823f11ea96d6e8a515227c0407dba11ed5dcaa2f67c963d9af847cfed22efe476ff0cbec5aa78ae2b3b3533bcad80aa3231dc9f4afaa974ff0cb22e8ecf6b2dfdac71cb345d5d11c10848f43b5abe53d27c43e31beb785ad3c47abddb44bb9648e0076f1d7217d3bd633f88bc783529ee575fd61eea450923ed21caae7682401c0c9fceb8a96329a9497e672e2e8cea72caf63535af0540f207b692d623b7711e51009c74e0d58f09f83c4da6dedc3dfc101862f33698321b1dbad73df063c3371e2fd5af2dee25b86b6b780310b2b0c12dc743e80d741f1a3c1169a0f80ec354d3d248cadd4b05c6d7639c1f973cd71d6a0f9952e67af91d1461ecab7249ec79a7c40ba9d6fa4d3f3108538631a805f9e9f4f6ae56dd5c3808a431efde9b70c490413c1cf3c8abfa53412152e7907eef722bdda74fd8525147728a4ecb73a4f0769a9abde25bdfdc7d9ad73ba590a9391ed81d6bde3c3d7fe16d1ec63d3f4db88e189140fb872c7d49c735a5f04bc6be2ad7fc392a787742f0ee99a4e928b048d348c9b99572cd900f6e4fd7a9adbf16fc4bf19f85ed62bdd4b45d15ac26c7937b05d4b2c3283d08648cf5f7ad715c3d1c628f3cdaf247e7f9c45e6552d39349745fae9b9911ebba4330235280e3a738a966d674c11161aadbc78e3719801dc73cfd0fe154f4cf8ebe23d52ec5ae9ba3699753104848dae58e3d788aa4b9f8c5e2bb85bbd364d074b491632b3237da7726ee0120c5ee315c3fea453bdd4dfdc8f2e964b4a9c93e67f87f910699ab43711b4b2ea76d24ab691bc59b85ca3ed21b1cfa8e94d9755b1b98a1871a730296ef1c984dc2570c0b7b6d4c9e7a1350f847e2178eafed2fb51d3fc3761730436d2acaf89b0a010e7a46724798781daaa47f133c5969a6dadcae8ba5ba845485b13962eb088978f2f39f9ce3b1391db9e8a7c2decdfb9559d6b2da69deeff000ff234ec341f06ea9a6de8bb82d8ade9ce7cfc96c39c1273ce719ae7ef3e1d780e14b8996efec12b44d144c9700e0b704807db35dce99e3af887a341a66892f8574fb7cc291c06686e80650a0649f23038e6afe97e3cf887abeb32e8f65e17d227bd8725d48b80a8319c9630edc1ec73cf6ae88f0fd7a6d38e225a192cb629de3268f145f0645a7218b4af88cb1c007c905c46b220fc0b63f4a353d375b8e57fb3789bc3126d8d5466d5149c0009c85ee79af599be25f8de3beb9b2b8f0e6916f716d8f363921b80c093c0e611d7b56c689e22f89fae68d26afa6785b4496d50e32639919fd76ab460b63daba5655888abceadfd544f630f8bc7e1e3cb4f1134bd4f9c13c33e229e7569fc57a520ce4b29ce3f00b57bfe11dd7e17c47aef87af13fbd2c2ca7f2515ecd2fc4af1d456ef74da56951471c9e53ffa1dc021bd0feef23d2b42ff00c77f1574bd260d5af340b18ace703639b59ce3d3700995cfb8156f2aa8bed2fb91d91cdb364eeb173ffc08f1a8f40f10dcc611fc57a469719187163664363fdec03fad4a7e19f829a301f5bb89ae98e649646c963f971f9d7afdc7c47f89106b5168ed61a735fcaa0a430dacf2127009190b8c8cf3e94ebbf1ff00c4f835c3a2cd616f0df056711b58cd82aa32486fba471d73ed5954c9ebced6acd7a24bf43cbc67d6f18ef5abce4fd4f145f861e131261bc533aa9fe11c7f3ad8d3fe1f7c3bb5b770d709732ec6c3cacc4eec71edd6bd3fc35e3bf899e2292e4691141702d831988d3260108eab962016ff0067afb5429f10fe2349a7df5fadc5ac7058e7ed0d26933295c7500160491d480381cd675323c4cf478997e1fe4737d4a527ef5593f9997f09fc41a45f782f40d29b56821d47470cb35bcc4a3a8e4630c064608e95d943aae8f73e26b38adf58b26b89adc4a104a3e652032b0f50464e6bce753d63c457fa726bd7ba6d94b6724ac45d9f0ecfb59cf5c90fce4e3af191ea2b2b578b5ad3a4d3d2eecadeda69977dbe349b82d221ff009667121f51f29c119f7af3388382e9e758a78995571938f2ec9ad3a9f4b81cc1e1a92a296893fc7fe09efb70fa75dd9c9b751b7645c6e759010a73c7eb5505de8563a63dcdc6ad0c56acc72c5b1c8e0d794b45e2db4bf8f4a97c3b616d717ea02ab68532e41e720f9985c7524118ef8ad2f0add78f2ef589f47d26cb4dfb6592959c9d15c041d7976939cf51c9ce78af9787856968f13eeff87fe095fda9251b236fc45f12343d0d7cad16c350f105c32139b484bc69e859ba63af1d78f7ae62f3e3078c250174ff0087b6fb15572b72ef927f8b185031e95af6de32f8856af776f0c091b59233dc22e8130f2c0ea4fef3f956be89e31f89dace9536a9a65bdbdc5ac03e77fec8946eff00741972df866bddc2f87595d18ae75cefbb6ff24d2386be32bd495d3b1e5175e2af8cfad2cb0dba0d0a09a4cffa342c194100100e0e064673d793db8aa56be08f1c6a133b6a7e32d6d8b804b24931c9c15fe448fa1af5c87c7bf1126d2e7d490581b58582b93a34a1cfae14c9920120120719156f59f177c4dd205badfe9f6511b9c795b74795c313d06564201f63cd7b51e1da34172d05187a451c356388ab2bba8ff03c587c0f8ae25696f351d5ae9d8e49303b13ef92b5b3a57c13d12241e7586a570c4632d1be3a7b015e9969e38f88d71ab36990d9dabde460978d34497e50bd493e663dbeb5047f10fc75234a8915a968159a61fd833fc817a93f3f14e59262671b7d66497a24724b03526f5a8cf3ab8f8136121cdada6a70e7a94493fa8354e6f803307ca36b0573d0ee1ffb257ab47e39f8837162f7b0c1a7b5ac6c04930d1a62aa4f201f9fdc5413f8dfe2325a7db1c696906fd85ffb1e7c6ee38ea7d45690c8f1297fbc37f246d0c2d78ae58d592f99e6d67f01ecd64125dd9ea92a8fe0c3907f4cd759a67c3cd334d8047078719547736e73f9e335b72f8e3e23c314134ada52473a96858e8d3ed71ea0e79a9a6f19fc4f8b50b7d3d93451717414c31b6917397ddd3e9fd3bd6188e1baf5fe3c4cadf2396ae593abf1d46fe6518fc3688abb7459303a13037f855f4d2350d8163d36e40ec042d515ff008c7e25596b074aba83404bc0c0796348ba6c923b103047b838a4b6f1bfc4fb8fb47d9c685225a826629a45d108075e40ae27c15196b2acdfa9c72c8a0f797e43df46d59ffe619799ec7c96ff000a4fec8d5570bfd9d778ff00ae0dfe152e9de3af89579a4dd6a509f0bcd6768544d23585caf27a000f24fd3351bfc45f1dc1a7417f756fe155b2b862914ed637688ec3a8076d37c1505a2abf818ffabd0beb27f819f79a26aac5b3a7de1cfa40dfe15e71f123c07a9ea5666eacf4bbb7be8f240fb3b6641fdde057adcff11bc6301b747b1f0799275df12986ed4bafae3671d33cf6e7a513f8c3c75a95818e7f0f6862d6ee3721eca49bcd2a07de4c80a79c7f10c8ef9ade870b4b0d2baa9f87fc13b305973c1578d6a5369a7fd2f99f1848ef04cc2752a54e0e473c1ef562d6e1679f10e5c1e9918356bc76f0ddf8c353b9b481a08649dd9632a414e7a60f3d4d67e9a7ecccde647b0e47cfd052a908a5a6a7ea94e7cd152ee7a27847c5baa7875160d32dad9c481a271216cfcc31d8d76775a2f8d2c75097cab7d35dd910be0c831919feb5e7df0ead3fb67c67a5d847f3896e50b7d322beb25302f887545b98d182b2283e9f2f4af0ebc210aba2f53871cd5944f20fd9bee2cb49f09dddfc84acf7170c2423d06005fe67f1ae8fe213697abfc28d62d1a4124df6969a23b872073c8ebebf9578b7c285d7f54b99740d22d4c82ec3bc6649422a151cb6e3c7a71f4ad4f13691e35d2f498adca2b9bd695037da1485da79c9e83af1cf7ad3134ea3a8ada12e9496225ccf7d4f18b9003f238e7383fa52412aae02fca73d6a6d4e06b59e586550b223608c83cfd475aa40e73dc9e87dfd2be862ae8eb73b6a7b07c2ef0ef8d754f04eb973e0ed7a440a9fe9fa643394927880e59463078c8ea09e457d17f05eefc0fae7c3f7f0458437b7da70b7796e64b90c445b8a8c02546d62f9200c8041e4d78b7ec7de32d2bc33adead63accd042d7b1a1b7f36411891b2432066e01c1e012338afa5fc2563a3e9fa224915cdc43a3e951b3949d447c025806c121b1ebed5e8e1aa4dc146f73e3b308c61565756bec725a25be93a5f862fecfc39656f36bb6d2b4573160ae7cb936166208e31c804819615b3a6dbf87a2b1821d66585352112b4cc4b1550edb42ab364953bb03248ce715e57e1782ff00559350f12dbcd6f6d26a7793ceae35fb781c23b9e0a3a920e31d7eb536b7e187d4ad8c17dafc49117577cf8aad46f64e149222c9c76f7e7af35ec28fbdcd293b9c92a8bd9fb2496f7bf5f4f43a0d4efec348f125aa68d7c21d32532ed546651821f70503ef1f9d8719e54e78ad3f096b9a1deea9621e788a5ac8ec4e0603ee20003a67718c8f74af32d6fc0da8ebb71656fa678aac6796072e231e20b796424f70238b25b93c9cf5aaba3782e6f0edfdc8d67c5ba45a5e7fabf27fb7ede35119c1c346f0b03cf3c8ed58a9d1f68e9dfdeded7d6de81ecdf2f35cf78d2b5dbe8358bcfedbbab66b792e0436d124acccefbc9f98313b485da7800e73daad6b7ad58cb673db68f756d2cf0babdcb89555594838627bf6c67231d2bc22e74ad225179e77c48b20d7849b8ff8a9e0f9f23070441c0c0038c7031556dfc3de1b4b26b48bc7961e43204655f13439da390b910676fb67153cb4a31e57265d6a73aeee95bd11f4249aa6813854bdb8b7f3ed8471ce5e40c15dbe5d80939c1c9c0aadaaea57525fe933dade5ad9dbb30778ee24daed18392235ec36f43c7ae4d7834fe1ff000d6a17b671cfe338f51904e9e5dbaf899242cdbbd040327ea7f1aed7e28f84ef358f18b6aad73aa08e2d82d3c8be78d63f900f955607c67d73cd7819ce7146857a786854e56d37769bd1595acadbb7f726766030734f99c6fe4d7f99eb93ea7a4e65b9bb68815ccfb5994b32ae14bfe1b8027e95126a1762ff0053babab8825b1f2565b686350ad1292792c3ef0207a9ce3b57866ada3c5a647a6eadaf6b13e8b3db96822bd9f536b766523a67c92d26475f900f5aa8979e179352fb55bfc4b8a3ba6885b868b5b9d094ec802da818c9e95df9662e18cc346acb46ae9db6bad3f1dce7c7e0e186adc9cdb59fdfd0f7bbed6acad619a0d14dabeb4d6ceb6a64607cb7550c11b9ec0e48fa51e1ff0011baf85eceebc597362f7c90b4f34f0ae218c672bcf6fe11db27b57ced2691e09d0af6fec26f8811e9f72cc56f63fedab952cc7a87ff0045e4f3dfd6a2b8d37e1f5dd92da49f10609aca1c1485f5ab931a1f65fb36077aedbd16f9f9bfc81467ec791474bdef6d7d2fd8fa2b5bbc9e6b3165e1a6d363115ce2f1267009dc46d2170739cf5c73c608ad0bed47489a296ce56471b8c52a87dfb9154bb460ff00174fcb35f3b5b5c78412c56c87c49b39eda34f2d219754b875551d31fe8dc63a8fee9e460d54d9e0b5bb867ff858b65f6884111336ad785a3cf5da7c8f97ea29de8a7f119470b52fcd67f733e8b8355d6a2f12c8186983c22ba789618d3066e001f773b428e98fa54b737da45deb31a8787ccb255f2536e6449a452d8cf55620e33d793debe7bf33c301032fc4ad3d18ee5330d56f048c1b1952e22048e0719c0e696ccf85ac88fb1fc46d2226750859755bd1b8649192107724fe353154ba48e8ab194f571b5925a2b6dd5f9f99eefe1cd76f1b4e13788208adae8dc88512290ba374c83966dac0e71c8240e40aafac6ab35e7852f67f0ccfa6ff006a99b7f9d738f2f1bca9e39ce3ee83838af18d5f4fd32c2d2d3ed7e37d0ec2da6198e35bfbd8ccc067e760abb98f246e3c91c66a840de19b7953fb3fc77e13812352ab1aea37eaa7e5da495036e4f72464d2fdcce3652fb9934294a938cd2bdb5d55d3f5ee8fa0d75a3159886f2e2d85f6c8a3b86b76dc81cf042b1ee79c0e71da98d7dac0d674b3a54b64fa13c189638e7f2de27192718e0000afa77ce6bc123bad395768f1ff0082e74f2cc6a27d5af9f6038fbbb81da781823047ad685a6b1731b2ca3e227830b6300b6b77a72339c118e4640ebe95ab549ed233a945cb7d3f03dbceb50c97d15aac88599de47098f98a900b03df1b89240c679acaf0f6a3e31b6babd8fc4d71a6496ed77b6dbc9b82cca8339c820f23e521b23be6bc92ff00516bbb8134fe3cf03190387565d5ef50a1008f9481c704f4aa57d722e2dbec9278dbc11f66202b44be20b945703fbdf2f279e49e4d43853724f9b636a7251a72a6d2d6dab5aab76ec7be5a6b37571a05cea5a34f6af79222cc66964db11507182c01c607038201edcd26b3ac4ba5da5a5cdf4f6497b731c304f2c07f772c8fc6e5cfa13c679af9ff007a9995e3f19782062459042be23711165c609431153d3d29ada7433ccb25df89fc23761415507c5e00407aeddd09c7e154a10e6e6b99ba7053e6bff5f79f403dd6a96fa9e896fa3c9a5c5a348b20bd49e461312392b1a83827af27be49a89f57b659ff00b1d96308d17da1e12065503ed1f2f60c4e48f623a1af12b9dec817fe12ed095b6aaeff00f84ee32f85390158c395e6a2b3b5b182d8f91e21d3448d2f98658bc776be696008fbe60dd8c1e99c54c14137bb2e569456da2fe9b3de61d52fee35fd474bbd82136b6f089ad0798199f0719232540e4631b4e7a74abb1de8bcbcbf955a39afed435bc081c2f210360b7504ee00e3b0af04896f8411dbdaeba8638b7edf2bc6f659f9f05b9f2c1392075f4a9a0b0d612dde1b2b8b985241b65fb3f8aac3329c9e5c8c163cf24f38a71a71e5e57231a74a31d79afea7adf8375fd65fc3e97de25b6b6b6d422926d9e54a24511a9c021b2d8c918c679ad6d6ae35a92dad23f0f35bc07ed623983b18f271db8f98f5fc0715e1f75a2f897535314e9a8cb099049e52788ac0461bae42838ebcd4527877c652462375d6a60aa4203e21b16f2cfaaf239ed9ea29fb28a8a5cc5e2630ad2724d46fd15d25e87b3de5dda5b6ac34e92586386f8492dc445719d847cc00eedc03fee93548eb5e21bdd575dd2b56f0c88b45b3dab6aef207174bb801f28fbbc1c82318e0735e2ebe0df17c3a80d460d3fc4ed7b8c2ce357b19081df92d563fb07e232cb713ac5e3049ae6311cf28d42c8bc801c8c9f33a8e808c71c539d38b69a7b15071841a6936d75be9e67adeb24585adddcde6cbdb2d3adeeef652a066748b02389bd7249dc3a1da3b66bc0bc43e22d4b58f164fab695aadfdf6b7aadd2595969b14e5639ad588fdd1418280739dd8c9f519af67f85f135be867c2de22d3aee16686484a5e5c40cf710c84ee03cb63c83cf3c93dcf67dbf876e7c21a9e9badea1e27d3adbc35a124872d1e6e2e32a42ab9da0640c631927b935c58b8cd6ff0bdfa0a8ca9eb16b53e6bf8ebe15b8f0af8c921d421b786e2f2d965923824deaae7ef73819e4570eb179908438200c8e78c575bf19bc5d278f3c6526ac5196ce25f2ad636037ec049dcdee4927f4ae3bcd1128c86e9cf3d4d7cc460a09462f45f974fc0fbac2d2953c3421356692373c0dab47e1ef11c37f2a346132371e99c57a45e7c44bbb8d4a6976e4380c4860013ebd6bcc340d42dd27115cdbd94eb21da7ed1b571d00218f0bdf9e7a5777a07c4ed4ac6e7ecf0786b40c5bdbadbaf9d07999553d483ce7be7de94b2bad889fb4a716fefff0023c8cc330c15393a752ac6325df4fd0e5b4c8cc1e1fb69d8e4ca32bb4ed29cfa8e7f0ace86eae61b2beb8927b9981daa11ee1b1f31dd93ea38c60d1457deac0e1de114b915edfa1f97d5ce31eb175a2ab4aca6fed3ef6d3b1c96b83172c180dc9e9c8acf460d28c2e0afeb4515f30b667eb149be48fa22effcb32dd460100d7a9fc33f8b30785fc11aaf84f55d18ea7a7dfb333a2c850b2b285652d9c83c0208cf718a28a5424e32d0cb194a3569b5357b58cbd06ff49f15f88ef34fb2f0ed969905f5ba47648acce6dda3e8c5ce492dcee3dcd6f7c32b8f0de9fe2230ebfe1bb4d4e28582ca0aeee991c0c8ce7de8a2bdacbe729735df53e771d054ea72c76b2fd4fa274ab7f08417ba16a3e19f0fc3a47989205f2e140dc9079c1e7f126bc7ff00690d1acb50d7f43bc526396698e9aede5825c8607cc6208ecf803b628a2bf3a8549438ae493eebe5ca7a697365f16fa2fd59e31afd9c30ea53c5146b1240cd18099e4a9232727bd67ac5e4c8ac84866e783c1cfad1457d0d59373773e8b0497d5e9fa2373c13e1ab8f15f88e0d3e2bb8edda6cb348c09da1464e00ea703dabe94f837a55beb577a8192dd26b78a65823134ae186d400b6178e719fa934515f21c4d566a2e29e8adf8cb5fc8e99b6a8d492dd225f8b1f066cbc51756efa75e45a75e5ac4c8a9e593148339cb1ce41f7c1fd2bcdfe09784d34bf881a81ba5b69ef34eb2b87b66c1644994603e08e71ce28a2bcdcbf1f899e5b5e94a6dc6374bd2ff7fde7e7b98b6b1d465d64f5fb8f20f11dd5fead793df6a9726e6f6e5cbbcec72ce7d4ff009f4acd3034055558619464f209a28afbf8689247dea8a5b12862edb4f38233db3fe78a922f2da67ca918e41eff004a28a97b1b2d773d4be07685e0fd75af13c47a4dd5fce143c7b2e4c5185e072179279f5ae8fc657de08f0ce837f67e0dd02ef4ad565c0178645919067042b36e65ff0080ed3ef4515f2f5a73a998ba7293e556d2eedbf6ea72aa30a8aa4a5ab4df56786dccd3dccff68b995e491cfccecc4b1f727a9a86e5171940547d68a2bea168ec8e88a4da18891a9524120354ebf3c883246338fa514529360a4d96dcb18b693f28ce07a75aaf27ce08c0240fe214515102e514fa1564914ab0280051d8632454fa4f9777205963518e06d14515b4b483338c632b5d6e3ae2d5565dbc127db8a8e48a30db1a28f3ec28a2b38ca5dc15285b645e834f825cfee620c31f305c66a19edad15c816d1e077db45150aacd3dd92f0f4bf957dc1631e9b05dc725d5a0787905473ed9c64679e7a8ad6d36c34485dee2e2cde7192ab1f407df927046723839fd68a2be9327939c24a5ad8f97ce69c29d68f22b5d743dd74af85be07b8f84ef3dce9861d4acc46d35cc0c4b485d1186093c0c39e30067e95e5d2695e18d7f5ad334fd334e9f4cf9fc89cf9bbb78e006edf375cd1457a7049f32f33c6bbb997e307b0d2bc53247e1c866b24d365110679096924563973c9c7b7d2bd07e21fc5bd3fc4ff0ce3d0ac74abad3af9a487edc4306865da0e482496e4a8ea33ee68a2be56ad7a9294d367d751c150f6746a72fbcadafcae78f105d037a704e7ad57b960194a0ea72734515c30f8ac7ad27ee9b5a1787ef755d11f5384da2c6b3797b1dd81040c8e8391cfad457905ebeab70856dc90ec49123afa0fe94515dd86c556a5cd1849a47938bc9f058bfdf56a69caf6bea7fffd9);

-- --------------------------------------------------------

--
-- Table structure for table `inpatient`
--

CREATE TABLE `inpatient` (
  `inpatient_id` int(11) NOT NULL,
  `date_admission` date NOT NULL,
  `date_discharge` date NOT NULL,
  `p_id` int(11) NOT NULL,
  `room_id` int(11) NOT NULL,
  `nurse_id` int(11) NOT NULL
) ENGINE=InnoDB DEFAULT CHARSET=latin1;

--
-- Dumping data for table `inpatient`
--

INSERT INTO `inpatient` (`inpatient_id`, `date_admission`, `date_discharge`, `p_id`, `room_id`, `nurse_id`) VALUES
(1, '2015-07-15', '2015-09-26', 1, 100, 8),
(4, '2015-11-03', '0000-00-00', 4, 101, 8),
(5, '2015-09-15', '0000-00-00', 1, 100, 8),
(6, '2015-10-08', '0000-00-00', 2, 101, 9),
(7, '2015-09-15', '0000-00-00', 3, 102, 9),
(8, '2015-11-24', '0000-00-00', 4, 102, 0),
(9, '2015-11-24', '0000-00-00', 6, 102, 10);

-- --------------------------------------------------------

--
-- Table structure for table `lab_report`
--

CREATE TABLE `lab_report` (
  `lab_report_id` int(11) NOT NULL,
  `date` date NOT NULL,
  `results` varchar(255) NOT NULL,
  `d_id` int(11) NOT NULL,
  `p_id` int(11) NOT NULL,
  `t_id` int(11) NOT NULL,
  `test_id` int(11) NOT NULL
) ENGINE=InnoDB DEFAULT CHARSET=latin1;

--
-- Dumping data for table `lab_report`
--

INSERT INTO `lab_report` (`lab_report_id`, `date`, `results`, `d_id`, `p_id`, `t_id`, `test_id`) VALUES
(1, '2015-10-17', '126 mg/dL', 1, 1, 2, 1),
(2, '2015-10-07', 'Positive', 1, 1, 1, 2),
(3, '2015-10-07', 'Positive', 2, 2, 1, 2);

-- --------------------------------------------------------

--
-- Table structure for table `lab_test`
--

CREATE TABLE `lab_test` (
  `test_id` int(11) NOT NULL,
  `test_name` varchar(255) NOT NULL,
  `description` varchar(255) NOT NULL,
  `test_amount` int(11) NOT NULL DEFAULT '0'
) ENGINE=InnoDB DEFAULT CHARSET=latin1;

--
-- Dumping data for table `lab_test`
--

INSERT INTO `lab_test` (`test_id`, `test_name`, `description`, `test_amount`) VALUES
(1, 'Eye', '', 200),
(2, 'Full Check up', 'Full Check up', 300),
(3, 'Dental', 'Dental', 300),
(4, 'Ear', 'Ear', 400),
(5, 'Blood test', 'Pregnancy', 500);

-- --------------------------------------------------------

--
-- Table structure for table `patient`
--

CREATE TABLE `patient` (
  `p_id` int(11) NOT NULL,
  `p_name` varchar(45) NOT NULL,
  `p_gender` char(1) NOT NULL,
  `p_dob` date NOT NULL,
  `p_weight` float NOT NULL,
  `p_address` varchar(255) NOT NULL,
  `emailid` varchar(200) NOT NULL,
  `password` varchar(200) NOT NULL,
  `profilepic` blob NOT NULL
) ENGINE=InnoDB DEFAULT CHARSET=latin1;

--
-- Dumping data for table `patient`
--

INSERT INTO `patient` (`p_id`, `p_name`, `p_gender`, `p_dob`, `p_weight`, `p_address`, `emailid`, `password`, `profilepic`) VALUES
(0, 'p_name', 'F', '2005-03-09', 28, 'p_address', 'p_name', '2005-03-09', ''),
(1, 'James Smith', 'M', '1990-03-22', 65, 'San Jose, CA', 'James Smith', '1990-03-22', ''),
(2, 'Harry Loy', 'M', '1992-05-21', 60, 'San Jose, CA', 'Harry Loy', '1992-05-21', ''),
(3, 'Rose', 'F', '1960-06-18', 70, '0 Bay Drive', 'Rose', '1960-06-18', ''),
(4, 'Daniel', 'M', '1987-06-13', 65, '5414 Mandrake Place', 'Daniel', '1987-06-13', ''),
(5, 'Steven', 'F', '2013-01-19', 2, '98 Mayer Hill', 'Steven', '2013-01-19', ''),
(6, 'Jeremy', 'F', '1960-06-18', 70, '0 Loftsgordon Court', 'Jeremy', '1960-06-18', ''),
(7, 'Martha', 'M', '2005-03-09', 28, '73 Anderson Circle', 'Martha', '2005-03-09', ''),
(8, 'Jessica', 'M', '1987-06-13', 65, '45 Toban Lane', 'Jessica', '1987-06-13', ''),
(9, 'Mildred', 'F', '1960-06-18', 70, '903 6th Crossing', 'Mildred', '1960-06-18', ''),
(10, 'Ryan', 'F', '2013-01-19', 2, '7 Melody Road', 'Ryan', '2013-01-19', ''),
(11, 'Anna', 'F', '2000-09-21', 38, '8281 Kenwood Parkway', 'Anna', '2000-09-21', ''),
(12, 'Anne', 'F', '1960-06-18', 70, '50731 Hintze Lane', 'Anne', '1960-06-18', ''),
(13, 'Karen', 'F', '2000-09-21', 38, '05041 Jenifer Drive', 'Karen', '2000-09-21', ''),
(14, 'Laura', 'F', '2005-03-09', 28, '3300 Stone Corner Avenue', 'Laura', '2005-03-09', ''),
(15, 'Brian', 'F', '2013-01-19', 2, '78 Manley Crossing', 'Brian', '2013-01-19', ''),
(16, 'Joe', 'F', '1987-06-13', 65, '50442 Anhalt Trail', 'Joe', '1987-06-13', ''),
(17, 'Gary', 'F', '2000-09-21', 38, '249 Waxwing Parkway', 'Gary', '2000-09-21', ''),
(18, 'Ronald', 'F', '1960-06-18', 70, '710 Menomonie Alley', 'Ronald', '1960-06-18', ''),
(19, 'Annie', 'F', '2000-09-21', 38, '8 Stephen Place', 'Annie', '2000-09-21', ''),
(20, 'Todd', 'F', '2013-01-19', 2, '3 Laurel Hill', 'Todd', '2013-01-19', ''),
(21, 'Carolyn', 'F', '2005-03-09', 28, '1 Fairview Center', 'Carolyn', '2005-03-09', ''),
(22, 'Marilyn', 'M', '1994-01-19', 60, '7014 Algoma Court', 'Marilyn', '1994-01-19', ''),
(23, 'Richard', 'M', '2000-09-21', 38, '282 Butternut Hill', 'Richard', '2000-09-21', ''),
(24, 'Tammy', 'F', '1960-06-18', 70, '327 Elmside Hill', 'Tammy', '1960-06-18', ''),
(25, 'Janice', 'F', '2013-01-19', 2, '63 Burrows Junction', 'Janice', '2013-01-19', ''),
(26, 'Joshua', 'M', '1994-01-19', 60, '2878 Twin Pines Center', 'Joshua', '1994-01-19', ''),
(27, 'Todd', 'F', '1960-06-18', 70, '198 Sunbrook Circle', 'Todd', '1960-06-18', ''),
(28, 'Heather', 'M', '2005-03-09', 28, '5477 Bunting Terrace', 'Heather', '2005-03-09', ''),
(29, 'Andrew', 'M', '2000-09-21', 38, '05 Chive Point', 'Andrew', '2000-09-21', ''),
(30, 'Matthew', 'F', '2013-01-19', 2, '6446 Express Street', 'Matthew', '2013-01-19', ''),
(31, 'Raymond', 'M', '2000-09-21', 38, '1321 Pine View Terrace', 'Raymond', '2000-09-21', ''),
(32, 'Elizabeth', 'M', '1987-06-13', 65, '2050 Sycamore Alley', 'Elizabeth', '1987-06-13', ''),
(33, 'Alan', 'F', '1960-06-18', 70, '82443 Cordelia Court', 'Alan', '1960-06-18', ''),
(34, 'Earl', 'M', '1994-01-19', 60, '125 Dixon Lane', 'Earl', '1994-01-19', ''),
(35, 'Doris', 'F', '2005-03-09', 28, '4 Graedel Junction', 'Doris', '2005-03-09', ''),
(36, 'Louis', 'F', '1960-06-18', 70, '140 8th Crossing', 'Louis', '1960-06-18', ''),
(37, 'James', 'M', '2000-09-21', 38, '90 Tennessee Hill', 'James', '2000-09-21', ''),
(38, 'Russell', 'M', '1994-01-19', 60, '862 Eggendart Trail', 'Russell', '1994-01-19', ''),
(39, 'Paul', 'F', '1960-06-18', 70, '3 Sage Park', 'Paul', '1960-06-18', ''),
(40, 'Helen', 'F', '2013-01-19', 2, '39466 South Drive', 'Helen', '2013-01-19', ''),
(41, 'Paula', 'F', '2000-09-21', 38, '6128 Dawn Street', 'Paula', '2000-09-21', ''),
(42, 'Bobby', 'F', '2005-03-09', 28, '590 Prairieview Trail', 'Bobby', '2005-03-09', ''),
(43, 'Nicholas', 'F', '2000-09-21', 38, '135 Spaight Junction', 'Nicholas', '2000-09-21', ''),
(44, 'Paula', 'F', '1987-06-13', 65, '8598 Columbus Avenue', 'Paula', '1987-06-13', ''),
(45, 'Dennis', 'F', '2013-01-19', 2, '54 Anderson Plaza', 'Dennis', '2013-01-19', ''),
(46, 'Alice', 'F', '1994-01-19', 60, '3 Burning Wood Junction', 'Alice', '1994-01-19', ''),
(47, 'Howard', 'F', '2000-09-21', 38, '6279 Tomscot Lane', 'Howard', '2000-09-21', ''),
(48, 'Scott', 'F', '1960-06-18', 70, '49 Pine View Drive', 'Scott', '1960-06-18', ''),
(49, 'Bobby', 'F', '2005-03-09', 28, '11725 Spaight Terrace', 'Bobby', '2005-03-09', ''),
(50, 'Jennifer', 'F', '2013-01-19', 2, '08 Schlimgen Park', 'Jennifer', '2013-01-19', ''),
(51, 'Gregory', 'F', '1960-06-18', 70, '6496 Nobel Center', 'Gregory', '1960-06-18', ''),
(52, 'Matthew', 'M', '1987-06-13', 65, '27 Susan Crossing', 'Matthew', '1987-06-13', ''),
(53, 'Rachel', 'M', '2000-09-21', 38, '5 Derek Terrace', 'Rachel', '2000-09-21', ''),
(54, 'Justin', 'F', '1960-06-18', 70, '832 Clyde Gallagher Park', 'Justin', '1960-06-18', ''),
(55, 'Katherine', 'F', '2013-01-19', 2, '15470 Claremont Court', 'Katherine', '2013-01-19', ''),
(56, 'Christina', 'M', '2005-03-09', 28, '59 Crowley Avenue', 'Christina', '2005-03-09', ''),
(57, 'Jonathan', 'F', '1960-06-18', 70, '18 Browning Parkway', 'Jonathan', '1960-06-18', ''),
(58, 'Katherine', 'M', '1994-01-19', 60, '91 New Castle Trail', 'Katherine', '1994-01-19', ''),
(59, 'Arthur', 'M', '2000-09-21', 38, '70 Dawn Place', 'Arthur', '2000-09-21', ''),
(60, 'Jean', 'F', '2013-01-19', 2, '8926 Lillian Plaza', 'Jean', '2013-01-19', ''),
(61, 'Dorothy', 'M', '2000-09-21', 38, '37 Manufacturers Terrace', 'Dorothy', '2000-09-21', ''),
(62, 'Shawn', 'M', '1994-01-19', 60, '442 Kensington Center', 'Shawn', '1994-01-19', ''),
(63, 'Jessica', 'F', '2005-03-09', 28, '39 Waubesa Road', 'Jessica', '2005-03-09', ''),
(64, 'Amanda', 'M', '1987-06-13', 65, '78 Alpine Road', 'Amanda', '1987-06-13', ''),
(65, 'Harry', 'F', '2013-01-19', 2, '18172 Mayfield Junction', 'Harry', '2013-01-19', ''),
(66, 'Shawn', 'F', '1960-06-18', 70, '4 Sutherland Hill', 'Shawn', '1960-06-18', ''),
(67, 'Anne', 'M', '2000-09-21', 38, '80 Iowa Crossing', 'Anne', '2000-09-21', ''),
(68, 'Judith', 'M', '1987-06-13', 65, '9 Bluejay Hill', 'Judith', '1987-06-13', ''),
(69, 'Evelyn', 'F', '1960-06-18', 70, '3 Randy Avenue', 'Evelyn', '1960-06-18', ''),
(70, 'Paula', 'F', '2005-03-09', 28, '70 Columbus Junction', 'Paula', '2005-03-09', ''),
(71, 'Brenda', 'M', '2000-09-21', 38, '1 Fremont Drive', 'Brenda', '2000-09-21', ''),
(72, 'Gary', 'F', '1960-06-18', 70, '09719 Forest Run Court', 'Gary', '1960-06-18', ''),
(73, 'Tammy', 'M', '2000-09-21', 38, '644 Huxley Hill', 'Tammy', '2000-09-21', ''),
(74, 'Margaret', 'M', '1994-01-19', 60, '8 Blue Bill Park Drive', 'Margaret', '1994-01-19', ''),
(75, 'Richard', 'F', '2013-01-19', 2, '00 Drewry Lane', 'Richard', '2013-01-19', ''),
(76, 'Juan', 'M', '1987-06-13', 65, '9 Duke Crossing', 'Juan', '1987-06-13', ''),
(77, 'Phillip', 'M', '2005-03-09', 28, '2961 Rigney Plaza', 'Phillip', '2005-03-09', ''),
(78, 'Diane', 'F', '1960-06-18', 70, '72701 Arrowood Lane', 'Diane', '1960-06-18', ''),
(79, 'Rachel', 'M', '2000-09-21', 38, '64471 Pepper Wood Park', 'Rachel', '2000-09-21', ''),
(80, 'Bonnie', 'F', '2013-01-19', 2, '312 Jenna Avenue', 'Bonnie', '2013-01-19', ''),
(81, 'Scott', 'F', '1960-06-18', 70, '0 Ilene Circle', 'Scott', '1960-06-18', ''),
(82, 'Rachel', 'M', '1994-01-19', 60, '3 Mcguire Place', 'Rachel', '1994-01-19', ''),
(83, 'Brenda', 'M', '2000-09-21', 38, '13 Ridge Oak Hill', 'Brenda', '2000-09-21', ''),
(84, 'Nancy', 'F', '2005-03-09', 28, '128 8th Trail', 'Nancy', '2005-03-09', ''),
(85, 'Willie', 'F', '2013-01-19', 2, '5 Sunnyside Way', 'Willie', '2013-01-19', ''),
(86, 'Adam', 'M', '1994-01-19', 60, '25 Northland Junction', 'Adam', '1994-01-19', ''),
(87, 'Justin', 'F', '1960-06-18', 70, '42111 Charing Cross Park', 'Justin', '1960-06-18', ''),
(88, 'Stephen', 'M', '1987-06-13', 65, '232 Duke Trail', 'Stephen', '1987-06-13', ''),
(89, 'Benjamin', 'M', '2000-09-21', 38, '316 Huxley Trail', 'Benjamin', '2000-09-21', ''),
(90, 'Diana', 'F', '2013-01-19', 2, '31 Eliot Drive', 'Diana', '2013-01-19', ''),
(91, 'Jose', 'M', '2005-03-09', 28, '0 Scott Center', 'Jose', '2005-03-09', ''),
(92, 'Wanda', 'M', '1987-06-13', 65, '2766 Stephen Junction', 'Wanda', '1987-06-13', ''),
(93, 'Benjamin', 'F', '1960-06-18', 70, '2 Thierer Way', 'Benjamin', '1960-06-18', ''),
(94, 'Louis', 'M', '1994-01-19', 60, '45307 Sugar Parkway', 'Louis', '1994-01-19', ''),
(95, 'Virginia', 'F', '2013-01-19', 2, '61 Northview Point', 'Virginia', '2013-01-19', ''),
(96, 'Judith', 'F', '1960-06-18', 70, '56039 Union Way', 'Judith', '1960-06-18', ''),
(97, 'Gerald', 'M', '2000-09-21', 38, '3990 Continental Junction', 'Gerald', '2000-09-21', ''),
(98, 'Cynthia', 'M', '2005-03-09', 28, '10780 Northview Drive', 'Cynthia', '2005-03-09', ''),
(99, 'Fred', 'F', '1960-06-18', 70, '40 Elgar Circle', 'Fred', '1960-06-18', ''),
(100, 'Lawrence', 'F', '2013-01-19', 2, '115 Arkansas Way', 'Lawrence', '2013-01-19', '');

-- --------------------------------------------------------

--
-- Table structure for table `patient_history`
--

CREATE TABLE `patient_history` (
  `p_id` int(11) NOT NULL,
  `message` varchar(500) NOT NULL,
  `prescription` varchar(500) NOT NULL,
  `pat_his_id` int(11) NOT NULL
) ENGINE=InnoDB DEFAULT CHARSET=latin1;

-- --------------------------------------------------------

--
-- Table structure for table `patient_phone`
--

CREATE TABLE `patient_phone` (
  `p_phone` varchar(16) NOT NULL,
  `p_id` int(11) NOT NULL
) ENGINE=InnoDB DEFAULT CHARSET=latin1;

--
-- Dumping data for table `patient_phone`
--

INSERT INTO `patient_phone` (`p_phone`, `p_id`) VALUES
('6698002130', 1),
('6698009150', 2),
('6698002130', 1),
('6698009150', 2),
('4082245690', 1);

-- --------------------------------------------------------

--
-- Table structure for table `receptionist`
--

CREATE TABLE `receptionist` (
  `Id` int(11) NOT NULL,
  `message` varchar(500) NOT NULL
) ENGINE=InnoDB DEFAULT CHARSET=latin1;

--
-- Dumping data for table `receptionist`
--

INSERT INTO `receptionist` (`Id`, `message`) VALUES
(3, ''),
(4, ''),
(5, ''),
(6, ''),
(7, '');

-- --------------------------------------------------------

--
-- Table structure for table `room`
--

CREATE TABLE `room` (
  `room_id` int(11) NOT NULL,
  `type` varchar(255) NOT NULL,
  `status` varchar(255) NOT NULL,
  `room_fees` varchar(255) NOT NULL
) ENGINE=InnoDB DEFAULT CHARSET=latin1;

--
-- Dumping data for table `room`
--

INSERT INTO `room` (`room_id`, `type`, `status`, `room_fees`) VALUES
(100, 'vip', 'full', '200'),
(101, 'General', 'full', '500'),
(102, 'general', 'full', '600'),
(103, 'General', 'empty', '500'),
(104, 'general', 'empty', '600');

--
-- Indexes for dumped tables
--

--
-- Indexes for table `appointment`
--
ALTER TABLE `appointment`
  ADD PRIMARY KEY (`appt_id`),
  ADD KEY `fk_appointment_1_idx` (`r_id`),
  ADD KEY `fk_appointment_2_idx` (`d_id`),
  ADD KEY `fk_appointment_3_idx` (`p_id`);

--
-- Indexes for table `bill`
--
ALTER TABLE `bill`
  ADD PRIMARY KEY (`bill_id`),
  ADD KEY `fk_bill_1_idx` (`r_id`),
  ADD KEY `p_id` (`p_id`);

--
-- Indexes for table `checkup_details`
--
ALTER TABLE `checkup_details`
  ADD PRIMARY KEY (`checkup_id`),
  ADD KEY `fk_checkup_details_1_idx` (`d_id`),
  ADD KEY `fk_checkup_details_2_idx` (`p_id`);

--
-- Indexes for table `department`
--
ALTER TABLE `department`
  ADD PRIMARY KEY (`dept_id`);

--
-- Indexes for table `doctor`
--
ALTER TABLE `doctor`
  ADD PRIMARY KEY (`d_id`),
  ADD KEY `fk_doctor_1_idx` (`dept_id`);

--
-- Indexes for table `employee`
--
ALTER TABLE `employee`
  ADD PRIMARY KEY (`EID`);

--
-- Indexes for table `emp_phone`
--
ALTER TABLE `emp_phone`
  ADD PRIMARY KEY (`e_id`,`phone_no`);

--
-- Indexes for table `fees`
--
ALTER TABLE `fees`
  ADD PRIMARY KEY (`Record_id`);

--
-- Indexes for table `files`
--
ALTER TABLE `files`
  ADD PRIMARY KEY (`id`);

--
-- Indexes for table `inpatient`
--
ALTER TABLE `inpatient`
  ADD PRIMARY KEY (`inpatient_id`),
  ADD KEY `fk_inPatient_1_idx` (`p_id`),
  ADD KEY `room_id` (`room_id`),
  ADD KEY `nurse_id` (`nurse_id`);

--
-- Indexes for table `lab_report`
--
ALTER TABLE `lab_report`
  ADD PRIMARY KEY (`lab_report_id`),
  ADD KEY `fk_lab_report_1_idx` (`d_id`),
  ADD KEY `fk_lab_report_2_idx` (`p_id`),
  ADD KEY `fk_lab_report_3_idx` (`t_id`),
  ADD KEY `test_id` (`test_id`);

--
-- Indexes for table `lab_test`
--
ALTER TABLE `lab_test`
  ADD PRIMARY KEY (`test_id`);

--
-- Indexes for table `patient`
--
ALTER TABLE `patient`
  ADD PRIMARY KEY (`p_id`);

--
-- Indexes for table `patient_history`
--
ALTER TABLE `patient_history`
  ADD PRIMARY KEY (`p_id`,`pat_his_id`);

--
-- Indexes for table `patient_phone`
--
ALTER TABLE `patient_phone`
  ADD KEY `fk_patient_phone_1_idx` (`p_id`);

--
-- Indexes for table `receptionist`
--
ALTER TABLE `receptionist`
  ADD PRIMARY KEY (`Id`);

--
-- Indexes for table `room`
--
ALTER TABLE `room`
  ADD PRIMARY KEY (`room_id`);

--
-- AUTO_INCREMENT for dumped tables
--

--
-- AUTO_INCREMENT for table `appointment`
--
ALTER TABLE `appointment`
  MODIFY `appt_id` int(11) NOT NULL AUTO_INCREMENT, AUTO_INCREMENT=103;
--
-- AUTO_INCREMENT for table `fees`
--
ALTER TABLE `fees`
  MODIFY `Record_id` int(11) NOT NULL AUTO_INCREMENT, AUTO_INCREMENT=2;
--
-- AUTO_INCREMENT for table `files`
--
ALTER TABLE `files`
  MODIFY `id` int(11) NOT NULL AUTO_INCREMENT, AUTO_INCREMENT=5;
--
-- AUTO_INCREMENT for table `inpatient`
--
ALTER TABLE `inpatient`
  MODIFY `inpatient_id` int(11) NOT NULL AUTO_INCREMENT, AUTO_INCREMENT=10;
--
-- Constraints for dumped tables
--

--
-- Constraints for table `appointment`
--
ALTER TABLE `appointment`
  ADD CONSTRAINT `fk_appointment_1` FOREIGN KEY (`r_id`) REFERENCES `employee` (`EID`) ON DELETE NO ACTION ON UPDATE NO ACTION,
  ADD CONSTRAINT `fk_appointment_2` FOREIGN KEY (`d_id`) REFERENCES `doctor` (`d_id`) ON DELETE NO ACTION ON UPDATE NO ACTION,
  ADD CONSTRAINT `fk_appointment_3` FOREIGN KEY (`p_id`) REFERENCES `patient` (`p_id`) ON DELETE NO ACTION ON UPDATE NO ACTION;

--
-- Constraints for table `bill`
--
ALTER TABLE `bill`
  ADD CONSTRAINT `fk_bill_1` FOREIGN KEY (`r_id`) REFERENCES `employee` (`EID`) ON DELETE NO ACTION ON UPDATE NO ACTION;

--
-- Constraints for table `checkup_details`
--
ALTER TABLE `checkup_details`
  ADD CONSTRAINT `fk_checkup_details_1` FOREIGN KEY (`d_id`) REFERENCES `doctor` (`d_id`) ON DELETE NO ACTION ON UPDATE NO ACTION,
  ADD CONSTRAINT `fk_checkup_details_2` FOREIGN KEY (`p_id`) REFERENCES `patient` (`p_id`) ON DELETE NO ACTION ON UPDATE NO ACTION;

--
-- Constraints for table `doctor`
--
ALTER TABLE `doctor`
  ADD CONSTRAINT `fk_doctor_1` FOREIGN KEY (`dept_id`) REFERENCES `department` (`dept_id`) ON DELETE NO ACTION ON UPDATE NO ACTION;

--
-- Constraints for table `emp_phone`
--
ALTER TABLE `emp_phone`
  ADD CONSTRAINT `emp_phone` FOREIGN KEY (`e_id`) REFERENCES `employee` (`EID`) ON DELETE CASCADE ON UPDATE CASCADE;

--
-- Constraints for table `inpatient`
--
ALTER TABLE `inpatient`
  ADD CONSTRAINT `fk_inPatient_1` FOREIGN KEY (`p_id`) REFERENCES `patient` (`p_id`) ON DELETE NO ACTION ON UPDATE NO ACTION,
  ADD CONSTRAINT `inPatient_ibfk_1` FOREIGN KEY (`room_id`) REFERENCES `room` (`room_id`),
  ADD CONSTRAINT `inPatient_ibfk_2` FOREIGN KEY (`nurse_id`) REFERENCES `employee` (`EID`);

--
-- Constraints for table `lab_report`
--
ALTER TABLE `lab_report`
  ADD CONSTRAINT `fk_lab_report_1` FOREIGN KEY (`d_id`) REFERENCES `doctor` (`d_id`) ON DELETE NO ACTION ON UPDATE NO ACTION,
  ADD CONSTRAINT `fk_lab_report_2` FOREIGN KEY (`p_id`) REFERENCES `patient` (`p_id`) ON DELETE NO ACTION ON UPDATE NO ACTION,
  ADD CONSTRAINT `fk_lab_report_3` FOREIGN KEY (`t_id`) REFERENCES `employee` (`EID`) ON DELETE NO ACTION ON UPDATE NO ACTION,
  ADD CONSTRAINT `lab_report_ibfk_1` FOREIGN KEY (`test_id`) REFERENCES `lab_test` (`test_id`);

--
-- Constraints for table `patient_history`
--
ALTER TABLE `patient_history`
  ADD CONSTRAINT `patient_history_ibfk_1` FOREIGN KEY (`p_id`) REFERENCES `patient` (`p_id`);

--
-- Constraints for table `patient_phone`
--
ALTER TABLE `patient_phone`
  ADD CONSTRAINT `fk_patient_phone_1` FOREIGN KEY (`p_id`) REFERENCES `patient` (`p_id`) ON DELETE NO ACTION ON UPDATE NO ACTION;

--
-- Constraints for table `receptionist`
--
ALTER TABLE `receptionist`
  ADD CONSTRAINT `primarykey` FOREIGN KEY (`Id`) REFERENCES `employee` (`EID`);

/*!40101 SET CHARACTER_SET_CLIENT=@OLD_CHARACTER_SET_CLIENT */;
/*!40101 SET CHARACTER_SET_RESULTS=@OLD_CHARACTER_SET_RESULTS */;
/*!40101 SET COLLATION_CONNECTION=@OLD_COLLATION_CONNECTION */;
